account_id,account_size,past_purchases,industry,got_sales_call,purchased_90d
5001,small,2,tech,0,0
5002,small,3,tech,0,0
5003,mid,4,manufacturing,0,0
5004,small,0,retail,0,0
5005,small,4,retail,1,1
5006,large,1,tech,1,0
5007,small,4,manufacturing,0,1
5008,small,1,services,0,0
5009,large,3,tech,1,1
5010,mid,4,tech,1,0
5011,small,2,retail,1,0
5012,mid,1,manufacturing,1,0
5013,mid,1,tech,0,0
5014,small,2,tech,0,0
5015,small,2,manufacturing,0,0
5016,mid,4,retail,0,0
5017,mid,2,retail,1,1
5018,mid,2,tech,1,0
5019,mid,2,manufacturing,1,0
5020,mid,1,retail,1,0
5021,large,1,tech,0,0
5022,small,1,manufacturing,0,0
5023,mid,0,retail,0,1
5024,small,3,retail,0,0
5025,small,1,services,1,0
5026,mid,2,manufacturing,0,0
5027,small,1,services,0,1
5028,mid,3,tech,1,0
5029,large,2,tech,0,0
5030,small,1,retail,0,0
5031,small,2,tech,1,0
5032,small,1,retail,0,0
5033,small,3,tech,1,0
5034,large,1,retail,1,1
5035,small,1,retail,1,1
5036,small,2,services,1,1
5037,mid,3,retail,1,0
5038,small,3,tech,0,0
5039,large,5,services,1,0
5040,small,1,manufacturing,0,1
5041,small,0,manufacturing,1,0
5042,small,1,tech,0,0
5043,small,2,tech,0,0
5044,small,2,manufacturing,0,0
5045,large,4,retail,0,1
5046,mid,2,services,0,1
5047,small,3,services,0,0
5048,small,0,services,1,0
5049,small,4,services,0,0
5050,large,3,retail,1,0
5051,small,2,tech,1,0
5052,mid,5,tech,1,0
5053,small,5,tech,1,1
5054,small,4,tech,1,0
5055,mid,3,manufacturing,1,1
5056,mid,4,manufacturing,1,0
5057,small,3,tech,0,0
5058,small,3,retail,0,0
5059,small,3,manufacturing,0,0
5060,small,2,services,0,0
5061,small,1,manufacturing,1,0
5062,mid,2,services,0,0
5063,small,1,services,1,1
5064,small,3,tech,1,1
5065,mid,5,retail,0,0
5066,small,1,tech,1,0
5067,small,0,retail,0,0
5068,mid,2,manufacturing,0,0
5069,large,0,manufacturing,0,0
5070,small,1,tech,0,0
5071,mid,1,retail,0,0
5072,small,1,tech,0,0
5073,small,2,tech,0,0
5074,small,0,services,0,0
5075,small,1,tech,1,0
5076,mid,1,manufacturing,0,0
5077,small,2,retail,1,1
5078,large,4,manufacturing,1,0
5079,small,2,manufacturing,0,0
5080,small,2,retail,1,0
5081,small,0,services,0,0
5082,large,2,services,0,0
5083,large,1,retail,1,0
5084,small,1,manufacturing,0,1
5085,small,4,tech,1,0
5086,small,0,tech,1,1
5087,mid,1,services,0,0
5088,small,1,services,0,0
5089,small,0,services,1,0
5090,small,0,services,0,0
5091,small,1,manufacturing,0,0
5092,mid,2,services,1,1
5093,mid,0,retail,0,0
5094,mid,2,tech,1,0
5095,mid,3,retail,0,0
5096,mid,1,manufacturing,0,0
5097,mid,3,services,1,1
5098,large,2,services,0,0
5099,small,1,tech,1,0
5100,mid,1,tech,0,0
5101,small,0,services,0,0
5102,small,0,tech,0,0
5103,mid,1,tech,0,1
5104,large,1,manufacturing,1,1
5105,mid,0,retail,0,0
5106,small,5,services,0,0
5107,small,0,manufacturing,0,0
5108,small,6,services,0,0
5109,large,4,tech,1,1
5110,small,1,retail,0,0
5111,small,2,retail,1,1
5112,small,1,manufacturing,0,0
5113,small,3,tech,0,0
5114,large,2,manufacturing,1,0
5115,mid,1,retail,0,0
5116,small,2,services,1,0
5117,small,2,manufacturing,1,0
5118,small,3,tech,1,0
5119,mid,0,manufacturing,1,1
5120,small,3,manufacturing,0,0
5121,small,2,services,0,0
5122,small,2,services,0,0
5123,mid,3,tech,1,1
5124,mid,2,tech,1,0
5125,small,1,manufacturing,0,0
5126,mid,2,services,1,0
5127,small,1,services,1,1
5128,small,0,services,1,0
5129,small,0,tech,0,0
5130,small,0,tech,0,0
5131,large,2,retail,0,0
5132,small,5,retail,1,1
5133,small,4,manufacturing,0,0
5134,mid,3,manufacturing,0,0
5135,large,3,manufacturing,0,0
5136,large,2,tech,1,1
5137,mid,4,retail,0,0
5138,small,6,tech,0,0
5139,mid,2,services,0,0
5140,mid,2,retail,0,0
5141,small,3,manufacturing,0,0
5142,small,2,services,0,1
5143,small,1,services,1,0
5144,mid,3,manufacturing,1,0
5145,mid,2,manufacturing,0,0
5146,mid,3,manufacturing,0,0
5147,mid,1,services,0,0
5148,small,4,manufacturing,0,1
5149,mid,1,tech,0,0
5150,small,1,manufacturing,1,1
5151,small,3,retail,1,0
5152,small,2,manufacturing,0,1
5153,small,2,retail,1,0
5154,small,3,services,0,0
5155,mid,3,manufacturing,0,0
5156,mid,3,retail,1,0
5157,small,3,tech,1,1
5158,mid,1,retail,0,0
5159,small,0,manufacturing,0,0
5160,mid,1,manufacturing,0,0
5161,small,1,services,1,0
5162,mid,6,services,0,0
5163,small,6,manufacturing,1,1
5164,mid,1,retail,0,0
5165,mid,0,retail,0,0
5166,mid,2,manufacturing,0,0
5167,small,2,tech,0,0
5168,large,1,services,1,1
5169,small,3,tech,0,0
5170,small,2,tech,1,1
5171,mid,1,services,0,0
5172,small,2,manufacturing,0,0
5173,small,6,manufacturing,0,0
5174,mid,0,manufacturing,1,0
5175,mid,1,retail,1,0
5176,mid,2,tech,0,0
5177,large,2,tech,0,1
5178,mid,2,manufacturing,1,0
5179,small,2,services,0,0
5180,mid,0,retail,0,0
5181,small,2,manufacturing,0,0
5182,mid,1,manufacturing,0,0
5183,small,1,tech,0,0
5184,small,4,manufacturing,0,0
5185,large,1,retail,1,1
5186,mid,3,services,0,0
5187,mid,0,retail,0,1
5188,mid,3,tech,1,1
5189,mid,0,retail,0,0
5190,small,0,manufacturing,0,0
5191,mid,1,manufacturing,1,0
5192,small,5,manufacturing,0,0
5193,mid,5,manufacturing,0,0
5194,mid,1,manufacturing,1,0
5195,mid,2,retail,1,1
5196,mid,3,tech,0,0
5197,small,5,services,0,0
5198,large,1,tech,1,0
5199,small,0,tech,0,0
5200,large,0,manufacturing,0,1
5201,small,4,manufacturing,1,1
5202,small,3,services,1,1
5203,mid,3,services,0,0
5204,small,1,services,0,0
5205,small,2,retail,0,1
5206,large,4,tech,0,0
5207,small,1,retail,0,0
5208,mid,5,services,1,1
5209,small,0,services,0,0
5210,mid,0,tech,1,1
5211,small,1,tech,1,0
5212,small,0,manufacturing,0,0
5213,mid,2,manufacturing,0,0
5214,large,1,tech,1,0
5215,small,1,retail,0,0
5216,small,2,retail,1,1
5217,small,2,tech,0,0
5218,small,1,retail,0,0
5219,large,5,tech,1,1
5220,small,1,manufacturing,1,1
5221,large,1,retail,0,0
5222,mid,2,retail,0,0
5223,small,2,manufacturing,1,0
5224,small,2,services,0,1
5225,small,0,tech,1,0
5226,mid,2,retail,1,0
5227,mid,3,retail,0,0
5228,small,0,services,0,0
5229,small,2,tech,1,1
5230,large,3,retail,0,1
5231,mid,3,services,0,1
5232,small,2,retail,0,0
5233,small,3,retail,1,0
5234,mid,2,tech,0,0
5235,large,1,services,0,1
5236,small,3,manufacturing,0,1
5237,small,2,services,0,1
5238,small,2,tech,0,0
5239,mid,1,retail,1,0
5240,small,2,tech,1,0
5241,small,1,tech,0,1
5242,small,1,services,0,0
5243,small,2,manufacturing,0,1
5244,mid,3,tech,1,1
5245,mid,0,tech,0,0
5246,small,1,services,1,0
5247,small,0,services,0,0
5248,small,1,tech,0,0
5249,large,1,tech,1,0
5250,large,1,services,1,0
5251,small,3,manufacturing,1,1
5252,large,1,retail,1,1
5253,large,1,services,1,0
5254,small,3,retail,0,1
5255,mid,1,retail,1,1
5256,small,0,tech,0,0
5257,small,0,tech,1,1
5258,mid,1,services,1,0
5259,small,1,services,0,1
5260,mid,4,services,1,0
5261,mid,1,tech,1,0
5262,large,3,retail,0,0
5263,small,1,tech,1,1
5264,small,4,services,0,0
5265,large,4,retail,1,1
5266,large,2,manufacturing,1,0
5267,large,2,tech,0,0
5268,mid,4,services,0,1
5269,mid,1,manufacturing,0,0
5270,small,1,services,0,0
5271,small,0,manufacturing,1,0
5272,small,0,manufacturing,0,0
5273,mid,5,retail,1,0
5274,small,0,retail,1,1
5275,mid,0,retail,0,1
5276,mid,0,manufacturing,0,0
5277,small,0,services,0,0
5278,large,1,manufacturing,0,0
5279,small,3,services,1,0
5280,small,2,services,0,1
5281,small,1,tech,1,1
5282,large,1,tech,0,0
5283,small,5,tech,1,0
5284,small,1,tech,1,0
5285,small,3,retail,0,0
5286,mid,2,tech,0,0
5287,small,0,tech,0,0
5288,small,3,tech,0,0
5289,small,8,manufacturing,0,1
5290,small,2,tech,1,0
5291,mid,1,tech,0,0
5292,mid,1,services,0,0
5293,large,2,manufacturing,0,0
5294,large,1,manufacturing,1,0
5295,large,0,services,1,0
5296,mid,2,retail,1,0
5297,small,4,retail,1,0
5298,mid,2,services,0,0
5299,small,0,retail,0,0
5300,small,3,retail,1,0
5301,small,2,services,1,1
5302,mid,4,tech,1,0
5303,small,2,manufacturing,0,0
5304,small,3,tech,0,0
5305,small,0,retail,0,0
5306,mid,2,retail,0,1
5307,small,4,manufacturing,1,1
5308,small,2,services,1,0
5309,mid,4,services,1,1
5310,small,1,services,1,0
5311,small,1,manufacturing,1,1
5312,mid,0,manufacturing,1,1
5313,mid,2,tech,0,0
5314,large,2,retail,1,1
5315,small,1,tech,1,0
5316,mid,3,services,1,1
5317,small,0,services,0,1
5318,small,1,retail,1,0
5319,mid,1,retail,0,0
5320,small,1,manufacturing,1,0
5321,small,0,services,0,0
5322,small,1,tech,1,1
5323,small,3,manufacturing,0,0
5324,small,3,manufacturing,0,1
5325,mid,3,tech,0,0
5326,large,3,retail,0,0
5327,small,3,tech,1,0
5328,small,0,retail,1,0
5329,mid,2,services,0,0
5330,small,1,services,0,0
5331,small,0,services,0,0
5332,small,5,tech,1,1
5333,small,2,tech,1,0
5334,small,2,tech,0,0
5335,mid,0,retail,0,0
5336,mid,3,tech,0,1
5337,mid,3,retail,0,0
5338,large,4,services,1,0
5339,small,1,manufacturing,0,1
5340,mid,4,services,0,0
5341,small,2,services,1,1
5342,small,1,manufacturing,1,1
5343,large,0,retail,0,0
5344,mid,0,manufacturing,0,0
5345,large,1,services,0,1
5346,mid,1,manufacturing,0,0
5347,large,0,manufacturing,0,0
5348,small,3,services,1,1
5349,small,0,manufacturing,0,0
5350,small,2,services,1,1
5351,small,1,services,1,1
5352,mid,2,retail,1,0
5353,small,2,retail,1,0
5354,mid,1,manufacturing,0,0
5355,mid,1,manufacturing,1,0
5356,small,1,retail,0,0
5357,mid,0,retail,0,0
5358,small,3,manufacturing,0,1
5359,small,2,manufacturing,1,0
5360,mid,1,services,0,0
5361,mid,0,manufacturing,1,1
5362,small,1,retail,0,0
5363,small,1,retail,0,0
5364,mid,0,retail,0,1
5365,small,4,tech,0,0
5366,small,2,retail,0,0
5367,small,2,tech,0,0
5368,small,2,tech,0,0
5369,mid,0,retail,1,1
5370,small,2,manufacturing,0,0
5371,large,2,services,1,1
5372,small,1,manufacturing,0,0
5373,small,3,tech,1,0
5374,mid,3,retail,1,0
5375,small,3,services,1,0
5376,small,0,retail,0,0
5377,small,2,retail,0,0
5378,small,3,manufacturing,0,0
5379,small,1,manufacturing,0,0
5380,small,0,services,0,0
5381,large,0,services,0,1
5382,small,2,tech,0,0
5383,small,0,manufacturing,1,0
5384,mid,1,manufacturing,0,0
5385,large,0,manufacturing,0,1
5386,small,1,tech,0,0
5387,small,0,retail,0,0
5388,mid,0,services,1,0
5389,mid,0,services,0,0
5390,mid,1,services,0,0
5391,small,2,retail,0,0
5392,small,2,services,1,1
5393,mid,0,retail,0,0
5394,mid,1,retail,0,0
5395,large,1,retail,0,0
5396,mid,1,tech,0,0
5397,small,2,retail,0,1
5398,small,2,retail,0,0
5399,large,1,manufacturing,0,0
5400,mid,0,manufacturing,1,1
5401,mid,3,retail,1,0
5402,mid,3,retail,1,0
5403,small,1,services,1,0
5404,small,0,tech,0,1
5405,mid,6,retail,1,1
5406,small,1,manufacturing,1,1
5407,mid,4,manufacturing,1,1
5408,large,2,manufacturing,1,0
5409,mid,0,manufacturing,0,0
5410,small,3,retail,1,0
5411,small,3,services,1,1
5412,large,1,manufacturing,1,1
5413,small,2,services,1,0
5414,mid,4,tech,0,0
5415,small,1,services,1,0
5416,small,3,tech,0,1
5417,mid,1,manufacturing,1,0
5418,mid,3,manufacturing,1,1
5419,large,0,services,0,0
5420,small,3,services,0,0
5421,mid,3,retail,0,0
5422,mid,2,manufacturing,0,0
5423,small,3,manufacturing,0,0
5424,mid,2,services,1,1
5425,mid,2,manufacturing,0,0
5426,large,1,tech,1,0
5427,small,5,services,1,1
5428,mid,5,services,0,0
5429,small,2,services,0,0
5430,mid,3,manufacturing,1,0
5431,mid,2,retail,0,0
5432,mid,2,services,1,0
5433,small,2,tech,0,0
5434,mid,2,manufacturing,0,0
5435,small,2,manufacturing,1,0
5436,large,2,services,0,0
5437,small,4,manufacturing,1,0
5438,small,0,services,0,0
5439,small,2,retail,0,0
5440,small,1,services,0,0
5441,large,2,tech,0,1
5442,small,2,manufacturing,1,0
5443,large,2,services,0,0
5444,mid,0,retail,0,0
5445,large,1,services,1,1
5446,small,1,manufacturing,0,1
5447,large,1,manufacturing,0,0
5448,mid,1,manufacturing,1,0
5449,mid,3,retail,0,1
5450,mid,1,manufacturing,1,1
5451,mid,0,services,0,0
5452,small,1,retail,0,0
5453,mid,2,services,0,0
5454,small,4,tech,1,1
5455,small,2,manufacturing,0,1
5456,mid,2,services,1,0
5457,small,4,services,0,1
5458,large,2,tech,0,1
5459,small,5,retail,1,1
5460,mid,1,services,1,0
5461,large,1,tech,1,1
5462,large,4,services,0,1
5463,large,4,tech,0,0
5464,small,1,tech,1,0
5465,small,4,retail,0,1
5466,small,3,manufacturing,1,0
5467,small,1,services,1,0
5468,small,3,tech,1,1
5469,small,1,services,0,0
5470,small,3,manufacturing,0,0
5471,large,4,retail,1,1
5472,small,0,manufacturing,0,0
5473,mid,1,retail,1,1
5474,small,1,manufacturing,0,0
5475,mid,2,tech,0,0
5476,mid,4,services,1,0
5477,small,0,retail,1,1
5478,mid,2,services,0,0
5479,small,4,services,0,1
5480,small,0,services,1,0
5481,small,2,manufacturing,0,0
5482,small,2,retail,0,0
5483,small,0,manufacturing,1,0
5484,mid,3,services,1,1
5485,small,0,services,0,0
5486,small,2,tech,1,0
5487,mid,3,manufacturing,1,0
5488,small,1,tech,0,0
5489,small,1,services,0,0
5490,small,4,services,1,1
5491,large,1,tech,0,0
5492,mid,1,manufacturing,0,0
5493,mid,3,manufacturing,0,0
5494,large,2,services,1,0
5495,small,6,tech,1,1
5496,large,0,retail,0,0
5497,small,1,services,0,0
5498,mid,1,tech,0,0
5499,mid,4,services,0,0
5500,mid,3,services,0,0
5501,small,2,manufacturing,1,0
5502,small,2,manufacturing,1,1
5503,small,2,tech,1,1
5504,small,2,tech,1,0
5505,large,1,manufacturing,0,0
5506,large,2,retail,1,0
5507,mid,1,services,0,0
5508,mid,0,tech,1,1
5509,large,3,services,1,1
5510,small,3,manufacturing,1,1
5511,large,3,services,0,0
5512,small,1,manufacturing,0,0
5513,small,0,manufacturing,1,0
5514,mid,1,retail,1,1
5515,mid,1,retail,1,1
5516,mid,3,services,1,0
5517,mid,4,tech,1,0
5518,small,0,tech,0,0
5519,mid,3,retail,1,0
5520,large,0,services,0,0
5521,mid,4,services,0,0
5522,large,1,tech,0,0
5523,mid,1,tech,0,0
5524,mid,5,tech,0,0
5525,small,1,manufacturing,0,0
5526,large,1,manufacturing,0,0
5527,small,2,tech,0,0
5528,large,2,retail,1,1
5529,small,2,retail,1,0
5530,mid,2,retail,0,0
5531,mid,1,retail,0,0
5532,mid,4,manufacturing,1,1
5533,mid,0,services,1,1
5534,large,0,services,1,1
5535,small,2,services,1,0
5536,small,2,retail,1,1
5537,mid,4,tech,0,1
5538,large,1,manufacturing,1,1
5539,mid,1,retail,0,0
5540,small,3,retail,1,1
5541,small,1,retail,0,0
5542,small,2,tech,0,0
5543,small,1,manufacturing,1,1
5544,small,4,services,0,0
5545,mid,4,retail,0,0
5546,small,2,retail,0,1
5547,large,2,tech,1,0
5548,small,2,manufacturing,1,0
5549,small,3,services,0,0
5550,small,4,retail,1,1
5551,large,0,retail,0,0
5552,small,2,services,0,0
5553,small,2,retail,0,1
5554,large,3,manufacturing,1,0
5555,small,1,retail,0,0
5556,mid,1,manufacturing,0,1
5557,small,5,retail,0,0
5558,large,2,retail,0,1
5559,small,2,manufacturing,0,0
5560,small,2,retail,1,0
5561,mid,0,retail,0,0
5562,large,1,tech,1,1
5563,large,2,services,1,0
5564,mid,3,tech,0,0
5565,large,0,manufacturing,1,1
5566,large,3,tech,1,1
5567,mid,2,tech,0,0
5568,small,0,services,0,0
5569,mid,0,tech,1,0
5570,small,0,tech,0,0
5571,small,1,retail,1,0
5572,mid,3,manufacturing,1,1
5573,small,4,manufacturing,1,1
5574,small,3,tech,0,0
5575,small,0,retail,0,0
5576,mid,3,manufacturing,1,0
5577,mid,2,services,1,0
5578,large,3,services,0,0
5579,mid,1,manufacturing,0,0
5580,large,2,tech,1,0
5581,mid,0,services,1,0
5582,mid,2,retail,1,0
5583,mid,2,retail,0,0
5584,small,1,tech,1,1
5585,small,0,manufacturing,0,0
5586,mid,0,tech,1,1
5587,small,4,manufacturing,0,1
5588,mid,2,tech,0,0
5589,small,4,manufacturing,1,1
5590,small,3,manufacturing,0,0
5591,mid,1,tech,0,0
5592,small,1,services,0,0
5593,small,6,manufacturing,0,0
5594,small,1,services,0,1
5595,small,3,tech,0,0
5596,small,2,manufacturing,0,0
5597,mid,5,manufacturing,1,1
5598,small,4,services,0,0
5599,small,2,manufacturing,0,0
5600,mid,1,services,1,0
5601,large,3,manufacturing,1,1
5602,small,2,services,1,1
5603,small,0,tech,0,0
5604,small,2,tech,1,1
5605,small,3,services,1,0
5606,small,5,manufacturing,1,0
5607,small,0,manufacturing,1,1
5608,small,1,retail,0,0
5609,small,0,retail,1,1
5610,small,5,retail,0,0
5611,mid,1,tech,1,1
5612,small,3,tech,0,1
5613,small,3,manufacturing,0,0
5614,small,3,manufacturing,1,0
5615,small,1,services,0,0
5616,small,3,services,1,0
5617,small,1,tech,0,0
5618,large,0,manufacturing,1,0
5619,mid,1,services,0,0
5620,small,3,tech,0,0
5621,small,2,tech,1,0
5622,small,1,manufacturing,0,1
5623,small,3,services,0,0
5624,small,1,retail,0,0
5625,mid,5,retail,1,1
5626,small,3,services,1,1
5627,small,2,retail,0,0
5628,mid,6,tech,1,0
5629,mid,1,services,0,0
5630,mid,2,services,0,0
5631,large,2,retail,1,0
5632,small,1,retail,0,0
5633,small,0,manufacturing,0,0
5634,mid,1,tech,1,0
5635,mid,1,retail,0,1
5636,large,2,services,1,1
5637,large,1,services,0,0
5638,mid,1,manufacturing,0,0
5639,mid,0,tech,0,1
5640,mid,3,tech,1,0
5641,small,0,tech,0,0
5642,mid,0,tech,0,0
5643,small,0,tech,0,0
5644,small,1,retail,0,0
5645,small,1,manufacturing,0,1
5646,small,0,services,1,1
5647,large,0,tech,0,0
5648,mid,0,retail,1,0
5649,mid,2,retail,0,1
5650,small,3,tech,0,0
5651,small,2,services,1,1
5652,small,4,services,0,0
5653,mid,1,manufacturing,1,1
5654,mid,1,retail,0,0
5655,mid,4,tech,1,1
5656,large,2,manufacturing,1,0
5657,small,1,tech,0,0
5658,mid,2,tech,0,0
5659,small,3,retail,0,1
5660,mid,1,manufacturing,1,1
5661,small,2,manufacturing,1,0
5662,mid,1,tech,1,1
5663,mid,1,services,1,1
5664,small,2,services,1,0
5665,small,1,services,0,0
5666,mid,0,retail,0,0
5667,small,2,manufacturing,0,0
5668,small,1,services,0,0
5669,small,2,services,1,1
5670,small,4,retail,0,0
5671,mid,2,services,0,0
5672,large,2,services,1,0
5673,small,2,services,0,0
5674,large,3,tech,0,0
5675,large,2,retail,1,0
5676,small,0,tech,0,1
5677,small,1,tech,1,0
5678,mid,2,tech,0,0
5679,small,3,services,0,0
5680,large,4,manufacturing,0,0
5681,small,3,manufacturing,1,0
5682,mid,2,retail,0,0
5683,mid,3,retail,1,0
5684,small,1,manufacturing,1,1
5685,large,1,services,1,0
5686,small,2,manufacturing,1,1
5687,small,4,manufacturing,1,0
5688,small,2,manufacturing,1,0
5689,small,2,services,1,0
5690,mid,0,tech,1,0
5691,small,0,manufacturing,1,1
5692,mid,1,retail,0,0
5693,small,2,retail,1,0
5694,mid,0,tech,1,1
5695,small,2,manufacturing,0,0
5696,small,4,retail,0,0
5697,small,3,services,1,1
5698,small,1,manufacturing,0,0
5699,small,2,retail,0,0
5700,small,3,manufacturing,0,0
5701,large,1,manufacturing,0,0
5702,mid,4,tech,0,0
5703,mid,4,tech,1,1
5704,small,5,services,0,0
5705,mid,0,manufacturing,1,0
5706,mid,2,manufacturing,0,0
5707,mid,2,services,1,1
5708,large,1,manufacturing,0,0
5709,mid,3,retail,1,0
5710,small,1,tech,0,0
5711,small,0,manufacturing,0,0
5712,large,3,services,1,1
5713,mid,1,retail,1,0
5714,mid,3,tech,1,0
5715,small,1,manufacturing,0,0
5716,small,2,services,0,0
5717,large,3,retail,1,1
5718,small,1,manufacturing,0,0
5719,mid,2,retail,0,1
5720,mid,1,manufacturing,0,1
5721,small,2,tech,1,0
5722,small,1,services,0,1
5723,small,6,tech,1,0
5724,mid,2,retail,0,0
5725,mid,2,services,0,0
5726,small,0,services,0,1
5727,small,2,manufacturing,1,0
5728,mid,1,services,0,0
5729,small,2,services,1,1
5730,mid,1,retail,0,0
5731,mid,0,manufacturing,0,0
5732,mid,2,manufacturing,1,0
5733,small,1,services,0,0
5734,large,3,manufacturing,1,1
5735,mid,2,tech,0,0
5736,mid,0,manufacturing,0,0
5737,small,2,services,0,1
5738,mid,4,manufacturing,0,1
5739,small,4,services,0,0
5740,small,2,manufacturing,0,1
5741,small,5,retail,1,0
5742,small,1,retail,0,0
5743,small,5,services,1,1
5744,small,0,manufacturing,1,0
5745,mid,3,services,0,0
5746,mid,2,services,1,0
5747,mid,1,services,0,0
5748,mid,2,services,0,0
5749,small,2,manufacturing,0,0
5750,small,0,manufacturing,0,0
5751,small,3,retail,0,0
5752,small,1,manufacturing,0,0
5753,small,2,retail,0,1
5754,small,1,retail,0,0
5755,small,1,manufacturing,0,0
5756,small,1,tech,0,0
5757,mid,4,tech,1,1
5758,small,2,manufacturing,1,0
5759,mid,1,retail,1,1
5760,small,0,manufacturing,1,0
5761,small,1,services,0,0
5762,small,5,retail,1,0
5763,small,2,tech,0,0
5764,small,3,manufacturing,0,0
5765,mid,2,retail,0,0
5766,mid,1,tech,1,0
5767,small,3,retail,1,1
5768,mid,0,services,0,0
5769,mid,2,services,0,0
5770,mid,2,services,0,0
5771,small,2,tech,0,0
5772,large,3,tech,0,1
5773,small,2,retail,1,1
5774,mid,3,retail,1,0
5775,mid,3,services,0,0
5776,large,2,manufacturing,0,0
5777,mid,3,retail,0,0
5778,large,3,retail,0,0
5779,small,0,manufacturing,1,1
5780,mid,3,services,1,1
5781,mid,4,retail,1,0
5782,mid,4,retail,0,0
5783,mid,5,manufacturing,1,1
5784,mid,0,retail,1,0
5785,small,0,services,0,0
5786,mid,0,manufacturing,1,1
5787,small,1,retail,1,1
5788,small,2,tech,0,0
5789,small,0,retail,0,0
5790,small,2,services,0,0
5791,mid,2,services,0,0
5792,mid,3,retail,0,0
5793,small,0,manufacturing,0,0
5794,small,2,retail,0,0
5795,small,2,tech,0,0
5796,mid,2,services,1,1
5797,small,1,tech,0,0
5798,small,2,tech,0,0
5799,small,2,retail,1,0
5800,small,5,retail,1,1
5801,small,3,tech,1,0
5802,large,1,tech,1,0
5803,small,1,retail,0,0
5804,mid,0,retail,1,1
5805,small,0,tech,0,0
5806,mid,2,retail,0,1
5807,small,2,manufacturing,0,1
5808,small,4,manufacturing,1,0
5809,small,2,retail,0,0
5810,mid,3,manufacturing,1,1
5811,mid,4,retail,1,0
5812,mid,3,services,0,1
5813,small,1,retail,0,1
5814,small,2,services,0,0
5815,small,3,retail,0,0
5816,small,3,retail,1,1
5817,mid,5,retail,1,1
5818,small,1,services,0,0
5819,small,2,tech,1,0
5820,small,1,services,1,0
5821,mid,2,tech,0,1
5822,small,2,tech,0,0
5823,mid,0,tech,0,0
5824,mid,2,retail,0,0
5825,mid,1,services,0,0
5826,small,2,services,1,1
5827,small,3,tech,0,1
5828,large,1,tech,0,0
5829,small,0,manufacturing,1,0
5830,mid,2,manufacturing,1,0
5831,small,2,tech,0,0
5832,mid,1,tech,1,1
5833,small,0,manufacturing,0,0
5834,small,3,retail,1,0
5835,mid,1,tech,0,0
5836,small,1,tech,0,0
5837,large,5,retail,0,0
5838,mid,2,tech,1,0
5839,small,4,services,1,0
5840,mid,2,manufacturing,1,1
5841,mid,1,tech,0,0
5842,large,2,tech,0,1
5843,small,2,manufacturing,1,0
5844,small,2,tech,0,1
5845,small,2,tech,0,0
5846,mid,0,tech,0,1
5847,mid,4,manufacturing,1,1
5848,small,2,tech,0,0
5849,small,1,tech,1,0
5850,mid,0,manufacturing,1,1
5851,small,1,tech,0,0
5852,small,1,services,0,0
5853,mid,1,manufacturing,1,0
5854,small,1,services,0,0
5855,small,3,services,0,1
5856,small,3,retail,1,0
5857,mid,0,retail,0,0
5858,small,0,manufacturing,0,0
5859,small,2,retail,0,0
5860,large,0,manufacturing,1,0
5861,small,2,tech,1,0
5862,small,2,retail,1,0
5863,mid,2,services,0,0
5864,large,1,services,0,0
5865,large,3,services,1,1
5866,mid,1,tech,0,0
5867,large,2,retail,0,0
5868,mid,3,manufacturing,0,0
5869,mid,1,retail,0,0
5870,small,2,retail,1,0
5871,small,1,retail,1,0
5872,mid,2,retail,1,0
5873,mid,2,services,1,0
5874,large,2,tech,0,0
5875,small,4,manufacturing,1,1
5876,large,3,manufacturing,0,0
5877,small,5,services,1,0
5878,large,4,services,0,1
5879,large,1,manufacturing,0,0
5880,small,2,services,0,0
5881,small,7,tech,1,1
5882,large,1,retail,0,0
5883,large,5,tech,0,0
5884,mid,3,retail,1,0
5885,small,2,retail,0,0
5886,small,1,tech,0,0
5887,small,0,retail,0,1
5888,large,3,tech,1,0
5889,mid,0,tech,0,0
5890,small,3,retail,0,1
5891,mid,1,manufacturing,0,0
5892,large,0,retail,0,0
5893,small,3,retail,0,0
5894,large,1,services,1,0
5895,small,5,manufacturing,0,0
5896,small,2,tech,0,0
5897,small,4,services,0,0
5898,small,0,manufacturing,0,0
5899,mid,2,retail,0,1
5900,small,1,manufacturing,1,1
5901,mid,4,retail,1,1
5902,small,3,tech,1,0
5903,mid,2,retail,0,0
5904,small,2,tech,0,0
5905,small,1,retail,0,1
5906,small,2,services,0,0
5907,mid,4,manufacturing,1,0
5908,mid,0,tech,0,0
5909,mid,3,tech,0,0
5910,mid,1,services,0,0
5911,mid,1,tech,1,1
5912,mid,2,manufacturing,1,0
5913,small,1,manufacturing,1,0
5914,small,0,tech,1,1
5915,large,1,retail,1,1
5916,small,2,manufacturing,0,0
5917,mid,1,manufacturing,0,0
5918,small,0,manufacturing,0,0
5919,small,2,tech,0,0
5920,small,0,retail,0,0
5921,small,1,tech,0,0
5922,mid,3,manufacturing,0,1
5923,small,2,tech,0,0
5924,mid,0,manufacturing,0,0
5925,small,2,manufacturing,1,0
5926,small,5,services,0,0
5927,small,0,services,0,0
5928,mid,1,retail,0,0
5929,small,2,tech,0,0
5930,mid,5,manufacturing,1,1
5931,large,2,retail,0,0
5932,mid,3,tech,0,0
5933,small,4,manufacturing,0,0
5934,small,4,manufacturing,1,1
5935,small,3,retail,0,1
5936,mid,1,services,0,0
5937,small,2,services,1,1
5938,mid,2,services,0,0
5939,small,2,retail,1,0
5940,large,1,manufacturing,1,0
5941,small,8,tech,0,1
5942,small,2,tech,0,0
5943,small,3,manufacturing,0,0
5944,mid,1,tech,1,1
5945,mid,2,services,0,0
5946,small,1,retail,1,0
5947,small,1,retail,1,1
5948,mid,3,manufacturing,0,0
5949,small,0,services,0,0
5950,small,2,tech,0,0
5951,large,1,retail,0,0
5952,mid,1,services,0,0
5953,small,2,manufacturing,0,0
5954,mid,1,services,0,0
5955,large,0,manufacturing,0,0
5956,small,3,services,0,0
5957,large,1,manufacturing,1,1
5958,large,1,services,1,0
5959,mid,5,manufacturing,1,1
5960,mid,2,tech,0,0
5961,mid,1,services,1,1
5962,mid,1,services,0,0
5963,mid,0,tech,0,0
5964,small,3,manufacturing,0,1
5965,mid,2,tech,0,0
5966,mid,0,tech,0,1
5967,small,2,tech,1,1
5968,mid,4,tech,1,0
5969,small,1,retail,0,0
5970,mid,4,tech,0,0
5971,mid,1,manufacturing,1,0
5972,small,3,manufacturing,1,0
5973,mid,0,services,1,1
5974,small,0,services,0,0
5975,small,3,services,1,0
5976,small,3,retail,0,0
5977,small,2,services,0,0
5978,mid,4,services,0,0
5979,small,2,services,0,0
5980,small,3,retail,0,0
5981,mid,0,retail,1,0
5982,small,3,tech,0,0
5983,large,1,tech,0,0
5984,small,2,services,0,0
5985,mid,4,services,0,1
5986,small,1,manufacturing,0,0
5987,mid,0,services,0,0
5988,mid,1,manufacturing,0,0
5989,mid,2,tech,0,0
5990,small,2,services,0,0
5991,mid,1,manufacturing,0,0
5992,small,0,services,0,0
5993,mid,0,manufacturing,0,0
5994,mid,4,tech,1,1
5995,small,1,services,0,0
5996,small,5,tech,0,0
5997,mid,1,manufacturing,1,0
5998,large,3,retail,0,0
5999,large,2,retail,1,0
6000,small,0,services,0,0
6001,mid,2,manufacturing,0,0
6002,small,3,tech,0,0
6003,small,1,retail,0,0
6004,mid,1,services,0,1
6005,mid,1,tech,0,0
6006,mid,2,retail,0,0
6007,small,2,tech,1,0
6008,small,5,retail,0,0
6009,large,3,tech,1,1
6010,small,4,manufacturing,1,0
6011,small,2,services,0,1
6012,mid,5,tech,1,0
6013,large,3,services,0,0
6014,small,2,retail,0,0
6015,mid,0,manufacturing,0,0
6016,small,0,retail,1,0
6017,small,0,services,0,0
6018,small,1,manufacturing,0,0
6019,small,1,retail,1,0
6020,mid,3,services,1,1
6021,small,1,retail,0,0
6022,mid,0,retail,0,0
6023,mid,5,retail,0,0
6024,large,3,manufacturing,1,0
6025,mid,3,services,0,1
6026,small,2,manufacturing,0,0
6027,large,2,manufacturing,0,0
6028,small,2,retail,1,0
6029,small,1,retail,0,0
6030,large,5,services,0,1
6031,small,3,manufacturing,0,1
6032,small,1,tech,0,0
6033,small,2,services,0,1
6034,small,1,tech,0,0
6035,small,2,tech,0,0
6036,large,1,manufacturing,0,0
6037,small,4,services,1,0
6038,small,2,retail,0,0
6039,small,0,services,0,0
6040,large,4,manufacturing,1,0
6041,small,2,services,1,0
6042,small,0,services,0,0
6043,mid,2,retail,0,0
6044,large,0,retail,0,0
6045,mid,2,retail,1,1
6046,mid,1,tech,1,1
6047,small,2,manufacturing,0,0
6048,small,0,manufacturing,0,0
6049,mid,1,retail,0,0
6050,small,1,services,0,0
6051,small,1,tech,0,0
6052,small,1,tech,1,0
6053,small,0,services,0,0
6054,mid,1,manufacturing,0,0
6055,mid,1,tech,1,1
6056,small,1,retail,0,0
6057,small,2,services,1,0
6058,mid,1,tech,0,0
6059,large,2,manufacturing,1,0
6060,mid,1,retail,1,0
6061,mid,0,retail,1,0
6062,small,1,services,0,0
6063,mid,0,services,0,0
6064,mid,3,manufacturing,1,1
6065,small,1,services,1,1
6066,small,3,tech,0,0
6067,small,1,services,0,0
6068,mid,3,tech,1,1
6069,mid,3,retail,1,1
6070,small,1,manufacturing,0,0
6071,mid,1,manufacturing,0,1
6072,large,2,retail,0,0
6073,small,3,services,0,0
6074,small,2,retail,0,0
6075,small,3,manufacturing,0,0
6076,small,2,manufacturing,0,0
6077,small,1,services,1,1
6078,large,2,retail,1,0
6079,small,1,manufacturing,0,0
6080,small,3,tech,0,0
6081,large,4,services,1,1
6082,small,1,manufacturing,0,0
6083,small,3,retail,1,1
6084,small,0,services,0,0
6085,small,1,retail,0,0
6086,small,2,manufacturing,0,0
6087,mid,3,tech,0,0
6088,mid,1,manufacturing,1,1
6089,mid,2,tech,1,0
6090,mid,1,retail,1,1
6091,mid,1,services,0,0
6092,small,2,manufacturing,1,0
6093,mid,3,tech,1,1
6094,mid,3,retail,1,1
6095,small,0,tech,0,0
6096,small,2,services,0,0
6097,small,2,tech,0,1
6098,large,3,tech,1,1
6099,small,0,retail,0,0
6100,small,0,retail,1,0
6101,mid,3,retail,1,0
6102,mid,2,tech,1,0
6103,large,5,services,0,0
6104,mid,1,retail,1,0
6105,small,3,services,1,0
6106,small,2,manufacturing,0,0
6107,mid,3,services,0,1
6108,mid,4,tech,0,0
6109,large,1,services,1,1
6110,small,4,manufacturing,1,1
6111,mid,0,tech,1,0
6112,small,0,services,0,0
6113,small,0,services,1,0
6114,large,2,retail,0,0
6115,small,3,retail,1,0
6116,mid,1,manufacturing,1,0
6117,large,2,manufacturing,0,0
6118,mid,2,services,0,0
6119,small,3,services,0,0
6120,mid,3,tech,0,1
6121,large,2,tech,1,1
6122,large,3,services,1,1
6123,small,4,retail,0,0
6124,small,0,retail,0,0
6125,small,1,retail,0,1
6126,small,1,retail,0,0
6127,mid,4,services,0,0
6128,mid,2,services,1,0
6129,small,0,manufacturing,0,0
6130,small,1,retail,0,1
6131,small,1,services,0,0
6132,mid,2,retail,0,0
6133,mid,3,services,1,0
6134,small,2,manufacturing,0,0
6135,mid,3,services,1,0
6136,large,0,tech,0,0
6137,large,0,tech,0,0
6138,small,1,services,1,1
6139,mid,3,retail,1,1
6140,mid,2,services,1,1
6141,large,2,retail,0,0
6142,small,4,services,1,1
6143,small,2,retail,0,0
6144,small,1,retail,0,0
6145,small,3,services,0,0
6146,small,1,retail,1,0
6147,mid,2,retail,0,0
6148,mid,2,services,0,0
6149,mid,1,manufacturing,1,0
6150,mid,1,retail,0,0
6151,small,0,services,0,0
6152,small,0,manufacturing,1,0
6153,small,3,manufacturing,1,0
6154,mid,2,tech,1,0
6155,mid,0,manufacturing,1,0
6156,mid,3,services,1,0
6157,mid,1,retail,0,0
6158,mid,3,tech,0,0
6159,large,7,manufacturing,1,0
6160,mid,3,retail,1,1
6161,large,3,retail,0,0
6162,large,3,services,1,0
6163,mid,4,services,1,1
6164,mid,3,manufacturing,1,0
6165,small,0,retail,0,0
6166,small,1,manufacturing,0,0
6167,large,2,tech,0,0
6168,small,4,tech,0,0
6169,small,1,manufacturing,1,1
6170,small,0,tech,1,0
6171,mid,0,services,0,0
6172,small,1,services,0,0
6173,mid,2,tech,1,0
6174,small,1,manufacturing,0,1
6175,mid,1,services,1,0
6176,large,1,services,0,0
6177,mid,0,tech,1,0
6178,small,1,tech,1,1
6179,mid,5,tech,0,0
6180,large,3,services,0,0
6181,mid,2,tech,0,0
6182,small,2,manufacturing,0,0
6183,small,2,retail,0,1
6184,large,0,services,1,0
6185,mid,0,services,0,0
6186,small,2,tech,0,0
6187,mid,2,tech,0,0
6188,mid,2,services,0,0
6189,small,2,tech,0,0
6190,large,3,services,1,1
6191,small,0,retail,0,1
6192,small,2,retail,1,0
6193,small,1,services,0,0
6194,small,1,tech,0,0
6195,large,1,services,1,1
6196,mid,3,manufacturing,0,0
6197,small,1,tech,0,0
6198,small,1,services,0,0
6199,small,3,retail,1,1
6200,mid,3,manufacturing,1,1
6201,large,2,services,1,0
6202,small,3,services,0,0
6203,small,1,manufacturing,0,1
6204,small,1,retail,1,0
6205,small,2,retail,1,0
6206,mid,1,manufacturing,0,0
6207,large,2,services,0,0
6208,small,0,tech,0,0
6209,mid,1,manufacturing,0,0
6210,small,4,manufacturing,0,0
6211,small,2,retail,0,0
6212,mid,0,manufacturing,0,0
6213,small,2,services,0,0
6214,mid,0,manufacturing,1,0
6215,mid,2,retail,1,1
6216,small,2,tech,0,0
6217,mid,3,retail,1,1
6218,small,2,tech,0,0
6219,mid,2,services,1,1
6220,small,2,retail,0,0
6221,mid,3,tech,0,0
6222,mid,3,manufacturing,0,0
6223,mid,1,services,1,0
6224,small,0,tech,1,0
6225,mid,4,tech,0,0
6226,small,1,tech,0,0
6227,mid,2,tech,0,0
6228,small,5,retail,0,0
6229,small,2,manufacturing,0,0
6230,mid,2,manufacturing,1,1
6231,small,1,retail,0,1
6232,mid,3,tech,0,0
6233,small,1,manufacturing,0,0
6234,mid,3,retail,1,1
6235,mid,2,tech,0,0
6236,large,2,services,0,0
6237,small,1,manufacturing,0,0
6238,small,4,tech,0,0
6239,large,2,tech,0,0
6240,mid,2,retail,1,0
6241,small,1,services,0,0
6242,mid,4,tech,0,0
6243,small,2,tech,1,0
6244,large,2,manufacturing,1,1
6245,mid,3,tech,1,0
6246,mid,1,retail,0,0
6247,small,2,services,0,1
6248,mid,1,services,0,1
6249,large,1,tech,0,0
6250,mid,1,retail,0,0
6251,large,1,retail,0,0
6252,small,2,services,1,0
6253,mid,2,retail,1,0
6254,large,0,tech,1,0
6255,small,2,services,1,0
6256,small,1,retail,0,0
6257,mid,1,retail,1,0
6258,small,1,tech,1,0
6259,small,1,tech,1,0
6260,large,3,services,1,0
6261,mid,4,services,0,0
6262,mid,4,retail,0,0
6263,mid,4,retail,1,0
6264,mid,2,retail,0,0
6265,small,0,tech,0,1
6266,small,3,retail,1,0
6267,small,1,services,0,0
6268,mid,3,manufacturing,1,0
6269,mid,4,retail,0,0
6270,small,1,retail,0,0
6271,small,1,manufacturing,0,0
6272,small,0,services,1,1
6273,small,2,retail,0,0
6274,large,0,retail,0,1
6275,small,1,tech,0,1
6276,small,2,services,1,0
6277,mid,1,services,0,0
6278,small,0,retail,1,0
6279,small,1,retail,1,0
6280,mid,1,retail,1,0
6281,small,2,manufacturing,0,0
6282,large,2,tech,0,0
6283,mid,0,services,1,0
6284,small,1,retail,0,0
6285,large,1,tech,1,1
6286,small,4,services,1,0
6287,mid,2,retail,1,0
6288,small,1,manufacturing,1,1
6289,small,1,manufacturing,0,0
6290,small,1,manufacturing,1,0
6291,small,0,tech,0,0
6292,small,1,manufacturing,1,0
6293,small,3,retail,0,0
6294,small,1,services,0,1
6295,small,1,retail,0,0
6296,mid,1,retail,0,0
6297,small,2,retail,0,1
6298,small,1,tech,0,0
6299,mid,3,services,0,1
6300,small,2,services,0,0
6301,mid,0,retail,1,1
6302,mid,2,services,0,0
6303,large,5,retail,0,1
6304,small,6,services,0,0
6305,large,0,retail,1,0
6306,small,1,tech,0,0
6307,small,0,manufacturing,0,0
6308,mid,5,tech,0,0
6309,small,2,retail,0,0
6310,mid,2,services,0,0
6311,mid,2,services,0,0
6312,small,1,retail,0,0
6313,mid,2,manufacturing,1,0
6314,small,2,retail,1,0
6315,large,0,services,1,1
6316,small,5,manufacturing,1,0
6317,small,2,services,0,0
6318,mid,0,retail,0,0
6319,small,4,services,0,0
6320,small,0,services,0,0
6321,large,2,retail,1,0
6322,small,4,tech,1,0
6323,small,2,tech,0,0
6324,small,3,tech,1,1
6325,mid,2,retail,1,0
6326,mid,1,retail,0,0
6327,mid,0,manufacturing,1,0
6328,small,2,tech,0,0
6329,small,0,retail,0,0
6330,small,2,manufacturing,0,0
6331,small,4,tech,0,0
6332,small,1,tech,1,0
6333,large,1,tech,0,0
6334,small,1,tech,0,1
6335,small,1,retail,0,0
6336,mid,4,manufacturing,0,0
6337,small,1,services,0,0
6338,small,6,retail,1,1
6339,large,2,services,1,0
6340,large,1,services,0,0
6341,small,0,manufacturing,0,0
6342,mid,2,tech,0,0
6343,small,4,tech,1,0
6344,mid,2,retail,0,0
6345,mid,3,tech,0,0
6346,mid,2,manufacturing,0,0
6347,small,1,tech,0,1
6348,small,0,manufacturing,1,0
6349,mid,2,manufacturing,0,0
6350,small,2,services,0,1
6351,small,1,manufacturing,0,0
6352,mid,1,manufacturing,0,0
6353,mid,6,services,0,0
6354,large,2,tech,0,0
6355,small,1,tech,1,0
6356,mid,1,services,1,0
6357,small,0,services,0,0
6358,small,3,tech,0,0
6359,small,1,manufacturing,0,0
6360,small,1,retail,0,0
6361,small,1,services,1,0
6362,small,4,tech,0,0
6363,large,1,retail,0,0
6364,small,0,services,0,1
6365,small,3,tech,0,0
6366,large,1,services,1,0
6367,mid,1,tech,0,0
6368,mid,6,tech,1,1
6369,large,0,manufacturing,0,0
6370,mid,3,manufacturing,0,0
6371,small,3,services,0,0
6372,large,1,services,0,0
6373,small,3,services,0,1
6374,large,1,services,1,0
6375,small,2,retail,1,1
6376,small,3,manufacturing,0,0
6377,small,0,tech,0,0
6378,small,1,retail,0,0
6379,large,2,retail,0,0
6380,mid,1,manufacturing,0,0
6381,mid,2,manufacturing,1,1
6382,small,5,tech,0,1
6383,small,2,services,1,0
6384,small,1,manufacturing,0,0
6385,mid,2,manufacturing,1,1
6386,small,3,tech,1,1
6387,small,4,manufacturing,0,0
6388,small,1,services,0,0
6389,large,3,services,0,0
6390,large,3,retail,1,0
6391,small,3,manufacturing,1,0
6392,large,2,manufacturing,1,1
6393,small,3,retail,1,0
6394,mid,1,tech,0,0
6395,small,1,services,0,0
6396,small,1,manufacturing,0,0
6397,mid,1,manufacturing,0,0
6398,small,0,manufacturing,1,0
6399,small,4,retail,0,0
6400,mid,2,retail,0,0
6401,mid,1,manufacturing,1,0
6402,large,6,retail,1,1
6403,small,1,services,0,0
6404,small,0,manufacturing,1,1
6405,small,0,manufacturing,0,0
6406,small,1,retail,0,0
6407,small,5,tech,0,0
6408,small,1,services,0,1
6409,mid,4,tech,0,0
6410,small,2,manufacturing,0,0
6411,mid,0,retail,0,0
6412,small,2,manufacturing,1,1
6413,small,4,manufacturing,1,0
6414,small,1,retail,0,0
6415,small,5,manufacturing,0,0
6416,small,1,manufacturing,0,1
6417,small,6,retail,1,0
6418,mid,6,retail,0,1
6419,large,2,tech,1,0
6420,small,2,manufacturing,0,0
6421,small,2,services,0,0
6422,mid,0,manufacturing,1,0
6423,small,1,tech,0,0
6424,small,0,retail,0,0
6425,large,3,manufacturing,1,0
6426,small,1,manufacturing,0,0
6427,large,0,services,0,0
6428,mid,0,retail,0,0
6429,small,2,manufacturing,0,0
6430,small,2,retail,0,0
6431,small,1,manufacturing,0,0
6432,mid,3,tech,0,0
6433,large,2,services,1,1
6434,small,3,services,1,1
6435,small,3,tech,1,0
6436,small,3,manufacturing,0,0
6437,small,0,services,0,1
6438,small,1,retail,0,0
6439,large,1,tech,0,0
6440,mid,1,services,0,0
6441,large,4,services,0,0
6442,mid,0,manufacturing,1,0
6443,mid,2,tech,0,0
6444,mid,5,manufacturing,1,0
6445,small,2,retail,0,0
6446,mid,4,tech,0,0
6447,small,3,retail,0,0
6448,small,2,retail,0,1
6449,mid,2,services,1,1
6450,small,0,retail,0,0
6451,small,2,retail,1,1
6452,large,3,services,1,1
6453,small,1,services,1,0
6454,small,2,services,1,0
6455,small,3,retail,0,0
6456,small,3,manufacturing,1,1
6457,large,1,services,0,1
6458,small,2,tech,1,0
6459,large,1,manufacturing,0,0
6460,small,2,services,0,0
6461,large,3,tech,0,0
6462,large,0,retail,0,0
6463,mid,1,tech,1,0
6464,mid,4,services,1,1
6465,small,0,manufacturing,0,0
6466,small,3,services,1,1
6467,mid,5,tech,1,0
6468,small,3,services,0,0
6469,small,3,retail,0,0
6470,mid,0,tech,1,0
6471,mid,0,services,0,0
6472,large,3,retail,0,0
6473,small,2,retail,0,0
6474,large,2,manufacturing,1,0
6475,small,2,manufacturing,0,0
6476,mid,2,retail,0,0
6477,small,1,manufacturing,0,1
6478,mid,1,services,1,0
6479,small,2,retail,0,0
6480,small,1,retail,1,0
6481,mid,3,manufacturing,1,1
6482,mid,1,retail,0,0
6483,mid,1,retail,1,0
6484,small,2,retail,0,0
6485,small,1,services,0,1
6486,mid,2,tech,1,0
6487,mid,3,tech,0,0
6488,mid,1,manufacturing,1,0
6489,mid,2,manufacturing,1,1
6490,mid,1,tech,1,1
6491,small,2,services,0,0
6492,small,2,services,1,0
6493,small,3,retail,1,0
6494,mid,4,retail,1,1
6495,mid,0,services,0,0
6496,mid,3,tech,1,0
6497,mid,2,services,0,0
6498,large,1,manufacturing,0,0
6499,large,6,manufacturing,1,1
6500,small,4,tech,1,1
6501,mid,1,services,0,0
6502,small,0,services,0,0
6503,small,1,services,0,0
6504,small,1,manufacturing,0,0
6505,mid,4,services,0,0
6506,mid,0,manufacturing,1,0
6507,small,0,services,0,0
6508,small,2,retail,1,0
6509,mid,4,retail,1,1
6510,large,1,services,0,0
6511,small,5,manufacturing,0,0
6512,small,2,manufacturing,0,0
6513,mid,2,tech,0,0
6514,mid,3,manufacturing,1,0
6515,mid,2,services,1,0
6516,small,2,retail,1,0
6517,small,2,services,0,0
6518,mid,3,services,1,1
6519,small,1,services,0,0
6520,small,1,retail,1,0
6521,small,1,retail,0,1
6522,mid,1,retail,0,0
6523,small,3,retail,1,0
6524,small,1,services,0,0
6525,mid,1,tech,1,0
6526,large,4,retail,1,0
6527,large,3,retail,1,0
6528,small,0,services,0,1
6529,mid,4,tech,1,0
6530,small,2,tech,0,0
6531,mid,1,services,0,0
6532,mid,2,services,0,0
6533,mid,5,retail,1,0
6534,mid,0,manufacturing,0,0
6535,mid,0,tech,0,0
6536,mid,1,tech,1,1
6537,small,3,services,1,0
6538,mid,0,manufacturing,0,0
6539,small,2,retail,0,0
6540,mid,3,retail,0,0
6541,small,2,tech,0,0
6542,small,1,retail,0,0
6543,mid,0,manufacturing,1,1
6544,mid,3,services,1,0
6545,mid,0,manufacturing,0,0
6546,small,1,manufacturing,1,1
6547,mid,4,tech,0,0
6548,mid,5,services,1,0
6549,mid,4,manufacturing,0,1
6550,small,3,manufacturing,1,1
6551,small,2,retail,0,0
6552,mid,2,services,0,1
6553,small,1,manufacturing,0,0
6554,large,0,manufacturing,1,1
6555,small,3,manufacturing,1,0
6556,small,2,services,1,1
6557,small,2,tech,0,0
6558,small,3,retail,0,0
6559,large,0,tech,1,0
6560,large,4,tech,1,0
6561,mid,2,retail,0,1
6562,mid,5,tech,1,0
6563,large,1,retail,1,0
6564,small,1,retail,0,0
6565,small,4,tech,1,1
6566,small,2,manufacturing,1,1
6567,small,4,retail,1,1
6568,large,2,retail,1,0
6569,mid,2,retail,0,0
6570,mid,0,manufacturing,0,1
6571,mid,3,retail,1,1
6572,mid,1,services,1,1
6573,mid,3,manufacturing,1,0
6574,small,3,tech,0,0
6575,mid,2,tech,0,0
6576,small,3,services,0,0
6577,small,3,tech,0,0
6578,mid,3,services,0,0
6579,small,2,manufacturing,1,0
6580,small,2,retail,0,0
6581,mid,0,retail,0,1
6582,small,1,services,1,0
6583,small,2,services,0,0
6584,mid,2,retail,0,0
6585,small,3,tech,0,0
6586,small,2,manufacturing,0,0
6587,large,1,tech,1,0
6588,small,1,services,0,0
6589,mid,4,manufacturing,1,0
6590,mid,1,retail,0,0
6591,small,2,manufacturing,0,0
6592,small,3,services,1,0
6593,large,1,tech,1,0
6594,small,4,retail,0,0
6595,small,1,retail,1,1
6596,large,2,retail,1,1
6597,small,0,services,1,0
6598,large,2,tech,1,1
6599,mid,2,manufacturing,1,1
6600,mid,3,manufacturing,0,0
6601,small,1,manufacturing,0,0
6602,mid,2,services,1,0
6603,mid,1,tech,1,1
6604,small,0,services,0,0
6605,small,4,retail,1,0
6606,small,2,tech,1,0
6607,small,1,retail,0,1
6608,small,3,tech,1,1
6609,mid,4,manufacturing,1,1
6610,small,1,retail,1,0
6611,small,1,retail,0,0
6612,small,1,retail,1,1
6613,small,1,manufacturing,0,0
6614,mid,1,manufacturing,0,0
6615,mid,5,tech,1,0
6616,small,1,manufacturing,1,0
6617,mid,3,services,0,0
6618,mid,0,retail,0,0
6619,small,1,retail,0,0
6620,large,3,tech,1,0
6621,mid,2,manufacturing,0,0
6622,small,6,services,1,0
6623,large,2,manufacturing,0,0
6624,mid,1,retail,1,0
6625,small,3,manufacturing,1,0
6626,small,1,services,1,0
6627,small,5,retail,0,0
6628,small,2,tech,1,1
6629,small,1,manufacturing,1,0
6630,small,1,retail,1,1
6631,large,3,services,1,1
6632,mid,4,retail,0,1
6633,small,3,services,1,0
6634,small,2,retail,0,0
6635,small,3,retail,1,1
6636,small,1,services,0,1
6637,small,0,manufacturing,1,1
6638,mid,3,services,0,0
6639,large,1,manufacturing,1,0
6640,small,2,services,0,0
6641,mid,4,retail,0,0
6642,mid,1,tech,0,0
6643,small,3,tech,1,1
6644,mid,0,services,1,0
6645,small,4,tech,0,0
6646,small,2,retail,0,1
6647,small,0,retail,0,0
6648,large,1,manufacturing,0,0
6649,small,3,services,1,0
6650,large,1,manufacturing,1,0
6651,small,2,tech,0,0
6652,small,0,manufacturing,0,0
6653,large,1,tech,0,0
6654,mid,0,retail,1,1
6655,small,2,retail,0,0
6656,mid,0,manufacturing,0,0
6657,mid,3,tech,1,1
6658,small,0,tech,1,1
6659,mid,1,tech,0,0
6660,mid,3,services,0,1
6661,small,5,tech,1,0
6662,mid,3,tech,1,1
6663,large,2,services,0,0
6664,mid,2,manufacturing,1,1
6665,mid,4,services,0,0
6666,large,3,tech,0,1
6667,mid,1,manufacturing,1,0
6668,small,5,retail,0,0
6669,mid,6,retail,0,0
6670,mid,3,manufacturing,0,0
6671,mid,1,retail,0,0
6672,small,5,services,0,0
6673,small,2,retail,1,0
6674,small,2,retail,1,0
6675,mid,1,services,0,0
6676,small,5,retail,0,0
6677,small,1,tech,0,0
6678,mid,2,manufacturing,0,1
6679,small,2,manufacturing,1,1
6680,small,4,services,1,1
6681,small,2,tech,1,0
6682,small,1,retail,0,0
6683,mid,0,services,0,0
6684,small,1,manufacturing,0,1
6685,small,3,manufacturing,1,1
6686,small,1,retail,1,1
6687,small,4,manufacturing,0,0
6688,mid,0,retail,1,0
6689,small,3,tech,0,0
6690,small,2,retail,0,0
6691,mid,2,services,0,0
6692,small,4,retail,1,1
6693,mid,4,services,0,0
6694,small,4,manufacturing,0,1
6695,mid,5,tech,1,1
6696,small,2,services,0,0
6697,small,2,tech,0,0
6698,small,1,manufacturing,0,0
6699,small,2,manufacturing,0,0
6700,mid,1,services,0,0
6701,mid,3,manufacturing,1,1
6702,large,1,services,0,0
6703,mid,10,manufacturing,0,1
6704,mid,6,manufacturing,0,1
6705,mid,1,retail,0,0
6706,mid,4,retail,1,1
6707,mid,2,services,1,1
6708,large,0,tech,1,1
6709,small,1,services,1,0
6710,small,1,manufacturing,1,1
6711,mid,2,manufacturing,1,1
6712,small,2,retail,0,0
6713,small,0,tech,0,0
6714,large,2,services,0,0
6715,small,3,retail,1,0
6716,large,1,tech,0,0
6717,large,1,retail,1,0
6718,small,1,services,0,0
6719,mid,4,manufacturing,0,0
6720,small,2,tech,0,1
6721,small,1,services,1,1
6722,large,1,services,1,0
6723,large,3,retail,1,0
6724,mid,3,tech,0,0
6725,small,8,tech,1,0
6726,large,1,services,1,1
6727,mid,1,manufacturing,0,0
6728,large,1,tech,1,0
6729,mid,0,tech,0,0
6730,small,2,retail,0,0
6731,mid,3,tech,1,0
6732,mid,5,manufacturing,0,1
6733,large,2,services,0,0
6734,mid,1,tech,0,0
6735,small,1,tech,0,0
6736,large,3,services,1,0
6737,small,1,manufacturing,0,1
6738,small,4,retail,1,0
6739,small,3,manufacturing,1,1
6740,small,1,services,0,0
6741,mid,0,retail,0,0
6742,small,3,services,1,0
6743,large,2,retail,1,1
6744,small,2,services,1,1
6745,mid,1,retail,0,0
6746,small,3,services,1,0
6747,mid,1,services,1,0
6748,small,3,tech,1,1
6749,large,0,manufacturing,0,0
6750,small,4,services,1,0
6751,small,2,services,1,0
6752,mid,2,tech,1,0
6753,small,1,tech,0,0
6754,small,0,tech,1,0
6755,small,5,services,1,0
6756,large,1,retail,1,1
6757,small,1,retail,0,0
6758,small,2,services,1,1
6759,large,3,tech,0,1
6760,large,2,services,1,0
6761,mid,2,tech,0,0
6762,small,2,manufacturing,1,1
6763,large,2,services,0,0
6764,small,3,services,0,0
6765,small,1,tech,1,0
6766,small,4,retail,1,1
6767,mid,0,services,0,0
6768,mid,3,manufacturing,1,0
6769,large,1,services,1,0
6770,small,2,services,1,0
6771,large,0,tech,0,0
6772,mid,4,tech,0,0
6773,mid,3,tech,0,0
6774,small,3,services,0,0
6775,small,1,tech,1,1
6776,small,5,manufacturing,1,0
6777,small,1,tech,0,0
6778,small,3,tech,1,1
6779,mid,1,manufacturing,0,0
6780,mid,0,tech,0,0
6781,small,3,manufacturing,0,0
6782,small,3,services,1,1
6783,mid,2,services,0,0
6784,mid,2,manufacturing,0,0
6785,mid,1,tech,0,0
6786,mid,1,retail,0,0
6787,mid,4,services,1,1
6788,small,3,tech,1,1
6789,mid,2,tech,0,0
6790,mid,4,services,1,0
6791,mid,5,retail,0,0
6792,small,0,tech,0,1
6793,small,0,manufacturing,0,0
6794,small,0,manufacturing,1,1
6795,small,3,manufacturing,0,0
6796,small,1,tech,1,1
6797,mid,2,retail,0,0
6798,small,2,retail,0,0
6799,small,2,services,0,0
6800,small,2,services,0,0
6801,small,2,tech,1,0
6802,mid,1,retail,0,1
6803,small,3,retail,0,1
6804,large,0,retail,1,1
6805,mid,6,services,0,0
6806,large,2,services,0,0
6807,large,2,manufacturing,1,0
6808,small,1,services,1,0
6809,small,0,tech,0,0
6810,small,2,tech,0,0
6811,small,1,manufacturing,1,1
6812,mid,1,services,0,0
6813,small,2,manufacturing,1,0
6814,mid,2,manufacturing,0,0
6815,small,2,services,0,0
6816,small,0,manufacturing,0,0
6817,mid,0,retail,1,0
6818,small,2,services,0,0
6819,small,2,retail,1,0
6820,small,2,manufacturing,0,1
6821,large,4,services,0,0
6822,mid,0,retail,0,1
6823,small,4,manufacturing,1,0
6824,small,3,retail,1,1
6825,small,0,manufacturing,0,0
6826,small,0,retail,0,0
6827,mid,2,retail,0,0
6828,small,2,services,1,0
6829,mid,1,tech,0,0
6830,large,3,services,0,0
6831,mid,1,services,0,0
6832,small,1,manufacturing,0,0
6833,mid,1,tech,0,0
6834,small,2,retail,0,0
6835,mid,1,retail,1,0
6836,large,3,services,1,1
6837,mid,1,manufacturing,0,0
6838,small,1,tech,1,0
6839,mid,0,services,0,1
6840,mid,2,tech,0,1
6841,small,1,retail,1,1
6842,mid,3,retail,0,0
6843,small,3,services,0,0
6844,mid,1,services,1,1
6845,mid,0,tech,0,0
6846,mid,9,tech,0,0
6847,small,1,tech,1,0
6848,small,5,tech,0,0
6849,mid,1,retail,1,0
6850,small,0,tech,1,0
6851,small,1,retail,1,1
6852,small,2,tech,0,1
6853,mid,1,manufacturing,1,1
6854,small,1,manufacturing,0,0
6855,mid,1,retail,0,0
6856,mid,1,retail,0,0
6857,mid,0,manufacturing,0,0
6858,large,1,manufacturing,1,0
6859,small,2,tech,1,0
6860,mid,2,tech,0,0
6861,small,1,tech,1,1
6862,small,2,services,0,0
6863,small,1,services,0,0
6864,small,0,retail,0,0
6865,mid,3,retail,0,0
6866,small,3,manufacturing,0,0
6867,mid,4,retail,1,0
6868,mid,5,services,0,1
6869,small,2,tech,0,0
6870,small,3,services,0,0
6871,small,0,tech,0,0
6872,small,5,services,1,1
6873,small,1,retail,0,0
6874,mid,0,services,0,0
6875,small,2,manufacturing,0,0
6876,large,4,services,0,0
6877,mid,1,services,1,1
6878,mid,0,manufacturing,1,0
6879,small,3,services,1,0
6880,small,2,manufacturing,1,1
6881,large,4,tech,1,1
6882,mid,3,manufacturing,1,1
6883,large,1,manufacturing,0,0
6884,small,2,manufacturing,0,0
6885,small,1,manufacturing,1,1
6886,mid,3,manufacturing,1,0
6887,small,3,tech,1,0
6888,small,4,manufacturing,1,0
6889,small,2,retail,0,1
6890,mid,2,manufacturing,0,0
6891,small,2,retail,0,1
6892,mid,1,manufacturing,0,0
6893,small,1,tech,0,0
6894,small,4,manufacturing,1,0
6895,mid,4,tech,1,0
6896,mid,0,services,1,0
6897,small,1,retail,1,0
6898,mid,2,manufacturing,1,0
6899,small,1,tech,0,0
6900,large,4,manufacturing,1,1
6901,mid,1,tech,0,0
6902,small,1,manufacturing,1,1
6903,small,4,manufacturing,1,0
6904,small,1,manufacturing,0,0
6905,small,4,tech,0,0
6906,mid,3,manufacturing,0,1
6907,mid,0,tech,0,0
6908,mid,0,manufacturing,1,0
6909,small,2,retail,0,0
6910,mid,3,services,1,0
6911,mid,0,services,0,0
6912,small,3,manufacturing,1,1
6913,small,4,services,1,1
6914,small,3,retail,0,0
6915,mid,1,manufacturing,1,0
6916,small,1,manufacturing,1,0
6917,mid,3,retail,0,0
6918,small,2,services,0,0
6919,small,1,services,0,0
6920,mid,1,services,1,0
6921,mid,1,retail,0,0
6922,mid,3,services,1,1
6923,mid,2,tech,0,0
6924,small,1,manufacturing,1,0
6925,large,2,services,1,0
6926,mid,2,manufacturing,1,0
6927,large,0,services,0,0
6928,large,2,retail,1,1
6929,small,3,services,1,0
6930,large,3,tech,1,1
6931,small,0,tech,0,0
6932,mid,0,tech,0,0
6933,small,1,services,0,0
6934,small,3,retail,1,0
6935,mid,3,retail,1,0
6936,small,2,services,0,0
6937,mid,2,retail,0,0
6938,small,1,manufacturing,0,0
6939,small,2,manufacturing,0,0
6940,small,4,manufacturing,1,1
6941,mid,1,manufacturing,0,0
6942,mid,1,tech,0,0
6943,mid,1,retail,1,0
6944,small,3,manufacturing,0,0
6945,large,2,tech,1,1
6946,small,0,services,1,0
6947,large,3,tech,0,0
6948,mid,2,retail,1,1
6949,small,1,manufacturing,0,0
6950,large,2,manufacturing,0,0
6951,small,1,retail,0,0
6952,mid,1,tech,1,1
6953,small,4,manufacturing,1,0
6954,mid,2,services,0,0
6955,mid,0,services,0,0
6956,small,1,retail,1,0
6957,small,3,tech,1,1
6958,large,2,retail,1,0
6959,small,2,retail,0,1
6960,small,0,services,0,0
6961,small,0,services,0,0
6962,small,5,retail,0,0
6963,small,1,tech,0,0
6964,small,1,tech,0,0
6965,mid,1,tech,0,0
6966,small,3,tech,0,0
6967,small,1,services,1,0
6968,small,1,retail,0,0
6969,small,3,retail,0,0
6970,small,6,tech,0,0
6971,mid,3,tech,1,0
6972,mid,1,services,0,0
6973,mid,3,tech,0,0
6974,mid,3,tech,0,0
6975,small,1,services,1,0
6976,mid,0,services,0,0
6977,mid,3,tech,1,0
6978,mid,1,manufacturing,0,0
6979,small,1,tech,1,0
6980,large,2,tech,1,1
6981,small,0,services,0,0
6982,mid,3,manufacturing,0,0
6983,mid,4,manufacturing,0,1
6984,mid,2,retail,1,0
6985,small,2,retail,1,0
6986,large,2,retail,1,0
6987,small,4,manufacturing,0,0
6988,small,2,retail,0,0
6989,mid,0,tech,0,1
6990,mid,1,retail,0,0
6991,small,2,manufacturing,1,1
6992,small,3,tech,1,0
6993,large,1,tech,0,0
6994,small,0,services,0,0
6995,small,3,manufacturing,1,0
6996,small,2,manufacturing,0,0
6997,mid,0,services,0,0
6998,mid,4,retail,1,0
6999,mid,4,tech,1,0
7000,small,0,retail,0,0
7001,small,3,retail,0,0
7002,mid,1,tech,0,0
7003,large,2,services,1,0
7004,mid,4,retail,1,0
7005,small,5,retail,0,1
7006,small,2,services,1,1
7007,small,0,tech,0,0
7008,mid,1,services,0,0
7009,small,2,manufacturing,0,0
7010,mid,2,tech,1,0
7011,small,2,services,0,0
7012,small,3,tech,1,1
7013,mid,0,services,1,0
7014,mid,1,tech,1,0
7015,small,4,tech,0,1
7016,small,1,tech,1,0
7017,small,3,services,0,0
7018,small,2,retail,0,0
7019,mid,3,tech,0,1
7020,small,1,retail,1,1
7021,mid,1,services,0,0
7022,mid,1,tech,0,0
7023,mid,2,services,0,0
7024,small,0,manufacturing,0,0
7025,small,0,tech,0,0
7026,mid,6,manufacturing,1,1
7027,small,2,services,1,1
7028,small,2,manufacturing,1,0
7029,small,0,services,1,0
7030,mid,4,tech,1,0
7031,small,2,manufacturing,1,0
7032,mid,3,manufacturing,1,0
7033,small,1,tech,0,0
7034,small,4,tech,0,0
7035,large,1,manufacturing,0,0
7036,small,2,retail,1,0
7037,small,3,retail,0,0
7038,small,3,tech,1,0
7039,mid,2,services,0,0
7040,small,1,services,0,0
7041,mid,3,tech,1,1
7042,small,1,tech,1,0
7043,mid,1,tech,0,0
7044,small,1,retail,0,0
7045,small,5,services,1,0
7046,small,3,manufacturing,1,0
7047,small,3,services,0,0
7048,mid,6,tech,1,1
7049,small,2,services,1,0
7050,mid,0,manufacturing,0,0
7051,large,0,manufacturing,0,0
7052,small,0,manufacturing,0,0
7053,mid,2,services,1,0
7054,large,1,retail,0,0
7055,small,2,services,1,0
7056,small,0,retail,1,0
7057,small,1,retail,0,0
7058,mid,2,services,1,0
7059,mid,0,manufacturing,0,0
7060,mid,2,tech,0,0
7061,small,0,manufacturing,0,0
7062,small,1,manufacturing,0,0
7063,small,3,tech,0,0
7064,small,2,retail,0,0
7065,small,3,services,0,0
7066,small,1,retail,1,1
7067,large,5,services,1,1
7068,small,2,manufacturing,1,0
7069,small,0,manufacturing,1,0
7070,mid,1,services,1,0
7071,small,1,manufacturing,1,1
7072,mid,0,retail,0,0
7073,small,0,tech,0,0
7074,small,4,services,0,0
7075,mid,3,retail,1,0
7076,mid,1,services,1,0
7077,large,2,tech,0,0
7078,small,3,services,1,1
7079,mid,2,manufacturing,1,1
7080,small,3,manufacturing,0,0
7081,small,2,manufacturing,0,0
7082,mid,1,retail,0,0
7083,small,0,manufacturing,0,0
7084,small,2,services,0,0
7085,small,0,tech,0,0
7086,mid,6,manufacturing,1,0
7087,small,4,manufacturing,0,1
7088,small,3,retail,0,0
7089,small,5,tech,0,0
7090,small,2,tech,0,0
7091,mid,3,retail,0,0
7092,small,0,tech,1,1
7093,mid,2,tech,0,0
7094,mid,2,manufacturing,0,1
7095,small,1,retail,1,0
7096,small,2,manufacturing,0,0
7097,small,0,services,0,0
7098,mid,2,manufacturing,0,0
7099,mid,2,services,0,0
7100,small,4,tech,0,0
7101,small,2,services,0,0
7102,mid,1,manufacturing,0,0
7103,mid,3,retail,1,0
7104,mid,3,retail,0,0
7105,small,2,services,0,0
7106,large,0,retail,1,0
7107,small,1,tech,0,0
7108,small,2,retail,0,1
7109,small,2,retail,0,0
7110,large,1,manufacturing,0,0
7111,mid,5,services,0,0
7112,mid,3,manufacturing,0,0
7113,small,0,services,1,0
7114,mid,0,services,0,0
7115,small,2,retail,0,1
7116,small,6,tech,0,0
7117,small,1,services,0,0
7118,mid,4,manufacturing,1,0
7119,small,0,manufacturing,0,0
7120,large,1,manufacturing,0,0
7121,large,0,services,1,0
7122,mid,2,retail,0,0
7123,small,2,manufacturing,1,0
7124,small,3,tech,0,0
7125,small,1,manufacturing,1,0
7126,mid,4,services,1,0
7127,small,3,services,0,0
7128,large,2,services,1,0
7129,small,1,retail,0,0
7130,small,0,manufacturing,0,0
7131,mid,1,tech,0,0
7132,large,2,services,0,0
7133,mid,1,retail,0,0
7134,small,5,manufacturing,0,0
7135,small,2,retail,0,0
7136,mid,3,services,1,0
7137,mid,1,retail,0,0
7138,large,1,tech,0,0
7139,mid,2,manufacturing,1,0
7140,mid,1,tech,0,0
7141,mid,2,services,0,1
7142,mid,2,retail,0,0
7143,mid,5,retail,0,0
7144,small,0,manufacturing,0,0
7145,small,1,manufacturing,1,0
7146,small,1,tech,1,1
7147,small,2,retail,0,0
7148,large,1,services,0,0
7149,mid,2,services,1,0
7150,mid,2,tech,1,1
7151,large,2,manufacturing,1,1
7152,small,2,manufacturing,0,0
7153,large,1,services,1,1
7154,large,1,retail,1,0
7155,small,3,manufacturing,0,0
7156,small,3,retail,1,0
7157,small,0,services,0,0
7158,small,4,manufacturing,1,1
7159,large,2,tech,1,0
7160,small,3,tech,1,0
7161,large,2,services,1,1
7162,mid,3,retail,0,0
7163,small,0,manufacturing,0,0
7164,small,4,services,1,1
7165,mid,0,retail,1,1
7166,small,2,manufacturing,0,0
7167,small,1,manufacturing,0,1
7168,small,3,manufacturing,0,0
7169,small,5,manufacturing,1,1
7170,large,3,retail,0,0
7171,small,2,retail,0,0
7172,large,2,services,1,0
7173,mid,2,services,1,1
7174,small,1,retail,0,0
7175,large,1,manufacturing,0,0
7176,large,2,tech,0,1
7177,large,3,services,0,0
7178,small,1,services,1,0
7179,small,3,manufacturing,0,0
7180,mid,1,retail,0,1
7181,large,5,tech,0,0
7182,small,0,services,0,0
7183,small,3,tech,0,0
7184,small,2,retail,0,0
7185,small,2,manufacturing,0,0
7186,mid,3,retail,0,0
7187,small,4,services,0,0
7188,small,2,retail,0,1
7189,mid,3,services,1,1
7190,mid,1,retail,0,0
7191,mid,0,tech,0,0
7192,small,1,manufacturing,1,0
7193,small,1,tech,0,0
7194,small,2,tech,1,0
7195,mid,0,manufacturing,0,0
7196,mid,5,manufacturing,1,0
7197,small,0,manufacturing,0,0
7198,mid,6,services,0,1
7199,mid,0,retail,0,0
7200,mid,1,manufacturing,0,1
7201,small,4,manufacturing,0,0
7202,small,3,manufacturing,1,0
7203,mid,4,tech,1,0
7204,mid,0,services,0,0
7205,small,4,retail,1,0
7206,mid,3,services,0,0
7207,mid,0,manufacturing,0,0
7208,small,2,tech,0,0
7209,large,2,services,0,1
7210,small,1,services,0,0
7211,mid,3,services,0,0
7212,small,0,retail,1,0
7213,mid,2,retail,0,1
7214,small,3,retail,1,1
7215,small,3,retail,1,1
7216,small,3,manufacturing,1,0
7217,small,1,manufacturing,0,0
7218,mid,4,services,1,0
7219,small,1,services,0,1
7220,small,0,retail,0,1
7221,mid,1,retail,1,0
7222,small,3,retail,0,0
7223,small,0,manufacturing,0,0
7224,mid,1,manufacturing,1,0
7225,mid,2,tech,0,0
7226,small,3,tech,0,0
7227,mid,1,tech,0,0
7228,large,1,tech,1,0
7229,large,1,tech,0,0
7230,mid,4,retail,1,1
7231,large,2,tech,1,1
7232,large,1,retail,0,0
7233,mid,0,tech,0,0
7234,small,2,manufacturing,0,0
7235,mid,2,tech,0,0
7236,mid,1,retail,0,0
7237,mid,3,retail,0,0
7238,small,3,services,0,0
7239,large,1,services,0,0
7240,small,2,tech,0,0
7241,large,2,manufacturing,1,0
7242,small,6,manufacturing,1,0
7243,small,3,retail,1,1
7244,mid,1,retail,0,0
7245,small,0,tech,1,0
7246,small,2,services,1,1
7247,mid,5,services,1,0
7248,mid,1,retail,0,0
7249,large,2,services,1,0
7250,mid,0,services,0,0
7251,large,2,tech,0,1
7252,small,4,services,1,0
7253,mid,3,retail,1,1
7254,mid,1,retail,0,0
7255,small,3,manufacturing,1,0
7256,mid,3,manufacturing,1,0
7257,mid,1,tech,1,0
7258,mid,1,tech,0,0
7259,large,2,manufacturing,1,1
7260,mid,4,services,0,1
7261,small,0,retail,0,0
7262,mid,1,manufacturing,0,0
7263,mid,2,manufacturing,0,0
7264,mid,1,retail,0,0
7265,large,3,retail,1,0
7266,mid,3,services,0,0
7267,mid,1,manufacturing,0,0
7268,mid,1,retail,1,0
7269,small,2,retail,0,0
7270,small,3,manufacturing,0,0
7271,small,2,services,1,1
7272,small,3,tech,1,1
7273,large,3,tech,0,0
7274,small,2,retail,0,0
7275,large,3,services,1,1
7276,small,2,manufacturing,0,0
7277,small,1,tech,0,1
7278,small,2,retail,0,0
7279,mid,2,retail,0,1
7280,large,1,manufacturing,0,0
7281,mid,3,manufacturing,0,0
7282,small,1,tech,1,1
7283,mid,0,services,0,0
7284,small,3,retail,1,0
7285,small,2,retail,0,0
7286,mid,5,retail,0,0
7287,small,2,tech,0,0
7288,mid,1,manufacturing,0,1
7289,large,3,manufacturing,0,0
7290,small,1,retail,1,0
7291,mid,2,manufacturing,1,0
7292,small,4,retail,1,0
7293,small,4,retail,0,0
7294,small,0,retail,0,0
7295,large,2,retail,1,1
7296,small,0,manufacturing,0,0
7297,small,4,tech,0,0
7298,small,1,tech,1,1
7299,small,5,services,1,0
7300,large,2,retail,0,0
7301,small,1,retail,0,0
7302,large,2,retail,0,0
7303,mid,0,manufacturing,0,0
7304,mid,2,retail,1,1
7305,mid,2,manufacturing,1,0
7306,mid,0,tech,1,1
7307,mid,5,manufacturing,0,0
7308,large,4,services,1,1
7309,small,4,tech,1,1
7310,small,3,manufacturing,0,0
7311,small,5,retail,0,0
7312,small,3,tech,0,1
7313,mid,5,tech,1,0
7314,large,0,services,0,0
7315,mid,1,tech,1,0
7316,small,2,retail,1,0
7317,small,2,services,0,0
7318,mid,2,manufacturing,1,0
7319,mid,1,tech,1,0
7320,mid,0,tech,0,0
7321,mid,1,services,1,1
7322,small,4,manufacturing,1,1
7323,large,4,tech,0,0
7324,mid,1,retail,0,0
7325,mid,2,manufacturing,1,0
7326,small,2,manufacturing,1,1
7327,small,3,manufacturing,0,0
7328,small,3,manufacturing,0,1
7329,small,0,retail,0,0
7330,small,1,manufacturing,0,0
7331,mid,3,services,0,1
7332,small,4,manufacturing,0,0
7333,mid,5,services,1,1
7334,small,1,services,0,1
7335,small,1,tech,1,0
7336,large,2,services,1,1
7337,mid,1,retail,1,1
7338,small,1,tech,0,0
7339,small,2,services,1,0
7340,small,2,manufacturing,0,0
7341,mid,1,retail,0,0
7342,mid,3,services,0,0
7343,small,3,tech,0,0
7344,small,3,retail,1,0
7345,small,1,retail,1,0
7346,mid,7,retail,1,1
7347,small,3,manufacturing,0,0
7348,large,1,retail,0,0
7349,mid,2,tech,0,0
7350,small,3,manufacturing,1,0
7351,small,0,manufacturing,0,0
7352,small,0,services,0,1
7353,large,0,tech,0,0
7354,small,0,manufacturing,0,1
7355,small,1,manufacturing,0,0
7356,small,3,tech,1,1
7357,mid,0,manufacturing,0,0
7358,large,2,retail,1,1
7359,mid,3,tech,1,1
7360,small,4,manufacturing,1,1
7361,large,1,tech,1,1
7362,mid,2,manufacturing,0,0
7363,large,3,tech,1,1
7364,small,3,services,0,0
7365,small,0,tech,0,0
7366,small,1,services,1,0
7367,small,2,manufacturing,0,1
7368,small,3,services,0,0
7369,mid,1,manufacturing,0,0
7370,small,1,services,0,0
7371,small,3,retail,1,0
7372,large,1,services,1,1
7373,mid,1,services,0,0
7374,mid,3,services,1,0
7375,mid,2,services,0,0
7376,mid,1,retail,1,1
7377,small,2,manufacturing,0,0
7378,large,4,retail,0,1
7379,small,1,retail,1,1
7380,small,0,retail,1,1
7381,mid,4,retail,1,0
7382,mid,4,tech,0,0
7383,small,3,manufacturing,0,1
7384,mid,1,manufacturing,0,0
7385,small,2,retail,1,1
7386,small,1,services,1,1
7387,large,5,retail,0,0
7388,large,2,services,0,0
7389,mid,1,retail,0,0
7390,mid,2,services,1,0
7391,mid,3,services,0,0
7392,small,1,services,1,0
7393,large,4,manufacturing,1,0
7394,mid,3,manufacturing,0,0
7395,mid,5,services,1,0
7396,large,2,tech,1,0
7397,mid,0,retail,1,0
7398,small,0,retail,0,0
7399,small,3,retail,1,0
7400,mid,1,manufacturing,0,0
7401,large,3,manufacturing,1,0
7402,mid,0,retail,1,0
7403,small,1,manufacturing,1,0
7404,small,1,manufacturing,1,0
7405,small,4,retail,1,1
7406,mid,0,tech,0,0
7407,mid,3,retail,0,0
7408,small,1,services,0,1
7409,mid,1,retail,0,0
7410,small,3,retail,0,0
7411,mid,2,retail,0,0
7412,mid,1,retail,1,1
7413,large,3,tech,1,1
7414,small,1,services,0,0
7415,small,0,services,0,0
7416,mid,2,manufacturing,0,0
7417,small,3,services,0,0
7418,mid,2,tech,1,1
7419,small,0,tech,0,0
7420,small,0,tech,1,0
7421,small,5,services,1,1
7422,mid,3,tech,0,0
7423,small,1,manufacturing,0,0
7424,small,3,manufacturing,1,0
7425,small,0,manufacturing,1,1
7426,mid,3,manufacturing,1,0
7427,small,2,manufacturing,0,0
7428,small,4,tech,1,1
7429,mid,1,manufacturing,0,0
7430,mid,2,tech,0,0
7431,small,4,tech,1,1
7432,large,4,tech,0,1
7433,small,3,tech,0,0
7434,small,2,tech,0,0
7435,mid,1,retail,0,1
7436,small,2,services,0,0
7437,mid,3,manufacturing,0,0
7438,mid,4,retail,1,0
7439,small,2,manufacturing,0,0
7440,mid,2,tech,0,0
7441,mid,0,services,1,0
7442,small,1,retail,1,1
7443,mid,6,manufacturing,0,0
7444,mid,2,manufacturing,0,1
7445,mid,4,services,1,0
7446,small,2,retail,0,0
7447,small,1,services,0,0
7448,mid,5,retail,0,1
7449,mid,3,retail,0,0
7450,small,1,tech,1,0
7451,small,1,tech,0,0
7452,mid,1,services,0,0
7453,mid,0,manufacturing,1,0
7454,mid,3,manufacturing,0,0
7455,small,1,retail,1,0
7456,mid,4,services,1,1
7457,small,4,retail,0,1
7458,large,2,manufacturing,1,0
7459,small,4,services,1,1
7460,small,4,manufacturing,0,0
7461,small,3,services,1,0
7462,mid,1,tech,0,0
7463,mid,4,manufacturing,1,0
7464,mid,2,tech,0,0
7465,small,2,retail,0,1
7466,mid,1,services,1,0
7467,small,0,manufacturing,0,0
7468,small,1,services,0,0
7469,small,2,tech,1,1
7470,mid,2,services,1,1
7471,large,0,tech,0,0
7472,mid,1,tech,1,0
7473,mid,3,services,0,0
7474,large,3,tech,1,1
7475,small,5,retail,1,0
7476,mid,2,retail,0,1
7477,mid,0,services,1,0
7478,small,2,tech,1,0
7479,mid,2,services,0,0
7480,small,5,manufacturing,1,0
7481,small,1,services,0,0
7482,small,1,tech,0,0
7483,small,1,retail,0,0
7484,small,1,services,0,0
7485,small,3,services,0,1
7486,small,2,retail,0,0
7487,small,4,services,0,0
7488,mid,3,services,1,0
7489,small,1,retail,1,0
7490,mid,1,retail,0,0
7491,small,1,retail,1,0
7492,small,1,retail,1,0
7493,small,5,tech,1,0
7494,large,4,tech,0,0
7495,small,3,tech,0,0
7496,small,1,manufacturing,1,0
7497,small,3,retail,0,0
7498,mid,1,manufacturing,1,0
7499,small,0,services,1,0
7500,small,2,manufacturing,1,0
7501,mid,0,retail,0,0
7502,mid,1,manufacturing,0,0
7503,small,1,services,1,0
7504,small,2,tech,1,0
7505,large,4,retail,0,0
7506,small,2,services,1,0
7507,small,1,retail,0,0
7508,mid,0,tech,0,0
7509,large,3,services,1,0
7510,small,4,retail,1,0
7511,small,1,retail,1,1
7512,mid,2,retail,0,0
7513,mid,3,tech,1,1
7514,small,2,tech,0,0
7515,small,4,manufacturing,0,0
7516,mid,2,tech,0,0
7517,small,1,manufacturing,0,0
7518,small,2,services,1,0
7519,small,3,manufacturing,0,0
7520,mid,4,retail,1,1
7521,small,1,retail,0,0
7522,small,0,manufacturing,0,0
7523,mid,1,retail,0,1
7524,mid,0,services,1,0
7525,small,3,services,0,0
7526,mid,2,services,0,1
7527,mid,3,manufacturing,0,0
7528,small,3,manufacturing,0,1
7529,mid,3,retail,1,0
7530,mid,1,services,0,0
7531,mid,3,tech,0,0
7532,large,2,manufacturing,0,0
7533,small,2,tech,0,0
7534,small,1,tech,0,0
7535,small,4,retail,0,0
7536,mid,2,tech,0,0
7537,small,3,retail,0,1
7538,small,2,manufacturing,0,0
7539,small,1,tech,1,0
7540,mid,1,services,0,1
7541,mid,1,retail,1,1
7542,small,1,manufacturing,1,1
7543,small,2,services,1,1
7544,small,2,services,0,0
7545,small,1,tech,0,0
7546,mid,4,retail,0,0
7547,small,1,tech,0,0
7548,mid,0,services,1,1
7549,small,0,manufacturing,0,0
7550,small,2,manufacturing,0,0
7551,small,0,services,0,0
7552,mid,3,services,0,0
7553,mid,2,services,0,1
7554,small,1,retail,1,0
7555,small,4,services,1,0
7556,small,2,manufacturing,1,1
7557,mid,0,manufacturing,0,0
7558,small,3,retail,0,0
7559,mid,5,manufacturing,0,0
7560,mid,2,tech,0,0
7561,small,3,manufacturing,0,0
7562,large,1,manufacturing,1,0
7563,mid,0,manufacturing,0,0
7564,large,5,manufacturing,0,0
7565,large,0,manufacturing,0,0
7566,small,2,tech,0,0
7567,mid,2,manufacturing,0,0
7568,small,0,tech,0,0
7569,mid,0,services,1,0
7570,large,3,retail,1,0
7571,small,2,retail,1,0
7572,mid,1,services,0,0
7573,mid,1,retail,1,0
7574,small,1,retail,1,0
7575,small,2,retail,1,0
7576,small,2,services,1,1
7577,small,2,retail,0,0
7578,mid,2,manufacturing,1,0
7579,small,1,tech,0,0
7580,mid,3,manufacturing,0,0
7581,mid,2,services,1,1
7582,small,2,manufacturing,0,0
7583,mid,3,manufacturing,0,0
7584,small,2,services,0,0
7585,mid,3,services,0,0
7586,small,3,retail,1,0
7587,small,1,retail,0,0
7588,small,2,manufacturing,1,0
7589,mid,2,services,0,1
7590,mid,2,tech,0,0
7591,small,4,services,1,0
7592,small,1,tech,1,1
7593,small,2,retail,0,0
7594,large,0,retail,0,0
7595,large,3,retail,0,0
7596,large,4,retail,1,1
7597,mid,1,manufacturing,1,0
7598,small,4,services,0,0
7599,small,3,manufacturing,0,1
7600,mid,3,retail,1,0
7601,small,1,retail,0,0
7602,small,1,tech,0,0
7603,mid,0,manufacturing,0,0
7604,small,3,retail,0,0
7605,small,2,manufacturing,1,0
7606,mid,1,retail,0,0
7607,mid,3,services,0,0
7608,mid,3,services,0,1
7609,mid,2,services,1,0
7610,mid,3,retail,0,0
7611,small,0,manufacturing,0,0
7612,mid,4,services,1,1
7613,small,1,manufacturing,1,0
7614,small,1,retail,1,1
7615,small,2,manufacturing,0,0
7616,small,1,retail,0,0
7617,mid,4,services,1,0
7618,small,2,tech,0,0
7619,small,0,tech,1,0
7620,mid,1,tech,1,0
7621,large,2,services,1,0
7622,mid,1,manufacturing,0,0
7623,large,4,manufacturing,0,1
7624,mid,0,services,0,0
7625,large,2,manufacturing,0,0
7626,mid,2,tech,1,0
7627,mid,1,tech,1,0
7628,mid,3,tech,1,0
7629,small,2,tech,0,0
7630,small,3,services,0,0
7631,mid,2,retail,0,0
7632,small,2,tech,0,0
7633,large,3,manufacturing,1,1
7634,small,1,retail,0,0
7635,small,3,services,1,0
7636,small,2,services,1,1
7637,small,0,manufacturing,0,0
7638,mid,3,manufacturing,0,0
7639,small,1,retail,0,0
7640,mid,4,services,1,1
7641,large,4,retail,0,0
7642,small,4,manufacturing,0,0
7643,large,2,services,0,0
7644,mid,3,tech,1,1
7645,small,1,tech,1,1
7646,mid,0,services,1,1
7647,small,1,services,0,1
7648,small,5,services,1,1
7649,small,1,retail,1,0
7650,small,3,services,0,0
7651,small,0,services,1,0
7652,small,2,retail,0,0
7653,mid,0,tech,1,0
7654,small,0,services,1,0
7655,mid,2,manufacturing,1,0
7656,large,3,retail,0,1
7657,large,1,manufacturing,0,0
7658,small,2,tech,1,1
7659,mid,3,retail,0,0
7660,mid,4,retail,1,0
7661,large,2,manufacturing,0,0
7662,small,3,services,0,0
7663,large,2,manufacturing,1,1
7664,mid,1,services,0,1
7665,small,1,tech,0,0
7666,mid,1,retail,0,0
7667,small,1,services,1,0
7668,mid,1,tech,1,0
7669,mid,2,retail,0,0
7670,large,2,services,1,1
7671,small,1,services,0,0
7672,small,2,services,0,0
7673,small,2,services,0,0
7674,small,1,tech,0,0
7675,small,1,services,0,0
7676,mid,2,manufacturing,1,0
7677,mid,1,services,1,0
7678,small,0,tech,0,0
7679,small,0,manufacturing,0,0
7680,mid,3,retail,0,1
7681,mid,3,services,1,1
7682,mid,4,tech,1,0
7683,mid,4,retail,1,0
7684,small,4,retail,1,1
7685,mid,1,manufacturing,1,1
7686,small,2,tech,1,0
7687,small,2,services,1,0
7688,mid,2,retail,0,0
7689,mid,2,services,0,0
7690,large,1,services,1,0
7691,mid,3,retail,0,0
7692,small,3,services,0,1
7693,small,5,tech,0,0
7694,small,0,retail,0,0
7695,small,2,services,0,0
7696,mid,2,tech,0,0
7697,small,1,retail,0,0
7698,small,1,retail,0,0
7699,small,2,services,0,0
7700,small,3,manufacturing,0,0
7701,mid,1,tech,0,0
7702,small,3,tech,0,0
7703,small,2,manufacturing,0,0
7704,small,5,retail,0,0
7705,mid,0,services,1,0
7706,mid,1,manufacturing,0,0
7707,small,4,services,1,0
7708,small,0,retail,0,0
7709,large,1,tech,1,1
7710,large,2,retail,1,1
7711,small,3,services,0,0
7712,small,3,manufacturing,0,0
7713,small,2,services,1,0
7714,small,0,manufacturing,0,0
7715,small,3,services,0,0
7716,small,1,manufacturing,0,0
7717,small,1,retail,1,0
7718,large,2,manufacturing,0,0
7719,small,0,manufacturing,0,0
7720,small,1,manufacturing,0,0
7721,mid,2,tech,0,0
7722,large,5,manufacturing,1,1
7723,small,2,services,1,1
7724,mid,2,manufacturing,0,0
7725,small,3,tech,0,0
7726,mid,2,tech,1,0
7727,small,2,manufacturing,0,0
7728,small,2,manufacturing,0,0
7729,large,2,services,1,1
7730,mid,1,services,0,0
7731,mid,3,tech,1,0
7732,mid,1,retail,1,0
7733,large,2,tech,0,0
7734,small,3,manufacturing,1,1
7735,small,3,manufacturing,1,0
7736,mid,5,tech,0,1
7737,small,3,tech,1,0
7738,large,4,tech,0,0
7739,mid,1,tech,0,0
7740,mid,2,tech,0,1
7741,large,2,tech,0,1
7742,mid,1,tech,1,1
7743,large,3,retail,0,0
7744,small,5,services,1,0
7745,large,1,retail,0,0
7746,mid,3,services,0,0
7747,mid,2,services,1,0
7748,small,2,services,1,0
7749,small,2,retail,0,1
7750,mid,3,tech,1,0
7751,mid,1,retail,0,0
7752,large,3,retail,1,0
7753,small,5,manufacturing,0,0
7754,large,3,tech,1,1
7755,small,2,retail,1,0
7756,small,1,tech,1,0
7757,small,1,tech,0,0
7758,small,1,manufacturing,0,0
7759,mid,3,services,0,1
7760,small,5,services,0,0
7761,mid,2,services,0,1
7762,large,5,tech,1,0
7763,large,0,tech,0,0
7764,small,3,tech,0,0
7765,small,1,tech,1,0
7766,small,2,manufacturing,0,0
7767,small,2,retail,0,0
7768,mid,4,tech,0,0
7769,small,0,services,0,0
7770,small,3,tech,1,0
7771,small,0,services,1,1
7772,small,0,services,0,0
7773,large,1,manufacturing,1,0
7774,mid,0,manufacturing,0,0
7775,small,0,services,0,0
7776,large,3,services,1,1
7777,small,1,tech,1,0
7778,small,0,tech,1,0
7779,small,1,tech,0,0
7780,mid,1,tech,1,0
7781,large,0,services,1,0
7782,small,2,services,1,1
7783,mid,0,tech,0,0
7784,large,2,tech,0,0
7785,small,1,retail,0,0
7786,large,3,manufacturing,1,1
7787,small,5,services,0,0
7788,mid,4,tech,1,1
7789,mid,2,services,0,0
7790,small,3,manufacturing,1,1
7791,mid,0,tech,1,0
7792,small,3,retail,0,0
7793,mid,2,manufacturing,0,0
7794,small,3,retail,1,0
7795,mid,3,tech,1,0
7796,mid,4,manufacturing,1,1
7797,large,1,services,0,0
7798,mid,3,services,0,0
7799,large,4,manufacturing,0,0
7800,small,3,retail,1,0
7801,small,1,services,0,0
7802,mid,3,tech,1,1
7803,small,2,retail,1,1
7804,large,3,manufacturing,1,0
7805,small,5,manufacturing,0,0
7806,small,2,manufacturing,0,0
7807,small,1,services,0,1
7808,mid,2,manufacturing,0,0
7809,mid,2,tech,1,0
7810,small,1,tech,1,1
7811,mid,0,manufacturing,0,0
7812,small,2,tech,0,0
7813,mid,2,manufacturing,1,1
7814,mid,2,tech,1,0
7815,mid,1,tech,0,0
7816,small,2,retail,1,0
7817,mid,0,tech,1,0
7818,mid,4,retail,0,1
7819,mid,2,manufacturing,1,0
7820,small,3,manufacturing,0,0
7821,small,1,tech,1,0
7822,mid,2,retail,0,0
7823,mid,1,tech,1,1
7824,mid,1,services,0,0
7825,small,5,manufacturing,1,0
7826,mid,0,services,1,1
7827,mid,1,manufacturing,1,1
7828,mid,1,tech,1,0
7829,mid,3,services,0,0
7830,small,0,tech,1,1
7831,small,6,services,1,0
7832,small,3,services,0,0
7833,mid,1,retail,1,0
7834,large,3,retail,0,0
7835,small,1,services,0,0
7836,mid,2,services,1,0
7837,mid,0,retail,1,0
7838,large,0,manufacturing,0,0
7839,small,1,manufacturing,0,0
7840,mid,4,services,0,0
7841,large,1,services,1,0
7842,large,2,retail,0,0
7843,small,2,retail,1,0
7844,small,4,tech,0,0
7845,mid,2,tech,1,1
7846,large,2,services,0,0
7847,small,3,manufacturing,0,0
7848,large,2,retail,0,0
7849,small,4,manufacturing,1,0
7850,small,0,services,0,0
7851,small,0,services,0,0
7852,small,0,tech,0,0
7853,small,0,retail,0,0
7854,small,4,manufacturing,0,0
7855,small,3,manufacturing,1,1
7856,large,2,manufacturing,1,1
7857,mid,1,tech,0,0
7858,small,2,tech,1,0
7859,small,4,manufacturing,0,0
7860,mid,2,services,0,0
7861,mid,2,retail,0,0
7862,small,2,tech,1,0
7863,small,5,services,1,1
7864,mid,1,tech,0,0
7865,small,2,manufacturing,0,0
7866,mid,4,manufacturing,1,1
7867,small,3,manufacturing,0,0
7868,small,1,tech,0,0
7869,small,4,retail,1,0
7870,mid,1,services,0,1
7871,mid,3,manufacturing,0,0
7872,large,1,manufacturing,1,1
7873,large,3,tech,0,0
7874,mid,1,manufacturing,0,0
7875,small,2,services,1,0
7876,small,3,retail,0,0
7877,large,3,services,0,1
7878,large,1,manufacturing,0,0
7879,small,1,services,1,1
7880,small,1,retail,0,0
7881,small,0,manufacturing,0,0
7882,small,2,manufacturing,0,0
7883,mid,3,tech,0,0
7884,small,0,services,0,0
7885,mid,0,tech,1,0
7886,mid,0,manufacturing,0,0
7887,small,4,retail,1,1
7888,small,4,services,0,0
7889,large,6,retail,1,0
7890,mid,1,retail,0,1
7891,small,3,manufacturing,0,0
7892,mid,3,manufacturing,1,0
7893,mid,2,manufacturing,0,0
7894,mid,5,services,0,0
7895,large,0,services,1,0
7896,mid,0,manufacturing,0,0
7897,mid,3,services,0,0
7898,mid,4,tech,1,1
7899,small,0,services,0,0
7900,mid,2,tech,1,1
7901,small,1,tech,0,0
7902,small,4,tech,1,0
7903,small,4,services,0,1
7904,mid,5,manufacturing,0,0
7905,mid,4,retail,0,0
7906,small,3,manufacturing,1,1
7907,mid,2,retail,1,1
7908,small,1,services,1,0
7909,small,2,retail,1,1
7910,large,1,tech,0,0
7911,mid,2,retail,0,1
7912,small,1,services,1,0
7913,large,0,manufacturing,0,0
7914,mid,0,services,0,1
7915,large,4,services,1,1
7916,small,2,retail,0,0
7917,large,2,services,1,0
7918,mid,3,services,0,0
7919,mid,3,retail,0,1
7920,small,2,services,0,0
7921,large,1,services,1,1
7922,mid,1,services,1,1
7923,mid,1,services,0,0
7924,small,1,manufacturing,0,0
7925,small,0,tech,1,1
7926,small,0,retail,0,0
7927,small,2,manufacturing,0,0
7928,small,3,tech,0,0
7929,mid,4,tech,1,1
7930,mid,2,services,1,1
7931,large,3,manufacturing,0,0
7932,small,3,retail,1,0
7933,small,1,retail,0,0
7934,small,5,retail,0,1
7935,mid,3,manufacturing,1,1
7936,small,1,services,0,0
7937,small,0,tech,0,0
7938,small,1,manufacturing,0,0
7939,mid,2,retail,1,0
7940,large,2,retail,1,1
7941,small,2,services,0,0
7942,small,1,tech,0,0
7943,mid,0,services,0,1
7944,large,2,services,1,1
7945,small,1,services,0,0
7946,small,1,retail,1,0
7947,mid,1,retail,1,0
7948,mid,1,services,1,1
7949,small,2,retail,1,0
7950,large,0,retail,1,0
7951,mid,2,tech,1,0
7952,mid,4,services,1,0
7953,mid,2,tech,1,0
7954,small,0,services,0,0
7955,large,1,services,0,1
7956,large,3,manufacturing,0,0
7957,small,4,tech,0,0
7958,mid,3,tech,1,1
7959,mid,0,retail,0,0
7960,small,1,services,1,0
7961,mid,1,services,0,0
7962,small,2,manufacturing,1,0
7963,small,0,manufacturing,1,1
7964,small,1,manufacturing,1,1
7965,mid,0,tech,0,0
7966,mid,1,services,0,0
7967,small,2,services,0,0
7968,small,2,manufacturing,1,0
7969,small,4,retail,1,0
7970,small,2,services,1,0
7971,mid,1,manufacturing,1,0
7972,mid,2,tech,0,1
7973,large,2,manufacturing,1,0
7974,large,2,tech,0,0
7975,small,1,retail,0,0
7976,mid,3,tech,1,1
7977,mid,4,tech,0,0
7978,mid,1,services,1,0
7979,small,2,tech,1,0
7980,small,3,manufacturing,0,0
7981,mid,0,tech,1,0
7982,mid,2,manufacturing,0,0
7983,small,3,services,0,0
7984,small,1,manufacturing,1,0
7985,mid,3,retail,0,0
7986,mid,4,tech,1,0
7987,small,0,manufacturing,1,1
7988,mid,2,retail,0,0
7989,small,2,manufacturing,0,0
7990,small,3,manufacturing,0,0
7991,small,4,tech,0,0
7992,small,3,tech,1,0
7993,mid,4,services,0,0
7994,small,2,retail,0,0
7995,small,3,services,0,0
7996,mid,2,manufacturing,1,0
7997,mid,1,services,0,0
7998,mid,0,manufacturing,0,0
7999,small,2,manufacturing,0,0
8000,mid,3,retail,0,0
8001,large,2,tech,1,0
8002,small,1,retail,0,0
8003,large,4,tech,1,1
8004,mid,3,services,0,0
8005,mid,1,tech,0,1
8006,small,1,tech,0,0
8007,small,2,manufacturing,1,0
8008,mid,3,manufacturing,0,0
8009,large,1,tech,1,0
8010,small,2,manufacturing,0,0
8011,mid,0,manufacturing,0,0
8012,mid,1,services,1,0
8013,large,1,manufacturing,1,1
8014,small,2,retail,1,0
8015,small,1,tech,0,0
8016,small,1,services,0,0
8017,small,2,manufacturing,0,0
8018,large,3,tech,0,1
8019,small,1,services,0,0
8020,small,3,tech,0,0
8021,mid,2,services,1,0
8022,mid,2,manufacturing,1,0
8023,large,0,retail,0,0
8024,small,2,manufacturing,1,0
8025,small,3,manufacturing,0,0
8026,small,2,services,0,0
8027,small,0,manufacturing,0,0
8028,mid,2,manufacturing,0,1
8029,small,0,services,0,0
8030,mid,1,services,0,0
8031,small,5,services,0,0
8032,large,1,tech,1,1
8033,mid,2,retail,1,1
8034,small,2,manufacturing,1,1
8035,mid,2,services,0,0
8036,small,4,retail,1,1
8037,mid,0,services,0,0
8038,mid,2,manufacturing,1,0
8039,large,2,tech,0,0
8040,small,0,retail,0,1
8041,large,2,retail,1,0
8042,small,0,manufacturing,0,0
8043,small,2,manufacturing,0,1
8044,small,2,services,0,0
8045,large,1,tech,0,1
8046,small,3,retail,1,1
8047,small,8,services,0,1
8048,small,2,tech,1,1
8049,small,0,manufacturing,0,0
8050,large,1,retail,0,0
8051,mid,2,retail,0,0
8052,mid,2,manufacturing,1,1
8053,small,3,tech,1,0
8054,small,3,tech,0,0
8055,small,1,tech,0,0
8056,small,3,services,1,0
8057,mid,2,retail,0,0
8058,large,0,tech,0,1
8059,small,2,tech,1,0
8060,large,2,services,0,0
8061,mid,0,manufacturing,1,0
8062,small,1,tech,0,0
8063,small,2,retail,1,0
8064,small,3,tech,0,0
8065,large,2,retail,0,0
8066,small,2,tech,1,1
8067,small,4,retail,0,0
8068,mid,0,retail,0,0
8069,small,2,tech,1,0
8070,large,0,manufacturing,0,0
8071,mid,2,manufacturing,0,0
8072,large,1,manufacturing,0,0
8073,mid,2,manufacturing,0,0
8074,mid,1,tech,1,0
8075,small,1,retail,0,0
8076,small,2,tech,1,0
8077,mid,4,tech,0,0
8078,small,2,retail,1,0
8079,small,2,tech,0,0
8080,large,3,services,0,0
8081,small,1,retail,0,1
8082,mid,2,services,0,0
8083,small,2,retail,1,1
8084,mid,2,tech,0,0
8085,mid,0,retail,0,1
8086,small,3,manufacturing,0,0
8087,mid,2,retail,1,0
8088,small,3,manufacturing,1,1
8089,mid,2,retail,0,0
8090,small,0,services,1,0
8091,mid,4,services,0,0
8092,small,3,retail,0,0
8093,mid,2,manufacturing,0,0
8094,large,2,tech,0,0
8095,mid,0,tech,0,0
8096,mid,1,retail,1,0
8097,large,1,services,0,0
8098,small,3,manufacturing,0,0
8099,small,2,services,0,0
8100,large,2,services,0,0
8101,mid,1,services,0,0
8102,mid,3,services,0,0
8103,mid,1,manufacturing,0,1
8104,small,1,manufacturing,0,0
8105,mid,2,services,0,0
8106,small,0,retail,0,0
8107,mid,2,manufacturing,1,0
8108,small,0,retail,0,0
8109,small,2,services,0,0
8110,small,2,services,0,0
8111,small,1,services,1,1
8112,small,0,manufacturing,1,0
8113,large,1,manufacturing,0,1
8114,large,0,retail,0,0
8115,small,2,retail,0,0
8116,small,4,manufacturing,1,1
8117,mid,1,tech,0,0
8118,small,1,manufacturing,1,0
8119,small,3,retail,0,0
8120,large,0,services,0,0
8121,small,2,tech,0,0
8122,large,1,manufacturing,0,1
8123,mid,3,retail,0,0
8124,mid,2,tech,1,0
8125,mid,1,services,0,0
8126,mid,1,retail,0,1
8127,small,2,services,0,0
8128,mid,0,tech,1,1
8129,small,1,manufacturing,1,0
8130,mid,1,retail,0,0
8131,small,3,manufacturing,1,0
8132,small,1,tech,1,0
8133,large,3,retail,1,1
8134,mid,1,services,0,0
8135,small,3,services,0,0
8136,mid,1,services,0,0
8137,small,2,services,1,1
8138,mid,2,services,0,1
8139,mid,5,services,1,1
8140,small,4,tech,0,0
8141,mid,1,retail,1,0
8142,small,1,services,1,0
8143,small,1,manufacturing,0,0
8144,large,2,retail,1,0
8145,small,2,manufacturing,1,0
8146,small,1,retail,1,1
8147,large,3,services,1,0
8148,mid,3,services,0,0
8149,small,1,manufacturing,0,0
8150,mid,1,services,1,1
8151,small,1,manufacturing,0,0
8152,mid,2,manufacturing,0,0
8153,mid,1,retail,0,0
8154,mid,3,manufacturing,0,1
8155,mid,2,services,1,1
8156,small,1,retail,0,1
8157,mid,4,retail,0,0
8158,small,2,retail,0,0
8159,mid,1,services,1,1
8160,small,2,manufacturing,1,1
8161,small,1,manufacturing,0,0
8162,small,2,services,0,0
8163,mid,2,manufacturing,1,0
8164,mid,1,services,0,0
8165,small,2,retail,1,1
8166,large,3,retail,0,0
8167,small,1,services,1,0
8168,small,1,services,0,0
8169,mid,2,retail,0,0
8170,small,2,tech,1,0
8171,small,1,tech,0,0
8172,small,3,services,1,0
8173,small,3,retail,1,0
8174,small,2,services,0,0
8175,small,0,manufacturing,1,0
8176,small,2,manufacturing,0,0
8177,small,4,tech,0,1
8178,mid,2,retail,1,0
8179,small,4,tech,1,0
8180,mid,2,services,0,0
8181,small,1,retail,0,0
8182,small,3,retail,0,0
8183,small,1,retail,0,0
8184,small,1,manufacturing,0,1
8185,small,2,retail,0,0
8186,mid,0,services,0,0
8187,small,1,tech,1,0
8188,small,1,services,1,0
8189,small,4,manufacturing,0,0
8190,mid,0,tech,1,0
8191,small,0,manufacturing,0,0
8192,small,0,retail,0,0
8193,mid,1,retail,1,1
8194,small,1,manufacturing,0,0
8195,large,4,retail,1,1
8196,small,0,manufacturing,0,0
8197,small,3,tech,1,0
8198,small,2,retail,0,0
8199,mid,2,tech,1,1
8200,mid,0,services,0,0
8201,small,0,services,0,0
8202,mid,1,manufacturing,0,0
8203,mid,4,tech,1,0
8204,small,2,retail,1,1
8205,mid,1,tech,0,0
8206,mid,3,retail,0,0
8207,small,3,tech,0,0
8208,small,1,retail,1,1
8209,small,0,manufacturing,0,0
8210,small,3,manufacturing,1,1
8211,mid,3,tech,1,0
8212,small,1,tech,1,0
8213,small,5,tech,0,0
8214,mid,3,manufacturing,0,0
8215,small,1,manufacturing,1,0
8216,small,0,manufacturing,1,0
8217,small,1,manufacturing,0,0
8218,mid,2,tech,0,0
8219,mid,0,services,1,0
8220,large,3,retail,1,1
8221,small,0,manufacturing,1,0
8222,large,2,tech,0,0
8223,small,6,tech,0,0
8224,small,2,services,0,1
8225,mid,1,services,0,1
8226,small,1,manufacturing,0,0
8227,small,4,services,0,0
8228,mid,4,services,0,0
8229,large,3,tech,0,0
8230,small,1,services,0,0
8231,small,5,tech,1,1
8232,small,4,manufacturing,1,1
8233,mid,3,tech,0,0
8234,small,0,services,1,1
8235,small,2,tech,0,0
8236,large,3,tech,1,0
8237,small,2,manufacturing,0,0
8238,mid,1,services,0,0
8239,large,2,retail,0,0
8240,small,1,retail,1,1
8241,small,5,retail,1,0
8242,mid,3,tech,1,0
8243,mid,2,services,0,0
8244,small,1,tech,0,0
8245,small,3,manufacturing,1,0
8246,small,2,manufacturing,0,0
8247,small,0,services,0,1
8248,mid,0,retail,1,0
8249,large,0,retail,1,0
8250,small,5,services,0,0
8251,small,1,tech,0,0
8252,large,3,services,1,1
8253,mid,2,retail,1,0
8254,small,2,services,1,0
8255,small,1,retail,1,1
8256,small,2,tech,1,1
8257,small,2,services,0,0
8258,small,2,tech,0,0
8259,small,2,services,0,1
8260,large,2,manufacturing,1,0
8261,mid,3,retail,0,1
8262,mid,5,retail,1,1
8263,small,0,manufacturing,1,0
8264,mid,2,services,1,1
8265,small,3,retail,0,1
8266,large,0,services,0,0
8267,small,1,retail,1,0
8268,small,2,retail,1,0
8269,small,2,services,0,0
8270,mid,5,services,1,0
8271,large,3,tech,0,0
8272,mid,0,tech,1,0
8273,small,3,manufacturing,1,0
8274,small,5,services,1,0
8275,large,2,retail,0,0
8276,small,4,services,1,0
8277,mid,2,services,0,0
8278,small,2,retail,1,1
8279,small,0,services,1,0
8280,small,1,retail,0,0
8281,small,2,manufacturing,0,0
8282,small,1,retail,1,1
8283,large,2,tech,1,1
8284,small,2,retail,0,0
8285,mid,0,manufacturing,1,0
8286,small,2,retail,0,0
8287,small,2,services,1,0
8288,mid,3,tech,1,0
8289,mid,2,retail,0,0
8290,small,2,tech,1,1
8291,small,2,retail,1,0
8292,large,2,tech,1,0
8293,small,1,services,0,1
8294,small,2,manufacturing,0,0
8295,small,1,retail,0,0
8296,small,1,manufacturing,0,0
8297,small,4,retail,0,0
8298,mid,1,manufacturing,0,0
8299,small,7,tech,0,0
8300,mid,0,retail,0,0
8301,small,2,tech,0,0
8302,small,2,services,0,0
8303,small,0,services,0,0
8304,mid,1,services,0,0
8305,small,3,manufacturing,1,0
8306,small,2,tech,1,0
8307,small,4,tech,0,0
8308,small,1,manufacturing,1,0
8309,small,1,retail,0,0
8310,mid,0,services,0,0
8311,large,0,services,1,0
8312,large,2,tech,1,0
8313,small,2,services,0,0
8314,small,3,manufacturing,1,0
8315,mid,1,manufacturing,0,0
8316,mid,1,manufacturing,1,0
8317,mid,2,retail,0,0
8318,small,1,retail,0,0
8319,small,1,services,0,0
8320,small,2,retail,0,0
8321,mid,4,tech,0,0
8322,small,0,manufacturing,0,0
8323,small,1,retail,1,1
8324,small,0,manufacturing,0,0
8325,large,1,manufacturing,0,0
8326,mid,1,manufacturing,0,0
8327,large,2,services,1,1
8328,mid,3,retail,0,0
8329,small,3,manufacturing,0,0
8330,large,0,services,0,0
8331,small,1,tech,0,1
8332,mid,0,manufacturing,1,0
8333,small,1,retail,1,0
8334,small,1,services,0,1
8335,small,2,services,1,0
8336,small,3,retail,0,0
8337,small,5,manufacturing,0,0
8338,large,1,manufacturing,1,0
8339,small,1,retail,1,1
8340,small,3,retail,0,0
8341,mid,4,retail,0,0
8342,small,0,services,0,0
8343,small,0,retail,0,0
8344,mid,2,tech,1,0
8345,large,0,retail,0,0
8346,mid,2,tech,0,0
8347,mid,0,services,0,0
8348,mid,1,tech,1,0
8349,large,6,services,0,0
8350,small,2,tech,0,0
8351,large,2,manufacturing,0,0
8352,mid,1,manufacturing,0,0
8353,large,1,tech,1,0
8354,mid,1,manufacturing,0,0
8355,mid,1,manufacturing,1,1
8356,mid,0,tech,1,0
8357,small,2,manufacturing,0,0
8358,small,3,manufacturing,1,1
8359,small,3,retail,1,0
8360,small,2,retail,0,0
8361,mid,0,services,0,0
8362,small,4,retail,0,0
8363,large,2,manufacturing,0,0
8364,small,0,services,0,0
8365,mid,4,services,0,0
8366,small,1,retail,1,0
8367,mid,3,services,1,0
8368,mid,6,retail,1,0
8369,large,1,retail,0,0
8370,mid,2,services,0,0
8371,small,1,manufacturing,1,0
8372,mid,1,retail,0,0
8373,small,6,tech,0,1
8374,mid,2,tech,1,0
8375,small,4,retail,0,1
8376,small,3,manufacturing,1,0
8377,mid,3,retail,0,0
8378,small,4,manufacturing,1,0
8379,mid,2,manufacturing,1,0
8380,large,1,manufacturing,1,0
8381,mid,3,services,0,1
8382,small,5,tech,1,1
8383,small,1,services,1,1
8384,small,0,retail,1,0
8385,small,2,manufacturing,1,1
8386,mid,2,tech,1,0
8387,mid,1,services,1,1
8388,mid,2,services,1,1
8389,mid,4,retail,1,1
8390,mid,1,retail,1,0
8391,mid,1,services,1,1
8392,small,0,retail,0,0
8393,mid,1,services,0,1
8394,small,2,manufacturing,0,0
8395,small,1,retail,1,0
8396,mid,2,retail,1,1
8397,small,2,manufacturing,0,0
8398,mid,2,manufacturing,0,0
8399,mid,1,tech,0,0
8400,small,2,tech,1,0
8401,small,0,retail,1,0
8402,mid,3,tech,0,0
8403,small,3,tech,0,0
8404,large,2,services,1,1
8405,large,0,tech,1,1
8406,small,4,manufacturing,0,1
8407,mid,1,services,0,0
8408,small,0,retail,0,0
8409,mid,3,tech,1,0
8410,large,0,tech,0,0
8411,mid,2,services,1,1
8412,mid,1,manufacturing,0,0
8413,small,3,tech,1,1
8414,mid,1,services,1,0
8415,large,2,retail,1,1
8416,small,2,tech,0,0
8417,small,2,retail,1,1
8418,large,0,tech,0,0
8419,small,2,tech,0,0
8420,mid,1,tech,1,0
8421,mid,2,services,0,1
8422,small,2,manufacturing,1,0
8423,large,2,manufacturing,1,0
8424,small,3,tech,1,0
8425,small,1,services,0,0
8426,mid,2,services,1,0
8427,small,1,retail,0,1
8428,small,1,manufacturing,0,0
8429,small,1,tech,1,1
8430,small,3,retail,1,1
8431,mid,4,services,0,1
8432,large,1,tech,0,0
8433,small,5,retail,0,1
8434,small,0,manufacturing,0,0
8435,mid,1,tech,0,0
8436,large,3,manufacturing,0,1
8437,small,1,services,0,0
8438,mid,1,tech,0,1
8439,mid,2,tech,0,0
8440,mid,1,services,0,1
8441,mid,1,retail,1,1
8442,small,0,retail,0,0
8443,large,3,manufacturing,0,0
8444,small,1,manufacturing,0,0
8445,large,1,retail,0,1
8446,large,2,tech,1,1
8447,mid,2,manufacturing,0,0
8448,small,3,manufacturing,1,0
8449,large,3,retail,0,0
8450,small,2,tech,0,0
8451,small,2,retail,1,0
8452,mid,3,services,0,0
8453,small,4,manufacturing,0,0
8454,large,0,retail,1,1
8455,small,2,tech,1,0
8456,small,2,services,0,0
8457,small,2,services,1,1
8458,small,3,services,0,0
8459,mid,3,tech,1,0
8460,mid,3,services,1,1
8461,small,5,services,0,0
8462,mid,0,services,0,0
8463,small,2,manufacturing,1,0
8464,mid,3,retail,1,0
8465,large,0,retail,0,0
8466,small,1,retail,0,0
8467,small,4,retail,0,0
8468,small,3,manufacturing,0,0
8469,small,2,manufacturing,1,0
8470,large,3,tech,0,0
8471,mid,1,manufacturing,1,0
8472,mid,1,manufacturing,1,1
8473,mid,0,services,0,0
8474,mid,1,retail,0,0
8475,small,3,tech,0,0
8476,small,3,retail,1,1
8477,small,4,tech,1,1
8478,small,0,tech,1,0
8479,small,2,retail,1,0
8480,mid,4,manufacturing,0,0
8481,small,2,tech,1,0
8482,small,3,tech,0,0
8483,mid,1,tech,1,0
8484,large,2,services,1,1
8485,small,1,services,0,0
8486,mid,1,manufacturing,0,0
8487,small,3,services,0,1
8488,small,4,services,0,0
8489,small,5,services,1,1
8490,mid,0,tech,1,1
8491,small,2,manufacturing,1,0
8492,mid,1,tech,1,0
8493,small,1,manufacturing,0,0
8494,small,3,manufacturing,1,0
8495,large,3,services,1,1
8496,large,6,services,1,0
8497,mid,2,manufacturing,0,0
8498,small,3,retail,0,1
8499,small,3,tech,0,0
8500,mid,5,retail,0,1
8501,large,3,tech,1,0
8502,small,2,retail,0,0
8503,small,3,manufacturing,1,0
8504,small,4,services,1,0
8505,mid,1,tech,0,0
8506,mid,4,tech,0,0
8507,large,1,tech,0,0
8508,mid,7,manufacturing,1,1
8509,mid,1,services,1,0
8510,small,4,tech,0,0
8511,small,3,manufacturing,1,1
8512,large,1,tech,0,1
8513,small,2,services,0,0
8514,small,4,services,1,0
8515,mid,3,services,1,0
8516,small,2,retail,0,0
8517,small,0,tech,1,0
8518,mid,0,manufacturing,1,1
8519,mid,2,manufacturing,1,1
8520,large,2,services,0,0
8521,small,2,manufacturing,1,1
8522,small,3,manufacturing,0,0
8523,mid,3,tech,1,1
8524,large,4,tech,1,0
8525,small,1,retail,0,0
8526,small,3,retail,0,0
8527,mid,4,tech,0,0
8528,mid,3,services,0,0
8529,large,0,manufacturing,1,0
8530,mid,2,tech,0,0
8531,large,2,tech,1,0
8532,small,2,manufacturing,1,0
8533,mid,3,retail,0,0
8534,mid,1,services,1,1
8535,small,0,manufacturing,1,0
8536,mid,1,services,1,0
8537,mid,2,services,1,1
8538,mid,3,manufacturing,1,0
8539,mid,2,manufacturing,1,0
8540,small,1,services,1,0
8541,large,3,services,1,1
8542,small,1,tech,0,0
8543,mid,2,manufacturing,0,0
8544,mid,4,services,0,0
8545,mid,3,services,1,0
8546,large,2,retail,1,1
8547,mid,2,retail,0,0
8548,mid,1,retail,1,1
8549,mid,5,manufacturing,0,0
8550,mid,3,retail,1,0
8551,small,1,retail,0,1
8552,small,2,retail,0,0
8553,mid,2,tech,0,0
8554,small,1,tech,0,0
8555,mid,4,manufacturing,1,0
8556,mid,3,manufacturing,1,0
8557,mid,2,retail,1,0
8558,small,1,retail,1,1
8559,large,2,services,0,0
8560,mid,2,retail,1,1
8561,large,0,retail,0,0
8562,mid,2,manufacturing,1,0
8563,mid,2,retail,0,0
8564,small,0,tech,0,0
8565,small,1,tech,0,0
8566,mid,7,manufacturing,1,0
8567,mid,3,tech,0,0
8568,small,4,retail,1,1
8569,small,1,services,0,0
8570,small,2,services,0,0
8571,mid,4,manufacturing,0,0
8572,mid,4,services,0,0
8573,small,1,tech,1,0
8574,small,1,retail,0,0
8575,mid,1,retail,1,0
8576,small,1,manufacturing,0,0
8577,small,2,services,1,0
8578,small,2,tech,0,0
8579,mid,3,retail,0,0
8580,small,1,manufacturing,1,0
8581,small,2,services,0,0
8582,mid,0,manufacturing,0,0
8583,small,2,tech,0,0
8584,small,4,tech,0,0
8585,small,1,tech,0,0
8586,small,3,retail,1,1
8587,large,1,services,0,0
8588,large,2,tech,1,1
8589,mid,5,services,1,0
8590,small,2,manufacturing,1,0
8591,mid,2,services,0,0
8592,mid,1,tech,0,1
8593,small,4,services,0,1
8594,small,2,services,1,0
8595,mid,0,tech,0,0
8596,mid,2,manufacturing,1,1
8597,small,4,tech,1,0
8598,small,2,tech,0,0
8599,large,1,services,0,0
8600,small,1,manufacturing,0,0
8601,small,2,manufacturing,0,0
8602,small,0,services,1,0
8603,mid,2,services,0,0
8604,small,0,manufacturing,0,0
8605,mid,0,tech,0,0
8606,small,3,tech,1,1
8607,mid,2,tech,1,0
8608,small,2,manufacturing,0,0
8609,small,1,tech,0,0
8610,mid,3,services,0,0
8611,small,1,manufacturing,0,0
8612,small,2,manufacturing,0,0
8613,large,1,retail,1,1
8614,small,1,tech,1,0
8615,small,2,tech,1,0
8616,small,2,services,0,0
8617,small,4,manufacturing,0,0
8618,mid,2,tech,0,1
8619,large,1,tech,0,0
8620,mid,1,services,0,0
8621,mid,3,manufacturing,0,0
8622,mid,3,manufacturing,1,0
8623,small,2,services,0,0
8624,mid,1,services,0,0
8625,small,0,manufacturing,1,0
8626,small,0,tech,0,0
8627,mid,0,manufacturing,1,0
8628,small,2,retail,1,1
8629,large,3,services,0,0
8630,mid,2,retail,0,0
8631,mid,2,manufacturing,0,0
8632,small,3,services,0,1
8633,small,4,tech,0,0
8634,small,1,retail,0,0
8635,small,2,services,0,1
8636,mid,2,manufacturing,0,0
8637,mid,5,manufacturing,1,1
8638,large,3,manufacturing,1,0
8639,small,2,retail,0,1
8640,small,1,retail,0,0
8641,mid,2,retail,1,0
8642,small,0,retail,1,0
8643,small,1,manufacturing,0,0
8644,small,1,retail,1,0
8645,small,5,tech,0,0
8646,small,5,manufacturing,1,0
8647,small,3,services,0,0
8648,large,1,services,0,0
8649,mid,5,tech,0,1
8650,small,1,manufacturing,0,0
8651,mid,1,tech,0,0
8652,mid,0,manufacturing,0,0
8653,mid,3,retail,1,0
8654,small,3,retail,1,0
8655,small,1,services,0,0
8656,small,2,tech,0,0
8657,mid,1,retail,0,0
8658,small,2,services,1,1
8659,mid,1,tech,1,0
8660,small,2,services,0,0
8661,small,2,manufacturing,0,0
8662,mid,1,retail,1,0
8663,small,2,retail,0,0
8664,small,5,manufacturing,1,0
8665,mid,2,manufacturing,1,0
8666,mid,2,retail,0,0
8667,mid,2,services,0,0
8668,mid,1,manufacturing,1,1
8669,large,3,retail,1,0
8670,small,2,manufacturing,0,0
8671,small,0,tech,0,0
8672,large,2,manufacturing,0,0
8673,large,3,tech,1,0
8674,large,2,manufacturing,0,0
8675,small,2,retail,0,0
8676,large,1,tech,1,1
8677,mid,1,tech,0,0
8678,mid,1,services,0,1
8679,small,4,services,0,0
8680,small,3,manufacturing,1,0
8681,large,0,services,0,0
8682,small,2,retail,1,0
8683,small,3,tech,0,0
8684,small,1,retail,1,0
8685,small,1,services,0,0
8686,small,1,tech,0,1
8687,small,2,tech,0,0
8688,large,0,retail,1,1
8689,mid,3,retail,0,1
8690,small,2,tech,0,0
8691,small,0,services,0,0
8692,mid,0,services,0,0
8693,mid,2,retail,1,0
8694,mid,2,tech,1,1
8695,mid,1,services,0,0
8696,small,1,services,1,0
8697,small,2,manufacturing,0,1
8698,small,5,services,1,0
8699,small,1,services,0,0
8700,small,2,manufacturing,0,0
8701,small,1,services,0,0
8702,small,5,retail,0,1
8703,small,1,retail,0,0
8704,small,3,tech,1,1
8705,small,2,manufacturing,1,0
8706,large,2,manufacturing,1,1
8707,large,1,tech,0,0
8708,small,5,tech,1,1
8709,mid,3,services,0,0
8710,small,0,retail,1,0
8711,mid,4,manufacturing,0,0
8712,mid,2,retail,0,0
8713,mid,4,retail,1,1
8714,small,2,manufacturing,1,0
8715,small,3,tech,1,0
8716,small,1,manufacturing,0,1
8717,mid,2,tech,1,0
8718,mid,3,manufacturing,0,0
8719,small,4,retail,0,0
8720,large,4,tech,0,0
8721,small,0,retail,0,0
8722,large,0,services,1,1
8723,large,1,manufacturing,1,0
8724,small,1,manufacturing,0,1
8725,mid,1,services,0,1
8726,mid,1,services,0,0
8727,small,3,tech,0,0
8728,mid,4,services,0,0
8729,small,4,tech,1,0
8730,small,3,retail,1,1
8731,mid,1,tech,1,0
8732,small,0,services,0,0
8733,large,3,services,0,0
8734,small,4,retail,0,0
8735,small,1,tech,0,0
8736,mid,2,tech,0,1
8737,mid,2,services,0,1
8738,small,1,services,0,0
8739,mid,4,manufacturing,0,1
8740,large,2,manufacturing,1,0
8741,small,0,manufacturing,0,0
8742,small,1,retail,0,0
8743,small,3,manufacturing,1,0
8744,mid,3,manufacturing,0,0
8745,mid,2,manufacturing,1,0
8746,small,0,retail,0,0
8747,mid,4,manufacturing,0,0
8748,small,2,tech,0,0
8749,mid,4,services,1,0
8750,mid,1,manufacturing,0,1
8751,mid,2,retail,1,0
8752,mid,0,tech,1,1
8753,small,4,manufacturing,0,0
8754,mid,3,services,1,1
8755,small,2,services,0,0
8756,large,5,services,0,0
8757,small,5,retail,1,1
8758,mid,3,manufacturing,1,1
8759,mid,2,retail,0,0
8760,small,1,manufacturing,1,0
8761,small,1,services,0,0
8762,mid,2,tech,0,0
8763,small,2,services,0,0
8764,mid,2,services,1,0
8765,small,2,tech,0,0
8766,mid,1,tech,0,0
8767,small,1,tech,0,0
8768,mid,3,services,1,1
8769,small,1,manufacturing,0,1
8770,large,1,retail,0,0
8771,mid,1,tech,0,0
8772,small,0,services,0,0
8773,large,4,services,1,1
8774,mid,0,tech,0,0
8775,mid,3,tech,0,0
8776,small,0,services,1,0
8777,mid,3,manufacturing,0,0
8778,mid,2,retail,0,0
8779,small,3,retail,1,0
8780,mid,1,tech,1,0
8781,small,1,manufacturing,0,1
8782,mid,3,services,0,0
8783,small,5,services,0,0
8784,small,1,services,0,0
8785,small,1,tech,0,0
8786,small,3,services,1,0
8787,mid,2,services,1,1
8788,mid,4,manufacturing,0,0
8789,small,2,retail,0,0
8790,small,1,retail,0,0
8791,small,3,tech,0,1
8792,small,3,manufacturing,1,1
8793,mid,1,services,1,0
8794,large,3,tech,1,1
8795,large,2,tech,1,0
8796,small,3,tech,1,1
8797,small,2,retail,0,0
8798,small,1,tech,0,0
8799,mid,3,services,1,0
8800,small,3,retail,1,0
8801,small,5,tech,0,0
8802,mid,1,manufacturing,0,0
8803,large,4,tech,1,1
8804,small,2,manufacturing,1,0
8805,mid,2,tech,0,1
8806,mid,4,services,1,1
8807,mid,2,services,1,1
8808,small,1,manufacturing,0,1
8809,large,2,tech,1,0
8810,small,0,manufacturing,0,0
8811,small,2,tech,0,0
8812,mid,1,retail,0,1
8813,small,2,manufacturing,0,0
8814,mid,1,tech,0,0
8815,mid,2,retail,0,1
8816,mid,1,tech,1,0
8817,large,0,retail,0,0
8818,mid,1,services,0,1
8819,small,3,manufacturing,0,0
8820,small,1,services,0,0
8821,small,2,manufacturing,0,0
8822,small,1,retail,1,0
8823,mid,1,tech,0,0
8824,mid,2,services,0,0
8825,mid,1,tech,0,1
8826,small,3,manufacturing,0,0
8827,large,0,retail,0,1
8828,mid,2,tech,0,0
8829,small,1,manufacturing,1,0
8830,large,2,manufacturing,0,0
8831,mid,1,services,0,0
8832,mid,3,retail,0,0
8833,mid,5,retail,0,0
8834,small,1,tech,0,0
8835,mid,2,retail,0,1
8836,mid,0,tech,0,0
8837,mid,0,services,1,0
8838,small,1,services,1,0
8839,small,5,tech,0,0
8840,mid,2,retail,0,0
8841,large,0,manufacturing,1,1
8842,small,4,retail,0,0
8843,mid,2,tech,0,0
8844,small,1,manufacturing,0,1
8845,small,2,manufacturing,0,0
8846,small,3,retail,1,1
8847,small,2,services,0,0
8848,small,4,tech,1,0
8849,large,2,tech,1,0
8850,small,1,tech,1,1
8851,small,1,manufacturing,0,0
8852,small,2,manufacturing,0,0
8853,mid,6,manufacturing,1,0
8854,small,0,manufacturing,1,0
8855,mid,0,tech,0,0
8856,small,5,retail,1,0
8857,mid,4,manufacturing,0,0
8858,small,2,services,1,0
8859,small,2,tech,0,0
8860,small,3,retail,0,0
8861,small,2,tech,1,0
8862,mid,1,services,0,0
8863,small,4,tech,0,0
8864,mid,2,retail,0,1
8865,small,1,manufacturing,0,0
8866,mid,4,manufacturing,1,0
8867,mid,1,tech,1,1
8868,small,0,manufacturing,1,0
8869,small,0,manufacturing,0,0
8870,small,6,tech,0,0
8871,small,2,services,0,0
8872,large,1,tech,1,1
8873,mid,1,tech,0,0
8874,small,1,tech,0,0
8875,large,1,retail,1,0
8876,mid,1,tech,1,0
8877,mid,2,tech,0,0
8878,mid,2,tech,1,0
8879,large,4,retail,0,0
8880,mid,2,manufacturing,0,0
8881,small,0,services,0,0
8882,mid,1,manufacturing,0,0
8883,mid,0,manufacturing,1,0
8884,small,3,tech,1,0
8885,large,2,manufacturing,1,0
8886,small,0,retail,0,0
8887,mid,3,services,1,1
8888,large,1,retail,1,0
8889,mid,4,services,1,0
8890,small,1,services,1,0
8891,small,1,manufacturing,1,0
8892,small,1,tech,0,0
8893,small,0,manufacturing,0,0
8894,large,1,retail,1,0
8895,mid,1,manufacturing,0,0
8896,small,4,manufacturing,0,0
8897,large,3,services,1,1
8898,mid,1,services,0,0
8899,small,1,manufacturing,0,0
8900,mid,0,retail,0,0
8901,small,2,retail,0,0
8902,mid,1,tech,0,1
8903,mid,3,tech,1,1
8904,small,2,services,0,0
8905,mid,3,tech,0,0
8906,small,1,manufacturing,0,0
8907,small,5,services,1,0
8908,mid,3,manufacturing,0,0
8909,small,1,services,0,0
8910,mid,3,manufacturing,0,1
8911,mid,1,tech,1,0
8912,small,1,retail,1,0
8913,mid,1,tech,1,0
8914,small,3,retail,1,0
8915,small,2,retail,0,1
8916,large,2,services,0,0
8917,mid,1,manufacturing,1,0
8918,small,3,services,1,1
8919,mid,0,manufacturing,1,1
8920,large,1,manufacturing,0,1
8921,mid,1,services,0,0
8922,mid,4,retail,0,0
8923,mid,2,retail,0,1
8924,mid,2,manufacturing,0,0
8925,small,4,manufacturing,1,0
8926,small,1,manufacturing,0,0
8927,large,0,retail,0,0
8928,small,2,manufacturing,0,0
8929,small,4,manufacturing,0,1
8930,mid,2,manufacturing,1,0
8931,mid,1,services,0,0
8932,large,1,tech,1,0
8933,large,3,tech,0,1
8934,large,2,services,1,1
8935,small,2,manufacturing,1,0
8936,small,1,manufacturing,0,0
8937,mid,1,tech,1,1
8938,mid,0,services,1,0
8939,small,3,tech,0,0
8940,small,1,manufacturing,1,1
8941,small,1,retail,1,0
8942,mid,3,tech,0,0
8943,small,4,services,0,0
8944,small,2,manufacturing,1,0
8945,small,3,services,0,0
8946,mid,1,services,0,0
8947,small,1,services,0,0
8948,small,6,services,0,0
8949,large,4,retail,0,0
8950,small,1,manufacturing,1,1
8951,small,2,retail,0,0
8952,small,2,retail,0,1
8953,mid,1,retail,0,0
8954,small,3,services,1,0
8955,mid,3,manufacturing,1,1
8956,small,3,retail,0,0
8957,small,1,retail,1,0
8958,small,1,tech,0,0
8959,small,4,services,0,0
8960,large,1,tech,1,0
8961,mid,0,tech,0,0
8962,small,1,services,0,0
8963,small,2,services,0,0
8964,mid,1,manufacturing,1,0
8965,mid,3,tech,0,0
8966,mid,4,tech,0,0
8967,large,1,manufacturing,1,1
8968,small,0,manufacturing,1,0
8969,large,1,services,1,0
8970,small,0,services,0,0
8971,large,5,retail,1,0
8972,large,2,tech,0,1
8973,small,1,tech,1,0
8974,small,4,manufacturing,1,0
8975,large,0,manufacturing,1,1
8976,large,1,manufacturing,0,0
8977,small,2,services,1,0
8978,mid,2,retail,1,1
8979,small,4,tech,0,0
8980,mid,0,manufacturing,0,0
8981,small,2,retail,1,0
8982,small,2,services,1,0
8983,small,3,services,0,0
8984,mid,1,tech,0,0
8985,small,4,services,0,0
8986,small,2,manufacturing,1,1
8987,large,3,manufacturing,1,1
8988,small,1,services,0,0
8989,large,1,manufacturing,0,1
8990,large,0,retail,0,0
8991,small,1,tech,1,1
8992,small,1,services,0,0
8993,large,0,manufacturing,0,0
8994,mid,3,retail,0,0
8995,small,0,manufacturing,1,1
8996,small,2,manufacturing,0,0
8997,small,4,manufacturing,0,1
8998,small,3,tech,0,0
8999,mid,2,services,0,0
9000,small,4,services,0,0
9001,small,4,manufacturing,1,1
9002,small,4,manufacturing,0,0
9003,mid,3,retail,0,0
9004,large,2,retail,0,0
9005,small,2,retail,0,0
9006,mid,3,tech,0,0
9007,small,4,retail,0,0
9008,small,2,tech,0,0
9009,large,3,retail,1,0
9010,small,1,manufacturing,0,0
9011,mid,2,retail,1,0
9012,large,2,tech,1,0
9013,mid,2,services,0,0
9014,small,2,manufacturing,0,0
9015,mid,3,retail,1,1
9016,mid,2,manufacturing,0,1
9017,mid,5,retail,1,1
9018,small,2,services,1,0
9019,mid,3,retail,0,0
9020,small,1,manufacturing,0,0
9021,small,1,services,0,0
9022,small,2,tech,1,1
9023,large,1,manufacturing,1,0
9024,small,2,manufacturing,1,0
9025,small,2,services,1,1
9026,small,0,manufacturing,0,0
9027,small,2,services,1,1
9028,small,1,services,0,0
9029,large,1,services,0,0
9030,large,2,services,1,1
9031,small,2,retail,1,0
9032,small,2,tech,0,0
9033,small,3,services,0,0
9034,large,3,manufacturing,0,0
9035,small,3,tech,1,0
9036,mid,2,services,0,0
9037,mid,2,services,0,0
9038,large,1,tech,1,0
9039,small,1,tech,1,0
9040,large,2,services,1,1
9041,large,5,tech,1,1
9042,small,3,retail,1,0
9043,large,2,services,0,1
9044,mid,2,manufacturing,0,0
9045,small,4,services,1,0
9046,small,3,manufacturing,0,0
9047,small,2,tech,0,0
9048,large,3,manufacturing,0,0
9049,small,0,retail,0,0
9050,large,0,services,0,0
9051,small,2,manufacturing,0,0
9052,large,2,retail,1,1
9053,mid,5,services,1,1
9054,mid,2,services,1,0
9055,small,3,tech,0,0
9056,mid,1,services,0,0
9057,mid,2,manufacturing,0,1
9058,small,2,manufacturing,0,0
9059,large,4,retail,0,0
9060,large,3,services,0,0
9061,mid,2,manufacturing,1,1
9062,large,1,manufacturing,1,0
9063,small,3,manufacturing,0,0
9064,small,2,services,1,0
9065,small,1,retail,1,0
9066,mid,1,tech,1,0
9067,large,3,services,0,1
9068,mid,3,services,0,1
9069,small,2,services,0,0
9070,mid,1,services,0,0
9071,large,2,manufacturing,0,0
9072,mid,2,services,1,1
9073,small,3,retail,1,1
9074,small,1,retail,1,1
9075,small,0,tech,0,0
9076,small,0,manufacturing,0,0
9077,mid,7,retail,1,1
9078,mid,4,manufacturing,1,1
9079,mid,4,services,0,0
9080,small,1,retail,0,0
9081,mid,4,retail,1,0
9082,small,2,services,1,1
9083,small,0,manufacturing,0,0
9084,large,6,tech,1,1
9085,mid,2,services,1,0
9086,mid,3,retail,1,0
9087,small,1,manufacturing,1,1
9088,small,0,services,1,1
9089,small,0,tech,0,0
9090,mid,1,services,1,1
9091,mid,3,retail,0,0
9092,small,2,manufacturing,0,0
9093,large,3,manufacturing,0,1
9094,small,1,manufacturing,0,1
9095,small,1,retail,1,0
9096,mid,2,services,1,0
9097,small,2,retail,0,0
9098,mid,3,manufacturing,1,0
9099,mid,3,manufacturing,1,0
9100,mid,3,retail,0,0
9101,mid,0,tech,0,0
9102,small,1,manufacturing,1,1
9103,small,0,services,0,0
9104,large,2,retail,1,1
9105,large,2,tech,1,0
9106,small,0,manufacturing,1,1
9107,mid,0,services,0,0
9108,small,1,retail,1,0
9109,large,2,services,0,0
9110,large,1,tech,0,0
9111,mid,2,manufacturing,0,0
9112,small,3,tech,0,0
9113,mid,1,services,0,0
9114,mid,1,manufacturing,0,0
9115,mid,2,services,0,0
9116,mid,2,manufacturing,0,0
9117,large,2,services,0,0
9118,mid,1,services,1,0
9119,small,1,services,0,0
9120,small,4,retail,1,0
9121,mid,2,services,0,0
9122,mid,2,retail,0,0
9123,large,2,retail,1,0
9124,small,3,manufacturing,1,0
9125,small,2,tech,1,0
9126,large,1,manufacturing,0,0
9127,small,3,services,1,0
9128,small,1,services,0,0
9129,small,2,retail,0,0
9130,large,2,retail,1,1
9131,mid,2,retail,1,0
9132,mid,1,retail,0,0
9133,small,3,services,1,0
9134,mid,3,services,0,0
9135,small,3,manufacturing,0,0
9136,small,2,tech,0,0
9137,mid,2,manufacturing,1,1
9138,mid,2,manufacturing,1,0
9139,small,2,tech,0,0
9140,large,2,services,0,0
9141,small,1,services,0,0
9142,small,3,tech,0,0
9143,small,4,tech,0,1
9144,mid,2,services,1,1
9145,mid,2,tech,1,1
9146,mid,2,tech,0,1
9147,mid,2,retail,1,0
9148,small,1,tech,0,0
9149,small,4,services,1,0
9150,small,0,retail,0,0
9151,small,1,tech,1,0
9152,small,0,services,0,0
9153,mid,4,tech,1,1
9154,small,4,manufacturing,1,0
9155,mid,1,services,0,0
9156,large,3,tech,1,0
9157,small,3,services,0,0
9158,small,1,services,0,0
9159,small,1,services,1,0
9160,small,2,retail,1,0
9161,mid,0,services,0,0
9162,mid,3,services,0,0
9163,mid,0,tech,1,0
9164,large,4,services,0,1
9165,mid,1,services,0,0
9166,mid,6,services,1,1
9167,large,0,manufacturing,0,0
9168,large,2,tech,1,0
9169,mid,1,manufacturing,0,0
9170,mid,1,tech,0,0
9171,small,0,manufacturing,0,0
9172,small,1,retail,0,0
9173,small,1,manufacturing,1,1
9174,mid,1,manufacturing,1,0
9175,small,2,tech,1,0
9176,mid,1,retail,0,0
9177,small,3,manufacturing,0,0
9178,small,1,services,0,0
9179,small,3,services,0,0
9180,mid,4,retail,0,0
9181,small,0,tech,1,0
9182,large,2,tech,1,0
9183,small,1,manufacturing,0,0
9184,mid,0,manufacturing,0,0
9185,small,2,manufacturing,1,1
9186,mid,2,retail,1,0
9187,large,3,manufacturing,1,0
9188,small,2,services,1,0
9189,small,4,retail,1,0
9190,large,3,retail,1,0
9191,mid,1,services,1,0
9192,small,7,services,0,0
9193,small,0,services,0,0
9194,mid,4,services,1,1
9195,mid,3,manufacturing,0,0
9196,small,1,tech,0,0
9197,mid,3,tech,0,0
9198,small,2,manufacturing,0,0
9199,mid,0,manufacturing,0,0
9200,large,3,manufacturing,1,1
9201,mid,4,retail,0,0
9202,mid,0,tech,1,0
9203,small,2,retail,1,1
9204,large,0,services,0,0
9205,mid,1,retail,1,0
9206,large,1,retail,0,0
9207,mid,0,retail,1,0
9208,large,1,tech,1,0
9209,mid,2,tech,1,1
9210,mid,2,tech,0,1
9211,mid,1,manufacturing,1,0
9212,small,2,manufacturing,1,0
9213,small,2,retail,1,0
9214,large,1,retail,1,0
9215,mid,1,retail,0,0
9216,small,1,retail,0,0
9217,small,0,retail,0,0
9218,large,1,services,1,0
9219,small,0,retail,0,0
9220,mid,5,services,0,0
9221,mid,2,services,0,0
9222,small,0,retail,0,0
9223,large,4,services,0,0
9224,mid,3,retail,0,0
9225,large,1,tech,0,0
9226,mid,0,services,1,0
9227,mid,2,services,0,0
9228,small,4,manufacturing,0,1
9229,large,2,services,1,1
9230,small,3,services,0,0
9231,small,2,manufacturing,0,0
9232,mid,1,retail,0,0
9233,mid,3,services,0,0
9234,large,0,retail,0,0
9235,large,1,manufacturing,0,0
9236,large,2,services,1,1
9237,mid,0,services,1,0
9238,small,2,tech,1,1
9239,mid,1,manufacturing,0,0
9240,small,1,services,1,1
9241,small,3,retail,1,0
9242,large,2,services,0,0
9243,mid,2,services,0,1
9244,large,0,services,1,0
9245,small,1,retail,0,0
9246,mid,2,retail,0,0
9247,small,3,services,1,0
9248,mid,3,manufacturing,1,1
9249,large,0,tech,0,0
9250,small,2,tech,1,0
9251,small,3,services,0,0
9252,small,0,services,1,0
9253,small,4,retail,1,1
9254,small,1,retail,0,0
9255,mid,3,services,0,1
9256,large,2,retail,1,1
9257,small,2,tech,0,0
9258,small,2,manufacturing,0,0
9259,small,5,services,1,0
9260,small,2,tech,0,0
9261,small,1,services,0,0
9262,small,1,services,0,0
9263,large,3,tech,1,0
9264,small,6,manufacturing,1,0
9265,small,1,manufacturing,0,0
9266,small,4,tech,0,0
9267,mid,0,retail,1,1
9268,small,2,services,0,1
9269,small,0,tech,0,0
9270,mid,3,retail,1,0
9271,mid,1,services,0,0
9272,small,2,manufacturing,1,1
9273,mid,2,retail,0,0
9274,small,4,manufacturing,0,0
9275,small,2,services,0,0
9276,mid,2,manufacturing,1,1
9277,small,1,tech,0,1
9278,small,2,manufacturing,0,0
9279,small,2,services,1,0
9280,small,1,manufacturing,0,1
9281,mid,3,retail,0,0
9282,mid,2,tech,1,0
9283,mid,1,services,0,0
9284,mid,1,services,0,1
9285,mid,3,services,0,0
9286,small,1,retail,0,0
9287,small,3,services,0,0
9288,mid,4,services,0,0
9289,small,1,tech,1,0
9290,mid,4,retail,1,0
9291,small,5,retail,1,0
9292,mid,0,tech,0,0
9293,small,0,manufacturing,0,0
9294,small,3,tech,0,0
9295,small,1,tech,0,1
9296,small,1,services,0,0
9297,small,3,tech,1,0
9298,mid,1,services,1,1
9299,large,1,tech,0,0
9300,small,2,manufacturing,1,0
9301,large,1,manufacturing,0,0
9302,small,1,retail,0,0
9303,small,3,services,0,1
9304,large,2,tech,0,0
9305,mid,1,tech,0,0
9306,small,4,services,1,0
9307,small,2,tech,1,1
9308,mid,1,manufacturing,1,0
9309,large,3,services,0,0
9310,small,3,services,0,0
9311,mid,4,retail,0,1
9312,small,2,tech,0,0
9313,small,1,services,1,0
9314,small,1,retail,0,0
9315,small,1,services,1,0
9316,mid,3,services,0,0
9317,small,1,manufacturing,0,0
9318,small,0,retail,1,0
9319,small,1,tech,0,0
9320,small,2,retail,0,0
9321,small,2,services,1,0
9322,large,1,services,0,0
9323,mid,3,services,0,0
9324,small,4,tech,0,0
9325,small,4,manufacturing,0,1
9326,small,1,retail,0,0
9327,large,2,retail,0,0
9328,mid,0,services,1,1
9329,large,3,manufacturing,1,1
9330,small,0,manufacturing,0,0
9331,mid,1,retail,1,1
9332,mid,2,manufacturing,0,1
9333,mid,2,retail,1,0
9334,small,1,retail,0,0
9335,small,2,retail,1,0
9336,large,2,manufacturing,1,0
9337,mid,2,manufacturing,0,0
9338,small,3,tech,1,0
9339,small,3,tech,0,0
9340,mid,1,manufacturing,1,0
9341,small,2,manufacturing,1,0
9342,small,2,services,0,0
9343,small,3,manufacturing,0,0
9344,large,1,services,0,0
9345,mid,2,services,1,0
9346,mid,1,retail,0,0
9347,small,0,tech,0,0
9348,small,4,services,0,0
9349,small,1,retail,0,0
9350,mid,2,tech,0,0
9351,small,0,manufacturing,0,0
9352,mid,3,services,0,1
9353,small,3,manufacturing,0,0
9354,small,1,manufacturing,1,0
9355,mid,4,tech,0,0
9356,small,2,services,0,0
9357,small,1,retail,0,0
9358,mid,0,tech,0,0
9359,small,1,tech,0,0
9360,mid,2,services,1,1
9361,large,5,services,0,0
9362,mid,5,retail,0,0
9363,small,2,tech,0,1
9364,mid,0,tech,0,0
9365,small,0,services,0,0
9366,mid,2,tech,0,0
9367,mid,2,manufacturing,1,0
9368,small,2,services,1,0
9369,small,1,tech,0,0
9370,mid,4,retail,0,0
9371,mid,2,manufacturing,0,0
9372,mid,1,services,0,0
9373,mid,1,tech,0,0
9374,large,7,tech,0,0
9375,small,0,manufacturing,0,0
9376,small,2,services,1,0
9377,mid,0,retail,1,0
9378,small,1,retail,0,0
9379,mid,3,services,1,1
9380,mid,3,manufacturing,1,0
9381,mid,1,tech,1,0
9382,mid,3,services,0,0
9383,mid,0,retail,0,0
9384,large,1,tech,1,1
9385,mid,3,tech,1,1
9386,small,3,manufacturing,1,0
9387,large,4,services,1,0
9388,mid,2,tech,0,0
9389,small,1,manufacturing,0,0
9390,small,1,manufacturing,0,1
9391,small,3,tech,0,0
9392,mid,4,services,1,0
9393,mid,1,manufacturing,1,0
9394,small,1,manufacturing,1,0
9395,mid,1,tech,0,1
9396,small,5,services,1,1
9397,small,2,retail,0,0
9398,small,4,services,1,0
9399,small,2,services,0,0
9400,mid,6,manufacturing,1,1
9401,small,1,services,0,0
9402,small,3,services,0,0
9403,mid,1,services,0,0
9404,small,0,retail,1,0
9405,small,1,tech,1,1
9406,mid,3,services,0,0
9407,mid,1,tech,0,0
9408,mid,6,manufacturing,1,0
9409,small,1,manufacturing,0,0
9410,mid,1,services,0,0
9411,small,3,retail,1,1
9412,small,1,services,0,0
9413,mid,1,retail,0,0
9414,small,1,services,1,1
9415,mid,0,retail,1,0
9416,mid,2,retail,0,1
9417,mid,3,services,1,0
9418,small,4,manufacturing,1,0
9419,mid,4,retail,1,0
9420,small,2,retail,0,0
9421,mid,1,services,1,1
9422,small,2,services,0,1
9423,mid,1,services,1,1
9424,small,2,tech,0,0
9425,mid,0,retail,0,0
9426,mid,1,services,0,0
9427,small,1,manufacturing,0,0
9428,mid,1,manufacturing,1,0
9429,mid,1,services,1,0
9430,mid,6,retail,0,1
9431,large,1,tech,1,0
9432,small,2,tech,0,0
9433,small,3,services,1,0
9434,small,1,manufacturing,1,0
9435,mid,1,manufacturing,0,0
9436,small,3,retail,1,1
9437,mid,2,services,0,0
9438,small,5,tech,1,1
9439,small,1,services,0,0
9440,mid,0,tech,0,0
9441,mid,2,manufacturing,1,0
9442,mid,1,manufacturing,0,0
9443,mid,1,manufacturing,1,1
9444,large,2,services,0,0
9445,small,0,manufacturing,0,0
9446,small,2,tech,0,0
9447,large,1,retail,0,0
9448,small,3,manufacturing,1,1
9449,mid,3,services,0,0
9450,small,1,retail,0,0
9451,mid,2,manufacturing,0,0
9452,small,1,services,0,0
9453,mid,1,retail,0,0
9454,small,6,retail,0,0
9455,small,0,manufacturing,0,0
9456,small,4,services,1,0
9457,mid,1,services,0,0
9458,small,0,retail,0,0
9459,small,1,manufacturing,0,1
9460,large,1,services,0,0
9461,small,2,tech,0,0
9462,small,0,manufacturing,0,0
9463,mid,0,services,0,0
9464,small,3,manufacturing,0,0
9465,mid,3,services,1,1
9466,small,0,retail,1,0
9467,mid,2,manufacturing,0,0
9468,small,2,tech,1,0
9469,mid,3,tech,1,0
9470,large,2,services,0,0
9471,small,3,manufacturing,1,0
9472,small,2,services,0,0
9473,large,1,retail,0,0
9474,small,4,manufacturing,0,0
9475,small,1,manufacturing,0,0
9476,mid,2,tech,1,1
9477,mid,2,tech,1,0
9478,mid,3,tech,1,1
9479,mid,2,manufacturing,0,0
9480,mid,3,tech,0,0
9481,small,1,tech,0,0
9482,mid,1,retail,0,0
9483,large,3,tech,1,0
9484,large,1,retail,0,0
9485,mid,1,tech,1,0
9486,mid,0,services,0,0
9487,small,5,tech,1,0
9488,small,4,services,0,0
9489,small,3,tech,1,0
9490,small,1,tech,1,0
9491,small,1,manufacturing,0,0
9492,small,0,retail,0,0
9493,small,1,tech,1,0
9494,small,1,tech,1,0
9495,mid,1,tech,1,0
9496,small,1,tech,1,1
9497,mid,3,retail,0,0
9498,mid,0,manufacturing,1,0
9499,small,2,services,0,0
9500,small,1,retail,0,0
9501,small,2,manufacturing,0,0
9502,mid,1,tech,1,0
9503,small,2,manufacturing,1,1
9504,small,1,retail,0,0
9505,small,1,manufacturing,0,0
9506,small,1,services,0,1
9507,small,0,retail,1,0
9508,mid,1,manufacturing,0,0
9509,small,1,retail,1,0
9510,mid,1,tech,0,0
9511,small,3,tech,0,0
9512,small,0,retail,0,0
9513,large,4,tech,0,0
9514,small,1,retail,1,0
9515,small,4,retail,0,0
9516,mid,1,services,1,0
9517,mid,3,tech,1,1
9518,small,4,tech,1,0
9519,small,2,retail,0,0
9520,small,3,retail,1,1
9521,small,1,services,0,0
9522,large,5,services,1,0
9523,small,2,tech,0,0
9524,mid,1,tech,0,0
9525,mid,3,manufacturing,0,1
9526,large,2,manufacturing,0,1
9527,mid,2,manufacturing,0,0
9528,small,1,manufacturing,0,1
9529,small,1,manufacturing,0,0
9530,small,1,tech,0,0
9531,mid,1,retail,1,1
9532,mid,1,retail,0,0
9533,small,1,manufacturing,0,0
9534,mid,4,retail,0,0
9535,small,2,tech,0,0
9536,mid,0,tech,0,0
9537,small,3,manufacturing,0,0
9538,small,2,services,1,1
9539,large,1,manufacturing,1,1
9540,small,1,manufacturing,0,0
9541,mid,2,manufacturing,1,1
9542,small,2,retail,0,0
9543,large,2,services,1,1
9544,mid,3,retail,0,0
9545,mid,1,tech,0,1
9546,mid,2,services,1,1
9547,small,0,services,0,0
9548,mid,6,manufacturing,0,0
9549,large,6,manufacturing,1,1
9550,small,3,manufacturing,1,0
9551,large,3,services,0,0
9552,mid,3,services,1,0
9553,small,2,tech,0,1
9554,mid,3,manufacturing,0,1
9555,mid,2,manufacturing,0,0
9556,small,6,services,1,0
9557,small,3,retail,0,0
9558,small,1,services,1,0
9559,mid,1,retail,0,0
9560,large,1,retail,0,0
9561,small,2,retail,0,1
9562,mid,1,manufacturing,0,0
9563,mid,1,retail,1,0
9564,mid,2,tech,0,0
9565,large,4,retail,0,0
9566,mid,4,services,1,0
9567,mid,1,retail,1,0
9568,mid,3,services,1,1
9569,small,1,retail,0,0
9570,mid,2,services,1,0
9571,small,1,manufacturing,0,1
9572,large,2,manufacturing,1,1
9573,large,6,manufacturing,0,0
9574,mid,5,services,1,0
9575,large,1,retail,0,0
9576,small,2,retail,0,0
9577,small,1,retail,0,0
9578,small,1,manufacturing,0,1
9579,small,1,retail,0,0
9580,small,2,tech,0,0
9581,large,1,tech,1,0
9582,small,3,manufacturing,1,0
9583,mid,1,tech,0,0
9584,small,3,services,0,0
9585,mid,2,manufacturing,0,0
9586,small,4,retail,1,0
9587,mid,1,manufacturing,1,0
9588,mid,1,services,1,0
9589,mid,3,services,1,0
9590,small,2,tech,1,1
9591,mid,1,retail,0,0
9592,small,3,services,0,1
9593,mid,2,tech,0,0
9594,small,6,tech,1,1
9595,small,1,tech,0,0
9596,small,1,manufacturing,0,0
9597,mid,0,manufacturing,1,1
9598,small,1,tech,0,0
9599,mid,1,retail,0,0
9600,small,2,manufacturing,0,0
9601,small,3,tech,1,1
9602,small,3,tech,0,0
9603,small,3,retail,0,0
9604,mid,1,retail,1,1
9605,large,1,retail,0,0
9606,small,3,services,1,0
9607,mid,2,manufacturing,0,0
9608,large,0,manufacturing,0,0
9609,mid,3,tech,0,0
9610,large,4,manufacturing,0,0
9611,small,3,tech,0,1
9612,mid,2,retail,0,0
9613,small,3,manufacturing,0,0
9614,small,5,manufacturing,1,0
9615,small,0,tech,0,0
9616,large,7,retail,1,1
9617,small,1,tech,1,1
9618,small,3,tech,1,1
9619,large,3,manufacturing,1,1
9620,mid,4,manufacturing,0,0
9621,small,3,retail,1,0
9622,small,4,retail,1,0
9623,small,2,tech,1,0
9624,small,2,tech,0,0
9625,large,1,tech,1,1
9626,mid,2,services,1,1
9627,small,3,retail,0,1
9628,small,8,retail,1,1
9629,small,1,tech,1,1
9630,large,0,tech,0,0
9631,large,1,retail,1,1
9632,small,3,manufacturing,1,0
9633,small,3,retail,0,0
9634,mid,0,retail,0,1
9635,small,2,services,0,0
9636,small,3,manufacturing,1,0
9637,mid,2,tech,0,0
9638,mid,1,services,0,0
9639,small,2,manufacturing,0,1
9640,small,2,manufacturing,1,0
9641,mid,2,manufacturing,0,0
9642,small,5,services,0,0
9643,large,2,retail,1,1
9644,small,2,retail,1,0
9645,mid,2,retail,0,0
9646,small,1,retail,1,1
9647,small,0,manufacturing,0,0
9648,mid,2,services,0,0
9649,mid,1,manufacturing,1,0
9650,small,2,manufacturing,0,0
9651,small,0,retail,0,1
9652,small,5,services,0,0
9653,mid,1,retail,0,0
9654,large,0,tech,0,0
9655,small,3,services,1,1
9656,small,1,tech,1,0
9657,mid,1,manufacturing,1,1
9658,small,2,tech,0,0
9659,mid,4,tech,1,1
9660,small,1,retail,1,0
9661,mid,1,manufacturing,0,0
9662,large,2,services,0,0
9663,small,2,tech,1,0
9664,mid,6,manufacturing,0,0
9665,mid,2,retail,1,1
9666,mid,2,tech,1,0
9667,mid,4,services,1,1
9668,mid,0,services,1,1
9669,small,1,manufacturing,0,0
9670,small,2,services,0,0
9671,small,4,manufacturing,0,1
9672,mid,2,retail,1,1
9673,mid,2,tech,0,0
9674,small,3,services,0,0
9675,small,2,manufacturing,0,0
9676,small,3,tech,1,1
9677,small,1,services,0,0
9678,small,1,manufacturing,0,0
9679,mid,2,retail,1,1
9680,small,1,tech,1,0
9681,small,1,services,0,0
9682,large,1,retail,1,0
9683,large,2,tech,1,1
9684,mid,2,services,0,0
9685,small,2,tech,0,0
9686,large,1,manufacturing,1,1
9687,large,3,retail,0,0
9688,mid,3,services,0,0
9689,mid,1,retail,0,0
9690,mid,5,services,1,0
9691,mid,3,services,0,0
9692,large,2,tech,1,1
9693,large,4,services,1,1
9694,mid,4,manufacturing,0,1
9695,mid,1,tech,1,0
9696,small,1,manufacturing,1,0
9697,small,5,retail,1,1
9698,large,1,tech,0,0
9699,mid,2,tech,0,0
9700,large,1,retail,0,1
9701,small,3,manufacturing,1,0
9702,small,3,manufacturing,0,0
9703,mid,3,services,0,0
9704,mid,2,manufacturing,0,0
9705,small,7,tech,1,1
9706,mid,4,retail,1,1
9707,large,3,services,0,0
9708,mid,4,manufacturing,1,1
9709,mid,1,manufacturing,1,1
9710,small,0,tech,0,0
9711,small,4,manufacturing,1,0
9712,small,2,manufacturing,0,0
9713,small,1,tech,0,0
9714,mid,3,services,1,0
9715,large,1,manufacturing,1,1
9716,large,2,retail,1,1
9717,small,1,manufacturing,0,0
9718,small,0,manufacturing,0,0
9719,mid,2,tech,0,0
9720,mid,0,retail,0,0
9721,small,2,services,1,0
9722,small,1,services,0,0
9723,small,0,tech,1,0
9724,mid,1,services,0,1
9725,small,5,retail,0,0
9726,small,2,manufacturing,0,0
9727,mid,2,manufacturing,0,0
9728,large,3,services,1,1
9729,mid,1,services,0,0
9730,small,3,services,1,0
9731,small,2,retail,0,0
9732,mid,2,retail,1,0
9733,small,1,manufacturing,0,0
9734,small,0,retail,1,0
9735,small,3,retail,1,0
9736,small,1,tech,0,0
9737,mid,1,retail,0,0
9738,large,1,tech,0,0
9739,mid,1,manufacturing,1,0
9740,mid,1,services,1,0
9741,small,0,services,0,0
9742,small,2,tech,0,0
9743,mid,5,manufacturing,1,1
9744,mid,2,manufacturing,1,0
9745,mid,1,services,1,0
9746,small,6,retail,1,1
9747,large,1,retail,0,0
9748,mid,2,retail,0,0
9749,mid,0,services,0,1
9750,mid,0,services,0,0
9751,mid,1,manufacturing,1,1
9752,mid,5,retail,0,1
9753,small,4,retail,1,0
9754,small,3,tech,0,1
9755,small,1,tech,0,0
9756,mid,0,manufacturing,0,0
9757,mid,2,manufacturing,0,0
9758,small,2,manufacturing,0,0
9759,mid,1,manufacturing,0,0
9760,mid,0,tech,0,0
9761,mid,4,retail,0,0
9762,large,1,tech,0,0
9763,small,2,retail,0,0
9764,mid,0,tech,0,0
9765,large,3,retail,0,0
9766,small,3,manufacturing,0,1
9767,large,2,services,0,0
9768,small,3,manufacturing,0,0
9769,mid,4,tech,1,0
9770,small,8,manufacturing,1,0
9771,small,3,tech,1,0
9772,small,1,tech,0,0
9773,mid,0,retail,0,0
9774,small,1,tech,1,1
9775,small,2,tech,0,0
9776,mid,4,tech,1,0
9777,small,2,retail,0,0
9778,small,0,retail,1,0
9779,large,0,tech,1,1
9780,small,4,tech,0,0
9781,mid,2,retail,0,1
9782,small,0,tech,0,0
9783,large,2,tech,1,1
9784,mid,2,services,1,1
9785,small,2,services,1,1
9786,small,4,services,0,0
9787,mid,3,retail,0,0
9788,small,1,services,1,0
9789,mid,1,retail,0,0
9790,mid,2,retail,1,0
9791,mid,1,tech,0,0
9792,large,3,tech,1,0
9793,mid,3,manufacturing,0,0
9794,mid,1,services,0,0
9795,mid,1,retail,0,0
9796,small,0,retail,1,0
9797,small,2,manufacturing,0,1
9798,small,1,services,1,0
9799,small,5,manufacturing,0,0
9800,small,3,services,0,1
9801,mid,1,tech,0,0
9802,small,4,retail,1,0
9803,small,1,services,1,0
9804,small,2,retail,0,0
9805,large,2,manufacturing,1,0
9806,small,3,services,0,0
9807,small,3,manufacturing,0,0
9808,large,1,manufacturing,0,0
9809,small,1,tech,0,0
9810,mid,2,services,1,0
9811,small,1,services,1,1
9812,small,4,manufacturing,1,0
9813,mid,2,manufacturing,0,0
9814,mid,5,tech,0,0
9815,small,3,manufacturing,1,0
9816,small,5,manufacturing,1,1
9817,small,3,tech,0,0
9818,mid,3,manufacturing,0,0
9819,small,6,services,0,0
9820,mid,2,services,0,0
9821,large,1,tech,0,1
9822,small,3,tech,0,0
9823,mid,2,tech,0,0
9824,small,4,services,0,1
9825,large,3,retail,1,0
9826,large,0,tech,0,1
9827,small,0,services,0,0
9828,small,3,services,1,0
9829,mid,2,tech,1,0
9830,mid,3,tech,0,0
9831,small,2,retail,1,1
9832,large,1,tech,1,1
9833,mid,3,services,0,0
9834,small,6,retail,0,0
9835,small,1,tech,0,0
9836,small,1,services,0,0
9837,small,2,tech,1,1
9838,small,0,tech,1,1
9839,small,1,services,0,1
9840,large,1,services,0,0
9841,large,1,services,0,0
9842,small,2,manufacturing,0,0
9843,small,1,tech,0,0
9844,small,1,services,0,0
9845,small,2,tech,1,0
9846,small,3,services,0,0
9847,small,3,retail,0,1
9848,small,3,services,1,1
9849,small,2,manufacturing,0,0
9850,mid,3,manufacturing,0,0
9851,small,2,tech,0,0
9852,large,1,retail,0,0
9853,large,1,manufacturing,1,0
9854,mid,0,retail,0,0
9855,mid,1,services,1,1
9856,small,1,services,0,0
9857,mid,3,retail,0,0
9858,large,3,manufacturing,1,0
9859,large,1,services,1,1
9860,large,1,retail,1,0
9861,mid,2,manufacturing,0,0
9862,small,1,tech,0,1
9863,small,4,services,0,0
9864,small,2,manufacturing,0,0
9865,small,4,retail,1,0
9866,small,1,services,0,0
9867,small,1,services,0,0
9868,large,2,manufacturing,1,1
9869,mid,1,tech,0,0
9870,mid,2,services,1,1
9871,small,3,tech,0,0
9872,mid,1,tech,1,0
9873,small,1,tech,1,0
9874,large,2,manufacturing,0,0
9875,mid,1,retail,0,0
9876,small,3,tech,0,0
9877,small,2,services,0,0
9878,small,2,tech,1,0
9879,small,2,services,1,1
9880,mid,2,retail,1,0
9881,small,3,retail,1,1
9882,large,1,retail,1,0
9883,mid,2,tech,1,0
9884,mid,3,retail,0,1
9885,small,1,manufacturing,1,0
9886,mid,1,services,0,0
9887,mid,2,manufacturing,1,0
9888,mid,5,tech,1,0
9889,small,2,manufacturing,1,0
9890,small,2,manufacturing,0,0
9891,small,0,tech,1,0
9892,small,4,services,1,0
9893,small,3,retail,0,0
9894,small,3,tech,1,1
9895,small,1,manufacturing,0,0
9896,small,0,services,0,0
9897,small,1,tech,1,1
9898,mid,2,retail,0,0
9899,small,2,services,1,1
9900,mid,2,retail,1,1
9901,large,1,retail,1,1
9902,small,3,manufacturing,0,0
9903,mid,0,manufacturing,0,0
9904,small,1,services,0,0
9905,small,1,retail,1,0
9906,small,2,tech,1,1
9907,small,4,services,0,1
9908,small,2,tech,0,0
9909,small,4,manufacturing,0,0
9910,small,0,tech,0,0
9911,small,2,retail,1,1
9912,mid,1,tech,0,0
9913,large,1,manufacturing,1,1
9914,small,2,services,0,1
9915,mid,2,manufacturing,0,0
9916,small,5,manufacturing,1,1
9917,mid,1,retail,0,0
9918,mid,4,manufacturing,1,1
9919,mid,1,tech,1,1
9920,large,2,tech,0,0
9921,small,3,tech,0,0
9922,large,3,retail,0,0
9923,small,4,tech,0,0
9924,mid,1,manufacturing,0,0
9925,small,2,retail,1,0
9926,small,3,manufacturing,1,0
9927,small,1,services,0,0
9928,small,2,tech,1,1
9929,mid,2,manufacturing,1,1
9930,small,1,services,1,1
9931,small,4,tech,0,1
9932,mid,1,tech,0,0
9933,mid,1,tech,1,0
9934,large,2,tech,1,0
9935,mid,3,retail,0,0
9936,small,3,retail,1,0
9937,small,1,tech,1,0
9938,mid,3,services,0,1
9939,small,2,services,0,0
9940,mid,0,tech,0,0
9941,mid,2,services,1,1
9942,mid,0,tech,0,0
9943,large,0,services,1,1
9944,small,0,services,0,0
9945,large,4,retail,0,0
9946,small,2,manufacturing,0,0
9947,small,2,services,0,1
9948,mid,3,manufacturing,0,0
9949,large,2,tech,0,0
9950,small,0,tech,0,0
9951,large,2,retail,0,0
9952,small,3,tech,0,1
9953,large,3,tech,0,0
9954,large,1,services,1,0
9955,large,5,services,0,0
9956,mid,2,manufacturing,0,0
9957,small,5,tech,0,0
9958,small,0,services,0,0
9959,small,4,manufacturing,0,0
9960,mid,5,manufacturing,0,0
9961,small,2,manufacturing,0,0
9962,small,2,retail,0,0
9963,small,3,manufacturing,0,0
9964,mid,3,tech,1,1
9965,small,2,services,0,0
9966,small,0,manufacturing,0,0
9967,large,1,tech,1,0
9968,small,5,services,1,0
9969,small,1,retail,1,0
9970,mid,4,manufacturing,1,1
9971,mid,0,retail,0,0
9972,small,1,manufacturing,1,0
9973,small,4,tech,0,0
9974,large,2,services,1,1
9975,large,0,tech,1,0
9976,mid,1,manufacturing,0,0
9977,mid,2,retail,1,0
9978,large,2,tech,0,0
9979,large,3,manufacturing,1,0
9980,small,0,services,1,0
9981,small,7,retail,0,0
9982,small,2,retail,0,1
9983,small,4,tech,0,1
9984,small,0,tech,0,0
9985,mid,2,tech,1,0
9986,mid,3,services,0,1
9987,mid,3,manufacturing,1,0
9988,mid,0,retail,0,0
9989,small,2,tech,0,0
9990,small,3,tech,0,0
9991,large,2,retail,1,0
9992,large,1,retail,0,0
9993,small,3,retail,0,0
9994,small,3,retail,1,0
9995,small,0,tech,1,0
9996,small,2,manufacturing,0,0
9997,small,0,retail,1,0
9998,small,1,retail,0,0
9999,large,3,manufacturing,0,0
10000,small,3,manufacturing,1,0
10001,small,1,manufacturing,0,0
10002,small,5,services,0,1
10003,small,2,retail,1,1
10004,mid,3,tech,0,0
10005,small,2,manufacturing,0,0
10006,mid,1,tech,1,0
10007,mid,1,services,0,0
10008,mid,4,manufacturing,0,0
10009,mid,3,manufacturing,1,1
10010,mid,1,services,1,0
10011,small,2,services,1,0
10012,small,1,services,0,0
10013,mid,1,tech,0,0
10014,small,1,manufacturing,0,0
10015,mid,2,services,0,0
10016,large,4,services,0,0
10017,mid,1,tech,0,0
10018,small,1,manufacturing,0,0
10019,small,2,retail,1,0
10020,mid,3,retail,0,0
10021,mid,2,retail,0,1
10022,large,2,tech,1,0
10023,small,0,tech,0,0
10024,small,2,retail,1,0
10025,small,1,manufacturing,1,0
10026,large,3,services,1,1
10027,small,4,manufacturing,1,0
10028,small,2,retail,1,0
10029,small,4,services,0,0
10030,mid,2,manufacturing,0,0
10031,small,2,tech,0,0
10032,mid,7,retail,0,1
10033,mid,2,manufacturing,0,0
10034,mid,3,tech,0,0
10035,mid,2,manufacturing,0,0
10036,small,4,services,0,0
10037,small,1,manufacturing,1,0
10038,small,3,retail,1,1
10039,small,1,tech,1,1
10040,small,2,tech,1,0
10041,small,0,retail,0,0
10042,small,3,retail,1,0
10043,mid,2,tech,1,1
10044,small,5,tech,0,0
10045,small,3,tech,0,0
10046,mid,1,tech,1,0
10047,small,2,manufacturing,1,1
10048,small,1,retail,0,0
10049,small,0,retail,0,0
10050,small,6,retail,0,0
10051,mid,1,manufacturing,1,1
10052,small,0,services,0,0
10053,mid,2,retail,1,0
10054,large,1,manufacturing,0,0
10055,large,1,services,0,0
10056,mid,1,services,1,0
10057,large,1,services,0,0
10058,mid,0,services,1,0
10059,large,0,retail,0,0
10060,small,1,manufacturing,1,0
10061,small,0,manufacturing,1,0
10062,small,0,retail,1,0
10063,small,4,tech,0,0
10064,small,2,retail,1,1
10065,small,1,retail,0,0
10066,small,1,tech,0,1
10067,small,1,retail,1,1
10068,small,3,manufacturing,0,1
10069,mid,1,manufacturing,1,1
10070,large,1,services,0,0
10071,large,1,retail,1,0
10072,mid,5,retail,0,0
10073,small,1,services,1,0
10074,mid,1,manufacturing,1,0
10075,large,1,manufacturing,0,0
10076,mid,1,retail,0,0
10077,small,3,services,1,0
10078,mid,3,retail,1,1
10079,small,2,retail,1,0
10080,large,2,retail,0,0
10081,mid,0,retail,0,0
10082,large,0,retail,0,0
10083,small,2,tech,0,0
10084,mid,3,manufacturing,0,1
10085,small,1,services,1,1
10086,small,3,retail,0,0
10087,mid,4,tech,0,0
10088,large,0,services,1,1
10089,small,1,services,1,0
10090,large,4,manufacturing,0,0
10091,small,0,services,0,0
10092,small,5,tech,1,1
10093,small,1,retail,1,1
10094,large,2,retail,1,1
10095,small,1,manufacturing,0,0
10096,mid,3,manufacturing,1,0
10097,mid,2,services,1,0
10098,mid,2,manufacturing,0,0
10099,small,1,services,1,0
10100,small,0,services,1,0
10101,mid,0,retail,0,0
10102,small,0,retail,0,0
10103,mid,1,tech,0,0
10104,small,3,retail,0,0
10105,small,3,services,1,1
10106,mid,3,manufacturing,0,0
10107,small,1,retail,0,0
10108,large,1,tech,0,0
10109,mid,1,services,1,1
10110,large,5,services,1,1
10111,large,0,tech,1,0
10112,mid,3,retail,0,0
10113,large,1,manufacturing,1,0
10114,small,1,manufacturing,0,0
10115,mid,3,retail,0,0
10116,small,3,manufacturing,1,0
10117,mid,2,services,0,0
10118,mid,0,services,0,0
10119,large,2,tech,0,1
10120,mid,3,services,1,0
10121,large,0,services,0,1
10122,small,5,manufacturing,1,0
10123,small,4,retail,1,1
10124,mid,5,manufacturing,0,1
10125,large,0,retail,0,0
10126,small,5,manufacturing,0,0
10127,mid,1,retail,0,0
10128,small,0,services,0,0
10129,small,2,manufacturing,0,0
10130,small,1,services,0,0
10131,mid,2,services,0,0
10132,large,1,retail,1,1
10133,mid,3,manufacturing,1,1
10134,small,1,manufacturing,0,0
10135,large,0,retail,1,0
10136,small,0,tech,0,0
10137,small,2,services,0,0
10138,mid,0,retail,1,1
10139,mid,0,services,1,0
10140,mid,4,retail,1,1
10141,small,3,services,1,1
10142,small,4,services,0,0
10143,small,1,tech,0,0
10144,mid,4,manufacturing,1,1
10145,small,2,tech,1,1
10146,mid,3,services,0,0
10147,large,1,retail,1,0
10148,mid,4,services,0,0
10149,small,2,retail,0,1
10150,mid,2,tech,1,0
10151,small,0,services,0,0
10152,small,2,retail,0,0
10153,small,2,retail,0,0
10154,mid,2,services,0,0
10155,small,0,services,1,0
10156,small,2,retail,0,0
10157,large,2,tech,1,1
10158,small,0,retail,0,0
10159,small,4,tech,1,0
10160,small,2,manufacturing,0,0
10161,small,1,tech,1,1
10162,small,2,manufacturing,0,0
10163,mid,1,services,1,1
10164,small,1,tech,0,0
10165,mid,0,services,0,0
10166,large,2,services,0,0
10167,small,1,manufacturing,0,0
10168,mid,2,manufacturing,1,0
10169,small,2,retail,0,1
10170,small,3,manufacturing,1,1
10171,mid,2,services,0,0
10172,large,3,retail,1,0
10173,small,3,manufacturing,1,1
10174,mid,0,services,1,0
10175,small,3,retail,0,0
10176,small,3,services,0,1
10177,small,3,retail,1,1
10178,mid,1,manufacturing,0,0
10179,large,0,manufacturing,1,1
10180,small,2,services,1,1
10181,mid,2,manufacturing,0,0
10182,mid,1,services,0,0
10183,small,1,retail,1,0
10184,mid,0,manufacturing,0,0
10185,small,2,manufacturing,0,0
10186,small,2,retail,0,0
10187,small,6,services,1,0
10188,mid,1,tech,1,1
10189,small,2,manufacturing,0,0
10190,small,1,tech,0,0
10191,large,2,retail,0,0
10192,mid,2,services,1,0
10193,large,2,manufacturing,1,1
10194,large,1,retail,1,0
10195,small,1,retail,1,1
10196,small,4,retail,1,1
10197,large,2,tech,0,0
10198,small,3,services,1,1
10199,large,2,tech,1,0
10200,large,0,manufacturing,0,0
10201,mid,4,retail,1,1
10202,small,2,retail,0,0
10203,mid,3,services,0,0
10204,small,2,retail,0,0
10205,small,1,retail,0,0
10206,small,1,services,0,0
10207,small,3,tech,0,1
10208,mid,1,retail,0,1
10209,small,2,tech,0,0
10210,large,0,services,1,0
10211,small,2,tech,1,0
10212,small,0,tech,1,0
10213,small,4,manufacturing,1,0
10214,small,0,retail,1,0
10215,mid,3,services,0,0
10216,mid,2,retail,0,0
10217,mid,2,retail,1,1
10218,small,3,manufacturing,0,0
10219,mid,0,retail,0,0
10220,small,3,tech,1,0
10221,mid,3,services,1,0
10222,large,0,manufacturing,0,0
10223,mid,2,services,1,1
10224,small,1,services,1,1
10225,large,2,services,0,1
10226,small,0,retail,1,0
10227,mid,2,services,0,0
10228,mid,3,tech,0,0
10229,small,3,services,0,0
10230,large,0,manufacturing,0,0
10231,large,2,retail,1,1
10232,small,1,services,0,1
10233,small,1,retail,0,0
10234,small,0,tech,0,0
10235,small,0,manufacturing,0,0
10236,large,3,retail,1,0
10237,small,2,tech,1,0
10238,small,2,retail,1,0
10239,mid,1,services,1,1
10240,large,3,retail,0,0
10241,large,0,manufacturing,1,0
10242,large,2,services,0,0
10243,small,0,tech,0,0
10244,small,2,services,1,1
10245,small,3,manufacturing,0,0
10246,mid,3,manufacturing,0,0
10247,small,1,tech,0,0
10248,mid,2,retail,1,0
10249,small,1,tech,1,1
10250,mid,2,tech,1,1
10251,small,2,tech,0,0
10252,large,2,services,0,0
10253,small,1,services,0,0
10254,small,1,tech,1,0
10255,mid,2,manufacturing,0,0
10256,mid,2,tech,0,0
10257,small,2,services,0,1
10258,large,1,retail,1,1
10259,mid,1,retail,0,0
10260,mid,1,tech,0,0
10261,mid,1,retail,0,0
10262,small,3,manufacturing,0,1
10263,mid,1,manufacturing,0,0
10264,small,2,services,0,0
10265,mid,1,retail,1,0
10266,small,3,retail,0,0
10267,mid,2,services,0,1
10268,mid,0,tech,0,0
10269,small,2,manufacturing,0,0
10270,mid,3,tech,1,1
10271,large,1,manufacturing,1,1
10272,small,1,services,1,0
10273,mid,3,services,1,1
10274,mid,3,manufacturing,0,0
10275,mid,3,manufacturing,1,0
10276,small,4,manufacturing,0,0
10277,mid,1,manufacturing,0,0
10278,mid,0,tech,0,0
10279,small,0,tech,0,0
10280,mid,1,services,0,0
10281,small,0,tech,1,1
10282,small,0,tech,0,0
10283,small,1,services,0,0
10284,small,2,tech,0,0
10285,mid,4,retail,0,0
10286,small,3,manufacturing,0,0
10287,mid,0,tech,0,0
10288,mid,2,services,1,0
10289,mid,2,tech,0,0
10290,large,4,services,0,1
10291,mid,2,tech,0,0
10292,mid,1,manufacturing,1,1
10293,large,3,retail,0,0
10294,mid,2,tech,0,0
10295,small,2,manufacturing,1,0
10296,small,2,services,0,0
10297,mid,1,manufacturing,1,0
10298,large,2,manufacturing,1,1
10299,small,3,services,0,0
10300,small,1,manufacturing,0,0
10301,small,1,services,1,1
10302,mid,6,services,1,1
10303,large,2,retail,1,1
10304,large,0,retail,1,0
10305,small,0,tech,0,1
10306,large,2,retail,1,0
10307,small,5,manufacturing,1,1
10308,small,2,retail,0,0
10309,mid,5,manufacturing,1,1
10310,small,2,services,0,0
10311,small,3,services,1,0
10312,small,1,services,1,1
10313,small,6,services,0,0
10314,small,3,services,1,1
10315,mid,2,manufacturing,0,1
10316,mid,4,retail,0,0
10317,mid,1,manufacturing,1,1
10318,small,4,retail,0,0
10319,small,1,services,1,1
10320,small,3,tech,0,0
10321,small,3,manufacturing,0,0
10322,small,5,tech,0,0
10323,mid,2,services,0,0
10324,large,2,services,0,0
10325,mid,5,tech,0,0
10326,mid,3,tech,1,0
10327,mid,3,services,0,1
10328,large,1,manufacturing,0,0
10329,large,2,services,0,0
10330,small,2,manufacturing,0,0
10331,small,3,manufacturing,0,0
10332,small,4,services,0,1
10333,mid,4,retail,1,1
10334,small,3,tech,0,1
10335,large,4,services,1,0
10336,mid,1,services,1,0
10337,small,2,tech,0,1
10338,small,5,services,1,0
10339,small,3,tech,1,1
10340,small,4,retail,0,0
10341,mid,2,services,1,1
10342,small,3,manufacturing,0,0
10343,small,1,retail,0,0
10344,small,0,services,0,0
10345,small,0,manufacturing,1,0
10346,mid,1,retail,0,0
10347,mid,2,retail,1,0
10348,large,3,services,0,0
10349,small,5,retail,0,0
10350,small,1,manufacturing,0,0
10351,small,1,manufacturing,0,0
10352,small,2,tech,1,0
10353,small,2,retail,0,0
10354,small,3,tech,1,0
10355,small,1,manufacturing,1,1
10356,small,2,manufacturing,1,0
10357,small,0,tech,0,1
10358,small,0,services,1,0
10359,mid,4,tech,0,0
10360,mid,2,retail,1,0
10361,mid,3,manufacturing,0,0
10362,small,1,retail,0,0
10363,mid,2,tech,0,1
10364,large,1,manufacturing,1,1
10365,small,2,retail,0,0
10366,mid,1,manufacturing,0,0
10367,small,0,tech,0,0
10368,small,0,services,0,0
10369,small,3,manufacturing,0,0
10370,large,3,retail,0,0
10371,mid,4,tech,1,0
10372,mid,0,tech,1,0
10373,mid,0,retail,0,0
10374,small,5,services,0,0
10375,mid,2,retail,1,0
10376,small,4,services,1,1
10377,mid,0,tech,0,0
10378,small,3,retail,0,0
10379,small,3,tech,1,1
10380,small,0,services,0,0
10381,mid,5,tech,0,1
10382,small,0,tech,0,0
10383,small,2,services,1,0
10384,small,2,retail,0,0
10385,large,2,tech,1,1
10386,mid,0,manufacturing,0,0
10387,mid,1,manufacturing,0,0
10388,mid,3,services,1,0
10389,small,3,tech,0,0
10390,small,2,services,1,0
10391,small,1,manufacturing,1,1
10392,mid,2,tech,0,0
10393,small,1,services,0,0
10394,large,2,services,1,0
10395,small,2,manufacturing,0,0
10396,large,2,tech,0,0
10397,mid,2,retail,1,0
10398,small,1,manufacturing,0,0
10399,small,5,manufacturing,1,1
10400,small,3,services,0,0
10401,small,1,services,0,0
10402,mid,0,tech,1,1
10403,small,0,services,1,1
10404,large,3,services,1,0
10405,large,1,manufacturing,0,0
10406,small,1,retail,1,0
10407,large,1,services,0,1
10408,mid,1,retail,0,0
10409,small,3,tech,0,0
10410,small,1,tech,0,0
10411,small,3,manufacturing,0,0
10412,small,3,retail,0,0
10413,small,2,manufacturing,0,0
10414,large,1,manufacturing,0,0
10415,small,3,manufacturing,0,0
10416,mid,1,services,0,0
10417,small,3,retail,0,0
10418,small,1,manufacturing,1,0
10419,small,1,retail,1,0
10420,mid,0,tech,0,0
10421,small,2,manufacturing,1,0
10422,small,1,services,0,1
10423,mid,1,manufacturing,0,0
10424,mid,3,tech,1,0
10425,small,0,services,0,0
10426,small,3,retail,0,0
10427,small,5,retail,1,1
10428,mid,2,manufacturing,0,0
10429,small,4,manufacturing,0,0
10430,mid,2,services,1,1
10431,mid,3,retail,0,1
10432,mid,1,tech,1,0
10433,mid,4,manufacturing,0,0
10434,small,1,services,0,1
10435,small,2,manufacturing,1,0
10436,small,0,tech,1,0
10437,mid,1,manufacturing,0,0
10438,large,1,manufacturing,1,0
10439,small,1,services,1,0
10440,mid,1,tech,1,1
10441,small,1,retail,0,0
10442,mid,3,manufacturing,0,0
10443,mid,1,manufacturing,1,0
10444,small,1,retail,1,1
10445,mid,0,services,0,0
10446,large,1,services,0,0
10447,large,3,manufacturing,1,0
10448,large,4,services,1,1
10449,small,0,retail,0,0
10450,small,3,manufacturing,0,0
10451,small,3,retail,1,0
10452,large,0,tech,1,1
10453,mid,1,retail,1,0
10454,mid,1,retail,1,0
10455,small,6,tech,0,0
10456,small,3,services,0,1
10457,mid,2,manufacturing,1,0
10458,large,1,services,1,0
10459,mid,0,services,0,0
10460,small,3,retail,0,0
10461,small,3,services,0,0
10462,small,3,manufacturing,1,0
10463,mid,4,tech,1,0
10464,small,0,retail,1,1
10465,mid,1,retail,1,0
10466,small,2,retail,1,0
10467,mid,2,retail,0,1
10468,small,5,services,1,1
10469,small,2,services,1,0
10470,mid,2,tech,1,0
10471,mid,1,services,0,0
10472,small,1,retail,0,1
10473,mid,0,manufacturing,1,0
10474,large,3,services,0,0
10475,mid,1,services,0,0
10476,mid,2,retail,1,0
10477,small,2,services,1,1
10478,small,2,services,1,0
10479,small,2,retail,1,0
10480,mid,1,tech,0,0
10481,small,3,services,0,0
10482,mid,3,tech,1,0
10483,small,3,retail,0,0
10484,small,2,manufacturing,0,0
10485,small,2,manufacturing,0,0
10486,mid,1,retail,0,0
10487,mid,2,tech,0,0
10488,mid,2,manufacturing,1,1
10489,mid,1,tech,0,0
10490,small,0,tech,1,0
10491,mid,3,manufacturing,1,0
10492,mid,5,tech,1,0
10493,mid,4,tech,0,0
10494,small,2,retail,0,0
10495,small,1,services,0,0
10496,small,3,tech,0,1
10497,mid,0,services,1,0
10498,small,0,retail,0,0
10499,large,3,tech,0,0
10500,small,1,services,1,0
10501,small,1,tech,0,0
10502,small,1,services,0,0
10503,mid,3,tech,1,1
10504,large,1,tech,0,0
10505,small,1,tech,1,0
10506,small,2,tech,0,0
10507,small,1,retail,0,0
10508,small,4,manufacturing,0,1
10509,small,0,retail,1,0
10510,large,6,services,0,1
10511,small,0,services,0,0
10512,mid,2,services,1,0
10513,mid,1,retail,0,0
10514,mid,3,tech,0,0
10515,small,3,services,1,1
10516,mid,4,services,0,0
10517,large,4,manufacturing,1,1
10518,small,1,tech,0,0
10519,large,2,services,1,1
10520,large,1,tech,0,1
10521,mid,2,services,1,1
10522,mid,5,tech,0,1
10523,large,2,tech,0,0
10524,mid,3,retail,1,0
10525,large,4,tech,0,0
10526,small,2,retail,0,0
10527,mid,5,manufacturing,0,0
10528,small,4,manufacturing,0,0
10529,small,1,manufacturing,0,0
10530,mid,1,tech,0,0
10531,mid,1,tech,1,1
10532,mid,1,manufacturing,1,0
10533,small,1,tech,0,1
10534,small,1,tech,1,0
10535,small,2,services,1,0
10536,mid,4,services,1,0
10537,small,4,tech,1,1
10538,large,3,retail,1,0
10539,mid,0,retail,0,0
10540,small,4,tech,1,1
10541,mid,6,manufacturing,1,0
10542,small,2,services,1,0
10543,mid,1,manufacturing,0,0
10544,small,1,tech,0,0
10545,mid,2,services,1,1
10546,small,1,services,1,1
10547,mid,1,services,0,0
10548,mid,1,tech,1,0
10549,small,1,tech,0,0
10550,small,5,services,1,1
10551,small,3,tech,1,0
10552,mid,2,manufacturing,0,0
10553,large,0,services,0,0
10554,mid,2,manufacturing,0,1
10555,small,1,retail,0,0
10556,mid,1,services,0,0
10557,small,2,services,0,0
10558,small,1,services,1,0
10559,mid,1,tech,1,1
10560,large,4,services,1,0
10561,mid,0,tech,1,0
10562,mid,2,retail,0,0
10563,large,1,retail,1,0
10564,small,1,services,0,0
10565,large,2,tech,1,0
10566,large,1,tech,0,1
10567,mid,2,tech,0,0
10568,mid,1,services,0,1
10569,large,1,services,1,1
10570,small,0,services,1,0
10571,small,3,tech,0,0
10572,small,1,retail,0,0
10573,small,2,services,1,1
10574,small,1,services,0,1
10575,mid,2,services,0,1
10576,mid,4,retail,1,1
10577,small,3,retail,0,0
10578,mid,2,retail,0,0
10579,small,3,manufacturing,1,0
10580,small,3,manufacturing,0,0
10581,small,0,tech,0,0
10582,mid,1,tech,1,0
10583,small,4,retail,1,0
10584,large,1,retail,1,0
10585,mid,1,tech,1,1
10586,mid,2,manufacturing,0,0
10587,large,1,tech,0,0
10588,small,1,tech,1,1
10589,mid,2,services,0,0
10590,mid,1,manufacturing,1,0
10591,small,1,services,0,0
10592,small,1,manufacturing,1,0
10593,large,3,tech,0,0
10594,small,1,manufacturing,0,0
10595,large,2,services,0,0
10596,small,2,tech,0,1
10597,small,2,services,0,0
10598,small,2,retail,1,0
10599,small,3,tech,1,0
10600,mid,4,services,1,0
10601,small,0,retail,0,0
10602,mid,2,manufacturing,0,0
10603,small,0,manufacturing,1,0
10604,mid,5,manufacturing,0,0
10605,small,3,tech,0,0
10606,small,2,manufacturing,1,0
10607,mid,1,retail,0,0
10608,small,2,tech,1,0
10609,mid,1,services,0,0
10610,mid,3,retail,0,0
10611,small,2,tech,0,0
10612,small,0,manufacturing,1,0
10613,mid,3,services,1,0
10614,small,3,services,0,0
10615,small,3,tech,0,1
10616,mid,1,services,0,0
10617,mid,2,retail,0,0
10618,small,2,retail,1,1
10619,mid,5,manufacturing,0,0
10620,small,1,tech,0,0
10621,mid,2,tech,0,1
10622,large,2,retail,0,1
10623,small,2,manufacturing,0,1
10624,small,3,manufacturing,1,0
10625,small,1,services,0,0
10626,mid,3,manufacturing,0,0
10627,large,3,manufacturing,0,0
10628,mid,1,manufacturing,0,0
10629,small,1,manufacturing,0,0
10630,mid,3,services,1,0
10631,small,1,retail,1,0
10632,small,1,services,0,0
10633,small,2,services,1,0
10634,large,2,retail,0,0
10635,mid,2,retail,1,0
10636,large,3,tech,0,0
10637,small,1,manufacturing,0,0
10638,small,3,retail,0,0
10639,small,1,manufacturing,0,0
10640,small,0,services,1,0
10641,small,2,manufacturing,1,0
10642,mid,3,manufacturing,0,0
10643,mid,1,services,0,0
10644,large,0,tech,0,0
10645,small,0,retail,0,0
10646,small,3,tech,0,0
10647,large,3,services,1,0
10648,small,2,manufacturing,1,0
10649,small,1,retail,1,0
10650,small,3,tech,1,0
10651,mid,2,services,0,0
10652,large,3,services,0,0
10653,small,2,manufacturing,0,0
10654,mid,5,manufacturing,0,0
10655,small,1,retail,1,0
10656,mid,3,tech,0,0
10657,small,1,manufacturing,0,0
10658,small,4,retail,0,0
10659,mid,1,tech,1,0
10660,small,4,manufacturing,0,0
10661,mid,0,tech,0,0
10662,small,5,tech,0,0
10663,small,1,retail,0,1
10664,small,3,services,0,0
10665,small,3,tech,0,0
10666,mid,2,retail,1,1
10667,large,2,retail,0,0
10668,large,1,manufacturing,1,0
10669,small,6,retail,1,1
10670,small,1,manufacturing,1,0
10671,small,0,tech,0,0
10672,mid,1,retail,0,1
10673,mid,3,services,1,1
10674,mid,3,manufacturing,0,0
10675,small,5,services,0,0
10676,mid,3,retail,0,0
10677,mid,1,retail,0,0
10678,small,4,tech,0,0
10679,mid,1,retail,1,1
10680,small,5,tech,0,0
10681,small,1,manufacturing,0,0
10682,mid,3,manufacturing,0,0
10683,small,4,retail,1,1
10684,small,1,manufacturing,1,0
10685,small,2,retail,1,0
10686,large,4,manufacturing,1,0
10687,mid,6,manufacturing,0,1
10688,large,2,retail,0,0
10689,mid,4,manufacturing,0,0
10690,small,1,retail,0,1
10691,small,2,retail,1,0
10692,small,2,tech,1,1
10693,small,0,retail,0,0
10694,small,0,manufacturing,0,0
10695,small,4,retail,1,1
10696,large,0,retail,0,1
10697,small,1,manufacturing,1,0
10698,small,6,services,1,1
10699,mid,1,services,0,0
10700,mid,0,services,0,0
10701,small,3,tech,0,0
10702,small,2,manufacturing,1,0
10703,small,1,tech,0,0
10704,mid,2,tech,0,0
10705,small,3,retail,1,0
10706,mid,3,services,1,1
10707,small,4,retail,1,0
10708,large,0,retail,1,1
10709,mid,1,retail,1,1
10710,small,3,retail,0,0
10711,small,3,retail,0,0
10712,small,1,services,1,1
10713,mid,2,tech,1,0
10714,small,2,retail,1,0
10715,small,0,tech,1,1
10716,small,4,services,1,1
10717,mid,1,services,0,1
10718,mid,4,manufacturing,1,0
10719,small,0,manufacturing,1,0
10720,mid,2,retail,0,0
10721,mid,1,manufacturing,0,0
10722,mid,0,tech,1,0
10723,small,2,services,1,1
10724,small,1,tech,0,1
10725,small,0,services,0,0
10726,small,2,manufacturing,0,0
10727,large,2,tech,0,0
10728,mid,5,services,0,1
10729,small,1,tech,0,0
10730,mid,0,manufacturing,0,1
10731,mid,2,services,1,0
10732,small,3,tech,1,0
10733,small,0,manufacturing,1,1
10734,small,4,services,1,0
10735,large,4,retail,1,0
10736,mid,1,tech,1,1
10737,small,3,manufacturing,0,0
10738,mid,2,retail,0,0
10739,small,2,services,0,0
10740,large,3,retail,1,1
10741,mid,2,tech,0,0
10742,small,3,retail,0,0
10743,small,1,retail,1,0
10744,mid,1,manufacturing,1,1
10745,small,1,services,1,1
10746,mid,1,services,0,0
10747,small,1,manufacturing,0,0
10748,small,1,retail,0,0
10749,small,1,tech,1,0
10750,mid,3,retail,1,0
10751,small,2,retail,1,0
10752,mid,3,manufacturing,1,1
10753,mid,3,manufacturing,0,0
10754,small,0,tech,0,0
10755,small,2,retail,0,0
10756,mid,0,services,0,0
10757,mid,0,services,1,0
10758,large,3,manufacturing,1,0
10759,small,3,manufacturing,1,0
10760,small,5,manufacturing,0,0
10761,mid,3,tech,0,0
10762,mid,2,services,1,1
10763,large,3,services,1,1
10764,small,2,tech,0,0
10765,small,1,manufacturing,1,0
10766,small,0,services,1,0
10767,large,2,tech,0,0
10768,small,1,tech,0,1
10769,small,2,manufacturing,0,0
10770,small,1,retail,1,1
10771,mid,2,tech,0,0
10772,small,0,retail,0,0
10773,mid,3,retail,1,0
10774,mid,2,retail,0,0
10775,small,1,services,1,0
10776,mid,2,services,0,0
10777,small,0,services,1,0
10778,mid,3,manufacturing,1,0
10779,small,0,services,0,1
10780,small,1,tech,0,0
10781,small,3,manufacturing,0,0
10782,small,1,services,1,1
10783,small,2,manufacturing,0,0
10784,mid,2,services,1,1
10785,mid,0,tech,0,0
10786,small,2,services,0,0
10787,small,3,tech,0,0
10788,small,4,retail,1,0
10789,small,5,tech,1,0
10790,mid,1,manufacturing,1,0
10791,small,1,retail,1,0
10792,small,3,services,0,0
10793,mid,0,retail,0,1
10794,small,2,services,1,0
10795,small,2,tech,0,0
10796,mid,3,tech,1,0
10797,small,6,manufacturing,0,0
10798,mid,1,manufacturing,0,0
10799,mid,2,tech,1,1
10800,small,6,manufacturing,1,1
10801,small,3,services,1,1
10802,small,2,services,1,0
10803,small,1,manufacturing,0,0
10804,small,4,services,1,1
10805,small,0,services,0,0
10806,small,1,services,0,0
10807,large,3,services,0,0
10808,small,1,services,0,0
10809,mid,1,retail,0,0
10810,small,5,services,1,1
10811,mid,0,services,0,0
10812,mid,0,manufacturing,0,1
10813,small,3,services,0,0
10814,small,2,manufacturing,1,0
10815,large,3,retail,0,0
10816,mid,2,tech,0,0
10817,large,0,manufacturing,0,0
10818,small,1,services,1,0
10819,small,0,manufacturing,1,0
10820,small,1,retail,0,0
10821,small,3,services,1,0
10822,small,4,manufacturing,0,1
10823,small,1,services,0,0
10824,small,2,tech,1,0
10825,large,1,services,0,1
10826,large,4,tech,0,1
10827,mid,1,manufacturing,0,1
10828,mid,0,services,1,1
10829,large,1,manufacturing,0,0
10830,small,3,retail,0,0
10831,mid,3,retail,1,1
10832,small,1,tech,0,0
10833,small,5,manufacturing,0,0
10834,small,3,manufacturing,0,0
10835,small,2,manufacturing,1,0
10836,mid,2,manufacturing,0,0
10837,mid,0,retail,1,0
10838,small,0,retail,0,0
10839,small,4,manufacturing,0,0
10840,mid,1,tech,0,0
10841,small,1,retail,1,0
10842,mid,0,retail,0,0
10843,mid,2,tech,0,0
10844,mid,2,manufacturing,1,1
10845,mid,1,retail,1,1
10846,large,4,manufacturing,1,0
10847,small,4,manufacturing,0,0
10848,large,3,services,0,1
10849,mid,1,services,1,1
10850,mid,1,retail,1,0
10851,large,3,manufacturing,0,0
10852,small,0,tech,0,0
10853,small,1,manufacturing,1,0
10854,mid,2,tech,0,0
10855,mid,0,tech,1,0
10856,small,3,services,1,1
10857,small,3,tech,0,0
10858,large,0,retail,0,0
10859,large,1,manufacturing,0,0
10860,large,1,tech,1,1
10861,small,1,services,1,0
10862,small,3,retail,1,0
10863,small,2,services,0,0
10864,small,3,manufacturing,0,0
10865,large,1,services,0,1
10866,small,1,manufacturing,0,0
10867,small,0,retail,0,1
10868,mid,1,retail,1,0
10869,mid,6,manufacturing,0,1
10870,mid,2,services,1,1
10871,large,2,retail,0,0
10872,large,1,manufacturing,1,0
10873,mid,0,services,0,0
10874,large,1,services,0,0
10875,small,4,tech,0,0
10876,mid,2,tech,1,1
10877,small,3,retail,1,0
10878,small,1,services,0,0
10879,mid,1,services,1,0
10880,mid,3,services,0,0
10881,mid,0,tech,0,0
10882,mid,1,services,0,0
10883,small,2,services,1,0
10884,small,1,retail,1,0
10885,mid,1,services,0,0
10886,small,3,retail,0,0
10887,large,1,retail,1,0
10888,small,2,tech,0,0
10889,small,4,services,1,0
10890,small,1,manufacturing,0,0
10891,small,3,services,0,0
10892,mid,0,manufacturing,0,0
10893,large,0,retail,0,0
10894,small,2,retail,0,0
10895,small,2,tech,1,0
10896,small,0,retail,0,0
10897,mid,0,services,0,0
10898,small,2,tech,0,1
10899,mid,3,retail,1,1
10900,small,1,manufacturing,0,0
10901,small,4,retail,1,0
10902,large,1,services,1,0
10903,small,2,services,0,0
10904,large,3,tech,0,0
10905,small,1,manufacturing,0,0
10906,large,1,services,0,0
10907,mid,3,manufacturing,1,1
10908,mid,0,tech,1,0
10909,mid,2,manufacturing,1,1
10910,large,2,manufacturing,1,1
10911,mid,2,tech,0,0
10912,small,4,manufacturing,1,1
10913,small,3,manufacturing,0,0
10914,small,3,manufacturing,0,0
10915,large,0,services,1,1
10916,large,1,services,0,0
10917,small,3,manufacturing,0,0
10918,small,3,tech,0,0
10919,small,0,manufacturing,1,0
10920,small,0,tech,0,0
10921,small,2,manufacturing,1,0
10922,large,3,manufacturing,0,0
10923,mid,3,services,0,0
10924,large,0,tech,1,0
10925,small,1,retail,0,0
10926,large,3,services,1,1
10927,large,1,services,1,0
10928,mid,3,tech,0,0
10929,small,3,manufacturing,1,0
10930,small,2,tech,0,0
10931,mid,2,manufacturing,1,0
10932,large,4,manufacturing,1,1
10933,small,3,services,0,0
10934,small,3,manufacturing,0,0
10935,small,0,manufacturing,1,1
10936,small,2,tech,0,0
10937,small,4,manufacturing,0,0
10938,small,3,services,1,0
10939,small,2,services,0,0
10940,small,1,services,1,0
10941,small,0,services,0,0
10942,mid,4,services,0,0
10943,small,3,services,0,0
10944,mid,2,manufacturing,1,1
10945,mid,1,manufacturing,0,0
10946,large,2,services,0,1
10947,small,1,tech,0,0
10948,large,1,retail,1,0
10949,mid,2,tech,0,0
10950,small,1,tech,0,0
10951,small,0,tech,0,0
10952,small,3,tech,1,0
10953,mid,2,services,0,0
10954,small,5,services,1,0
10955,small,3,tech,0,0
10956,small,1,manufacturing,0,0
10957,mid,4,tech,0,0
10958,mid,0,tech,0,0
10959,mid,2,manufacturing,0,0
10960,mid,0,retail,0,0
10961,mid,2,retail,1,0
10962,small,2,services,0,0
10963,small,1,tech,1,0
10964,mid,2,tech,0,0
10965,small,4,retail,1,0
10966,small,0,tech,0,1
10967,small,0,tech,0,0
10968,small,0,services,1,0
10969,mid,3,tech,0,0
10970,large,2,manufacturing,1,0
10971,mid,1,services,0,1
10972,mid,2,services,0,1
10973,small,2,services,0,0
10974,small,0,retail,1,0
10975,large,0,services,1,0
10976,large,0,services,1,0
10977,small,3,tech,0,1
10978,mid,2,services,0,1
10979,small,3,tech,0,1
10980,large,2,tech,1,0
10981,small,1,manufacturing,1,1
10982,mid,3,tech,1,1
10983,large,1,manufacturing,0,0
10984,small,0,manufacturing,0,0
10985,small,3,services,0,0
10986,mid,1,tech,0,0
10987,small,3,tech,0,0
10988,large,0,retail,1,0
10989,small,2,services,1,1
10990,small,1,manufacturing,1,0
10991,large,4,services,1,1
10992,mid,3,manufacturing,1,0
10993,mid,1,manufacturing,1,1
10994,mid,3,manufacturing,0,0
10995,large,0,manufacturing,1,1
10996,small,2,retail,0,0
10997,small,0,tech,1,0
10998,large,4,services,1,0
10999,mid,1,tech,1,1
11000,small,2,tech,0,0
