customer_id,income_k,tenure_months,age,urban,prior_quarter_spend,joined_loyalty,points_redeemed,monthly_spend
100001,60.0,4.0,60.0,1,42.43,0,0.0,80.99
100002,68.0,16.0,36.0,0,109.41,1,32.0,97.85
100003,54.0,70.0,42.0,1,164.11,1,41.0,129.24
100004,42.0,5.0,56.0,1,10.74,0,0.0,28.3
100005,50.0,41.0,66.0,0,52.83,0,0.0,51.89
100006,41.0,4.0,33.0,0,128.09,1,44.0,153.77
100007,62.0,1.0,44.0,0,78.06,1,33.0,105.04
100008,103.0,13.0,33.0,1,115.76,1,44.0,128.33
100009,50.0,17.0,32.0,0,62.35,0,0.0,66.52
100010,47.0,70.0,35.0,1,77.36,0,0.0,96.55
100011,73.0,0.0,32.0,1,73.39,1,33.0,99.52
100012,70.0,22.0,18.0,0,90.93,0,0.0,86.81
100013,63.0,30.0,18.0,1,39.0,0,0.0,79.99
100014,42.0,14.0,31.0,0,70.22,0,0.0,69.86
100015,60.0,33.0,42.0,1,18.07,0,0.0,46.48
100016,80.0,4.0,56.0,0,91.79,1,37.0,125.42
100017,35.0,12.0,34.0,1,45.09,0,0.0,64.62
100018,50.0,2.0,38.0,1,159.55,1,41.0,133.56
100019,28.0,33.0,49.0,0,154.78,1,34.0,116.34
100020,36.0,1.0,50.0,0,31.05,1,22.0,65.61
100021,29.0,2.0,39.0,0,62.08,0,2.0,63.82
100022,55.0,44.0,40.0,0,32.43,0,0.0,48.27
100023,36.0,18.0,64.0,0,29.71,0,0.0,37.26
100024,67.0,12.0,36.0,0,94.57,0,5.0,82.08
100025,64.0,2.0,34.0,0,91.48,1,32.0,100.14
100026,56.0,4.0,20.0,1,116.91,0,0.0,107.99
100027,22.0,39.0,46.0,0,35.34,0,3.0,63.08
100028,49.0,9.0,37.0,0,58.23,0,4.0,34.63
100029,59.0,21.0,65.0,0,100.46,0,0.0,90.95
100030,63.0,13.0,36.0,1,89.58,1,25.0,86.29
100031,33.0,7.0,51.0,1,20.26,0,0.0,63.73
100032,50.0,102.0,52.0,1,27.54,0,2.0,57.9
100033,41.0,6.0,61.0,0,87.17,0,0.0,92.11
100034,44.0,13.0,24.0,1,145.66,1,39.0,112.24
100035,92.0,22.0,60.0,1,35.3,0,1.0,70.95
100036,44.0,21.0,41.0,1,40.97,0,5.0,59.44
100037,60.0,12.0,39.0,0,26.05,0,0.0,27.64
100038,86.0,4.0,37.0,0,79.58,1,31.0,93.35
100039,48.0,13.0,35.0,0,19.39,0,3.0,37.84
100040,58.0,33.0,36.0,1,40.93,0,0.0,60.72
100041,63.0,1.0,18.0,0,35.19,0,0.0,43.91
100042,62.0,19.0,47.0,1,90.61,0,0.0,84.3
100043,37.0,27.0,41.0,1,21.36,0,0.0,29.96
100044,62.0,32.0,28.0,1,78.5,0,0.0,97.42
100045,104.0,4.0,40.0,0,43.86,0,0.0,70.34
100046,32.0,5.0,70.0,1,31.62,0,1.0,44.52
100047,85.0,35.0,45.0,0,42.24,0,3.0,72.15
100048,63.0,30.0,36.0,1,6.29,0,4.0,47.6
100049,47.0,73.0,62.0,0,52.14,0,0.0,83.44
100050,134.0,15.0,30.0,1,161.17,1,46.0,161.93
100051,82.0,4.0,39.0,1,38.26,0,4.0,61.92
100052,37.0,9.0,33.0,1,117.61,1,35.0,109.62
100053,62.0,18.0,37.0,1,48.49,0,0.0,63.05
100054,76.0,6.0,50.0,1,29.97,0,0.0,53.64
100055,56.0,54.0,48.0,0,59.74,0,0.0,84.03
100056,79.0,30.0,31.0,0,30.75,0,2.0,79.05
100057,59.0,2.0,39.0,1,258.7,1,42.0,141.1
100058,79.0,12.0,42.0,1,6.91,0,4.0,50.24
100059,107.0,5.0,35.0,0,42.58,0,0.0,88.77
100060,46.0,16.0,40.0,0,87.62,1,34.0,93.19
100061,65.0,0.0,31.0,0,28.41,0,0.0,60.88
100062,50.0,9.0,31.0,1,55.59,0,0.0,75.28
100063,63.0,13.0,41.0,0,12.32,0,0.0,33.53
100064,38.0,5.0,27.0,0,21.33,0,0.0,42.78
100065,48.0,53.0,46.0,0,75.73,0,0.0,81.7
100066,56.0,35.0,38.0,1,75.92,1,27.0,76.97
100067,86.0,31.0,29.0,1,57.92,0,2.0,85.07
100068,95.0,1.0,33.0,1,39.6,1,22.0,77.78
100069,36.0,10.0,34.0,1,30.13,1,23.0,62.55
100070,44.0,57.0,38.0,1,139.1,1,50.0,146.6
100071,78.0,2.0,42.0,1,22.78,1,28.0,74.92
100072,27.0,3.0,38.0,0,7.66,0,0.0,19.91
100073,50.0,14.0,29.0,1,44.67,1,22.0,71.36
100074,58.0,17.0,59.0,1,96.18,1,34.0,107.34
100075,100.0,59.0,52.0,0,55.28,0,1.0,63.53
100076,80.0,34.0,42.0,1,15.72,0,0.0,66.95
100077,53.0,112.0,52.0,1,137.3,1,36.0,129.27
100078,52.0,44.0,45.0,1,38.99,0,1.0,58.28
100079,55.0,84.0,37.0,0,29.13,0,1.0,58.59
100080,111.0,45.0,41.0,0,50.72,0,0.0,83.78
100081,51.0,19.0,74.0,1,64.2,1,19.0,68.3
100082,53.0,17.0,53.0,1,102.2,1,27.0,101.83
100083,69.0,15.0,54.0,1,38.39,0,0.0,70.36
100084,57.0,4.0,35.0,1,56.45,0,1.0,88.37
100085,56.0,1.0,48.0,1,66.57,0,3.0,89.03
100086,39.0,3.0,69.0,1,185.46,1,50.0,164.21
100087,60.0,5.0,46.0,1,49.45,0,0.0,70.1
100088,51.0,49.0,54.0,1,90.34,0,0.0,96.35
100089,96.0,14.0,56.0,1,31.22,1,9.0,28.9
100090,78.0,9.0,49.0,1,92.74,0,2.0,108.49
100091,60.0,4.0,60.0,1,139.02,1,38.0,136.63
100092,79.0,5.0,43.0,1,105.51,1,33.0,110.81
100093,53.0,50.0,47.0,1,51.02,0,0.0,77.74
100094,92.0,3.0,32.0,0,73.82,0,0.0,68.25
100095,60.0,5.0,74.0,1,50.38,1,28.0,89.04
100096,76.0,7.0,44.0,0,35.86,0,0.0,69.31
100097,36.0,23.0,42.0,1,99.04,1,35.0,101.32
100098,69.0,30.0,58.0,0,150.52,1,47.0,137.11
100099,31.0,47.0,34.0,1,57.32,0,3.0,78.97
100100,27.0,19.0,40.0,1,46.76,0,1.0,64.53
100101,53.0,8.0,31.0,0,100.37,0,2.0,107.91
100102,42.0,5.0,41.0,1,27.83,0,1.0,39.95
100103,64.0,1.0,35.0,1,88.51,1,28.0,86.04
100104,148.0,41.0,47.0,1,54.07,0,0.0,99.74
100105,43.0,27.0,39.0,0,71.01,0,1.0,82.09
100106,47.0,6.0,33.0,0,226.56,1,49.0,153.34
100107,66.0,41.0,37.0,1,192.26,1,44.0,144.9
100108,73.0,35.0,39.0,1,37.25,1,20.0,50.71
100109,56.0,2.0,34.0,1,36.26,1,27.0,83.88
100110,56.0,16.0,52.0,1,93.85,0,0.0,96.56
100111,80.0,37.0,49.0,1,36.28,0,3.0,75.37
100112,74.0,23.0,42.0,0,80.61,0,0.0,89.54
100113,40.0,2.0,25.0,0,65.3,1,26.0,74.63
100114,58.0,4.0,47.0,1,107.72,1,35.0,121.89
100115,61.0,13.0,24.0,1,39.41,0,0.0,65.43
100116,40.0,57.0,43.0,1,42.72,0,1.0,63.78
100117,67.0,1.0,41.0,0,102.44,1,32.0,106.01
100118,43.0,12.0,33.0,1,115.03,1,31.0,101.15
100119,89.0,29.0,30.0,1,32.53,0,0.0,42.0
100120,65.0,39.0,32.0,0,13.1,0,1.0,49.38
100121,63.0,1.0,66.0,1,66.15,1,39.0,108.51
100122,48.0,1.0,37.0,0,63.51,0,0.0,67.97
100123,58.0,25.0,38.0,1,26.81,0,1.0,60.33
100124,27.0,7.0,52.0,0,44.46,0,0.0,60.14
100125,38.0,13.0,46.0,1,142.25,1,43.0,121.0
100126,70.0,13.0,54.0,0,135.06,1,35.0,106.98
100127,26.0,1.0,25.0,1,185.18,1,31.0,104.03
100128,85.0,28.0,27.0,0,32.76,1,18.0,60.32
100129,30.0,1.0,82.0,0,58.24,0,5.0,58.63
100130,82.0,5.0,40.0,1,22.22,0,0.0,54.01
100131,43.0,10.0,37.0,1,101.06,1,39.0,102.34
100132,82.0,7.0,42.0,1,48.15,1,25.0,86.54
100133,64.0,64.0,53.0,1,40.52,0,2.0,90.57
100134,33.0,107.0,25.0,1,94.88,0,0.0,108.58
100135,99.0,26.0,44.0,0,101.71,1,35.0,110.68
100136,107.0,24.0,40.0,1,122.22,1,44.0,138.19
100137,59.0,1.0,49.0,1,13.41,0,3.0,54.63
100138,54.0,16.0,43.0,1,104.2,1,12.0,33.14
100139,57.0,10.0,34.0,0,151.65,0,1.0,105.88
100140,41.0,1.0,29.0,1,99.8,1,34.0,112.06
100141,94.0,120.0,18.0,1,64.16,1,27.0,88.09
100142,49.0,0.0,53.0,0,29.58,0,2.0,64.04
100143,59.0,24.0,22.0,1,74.49,1,34.0,99.7
100144,44.0,3.0,35.0,0,40.23,0,0.0,57.14
100145,47.0,99.0,61.0,1,32.96,0,5.0,47.25
100146,36.0,29.0,35.0,1,24.64,1,17.0,56.2
100147,100.0,2.0,48.0,0,15.35,0,0.0,33.0
100148,57.0,20.0,38.0,1,98.12,1,37.0,105.22
100149,89.0,13.0,49.0,1,47.25,1,28.0,81.24
100150,61.0,23.0,41.0,1,19.92,0,0.0,59.7
100151,46.0,0.0,34.0,0,58.83,0,5.0,86.03
100152,53.0,15.0,57.0,1,47.65,1,22.0,68.06
100153,48.0,43.0,37.0,0,65.79,0,8.0,57.87
100154,61.0,0.0,24.0,1,8.6,0,0.0,39.34
100155,52.0,9.0,36.0,0,43.75,0,0.0,56.35
100156,54.0,25.0,47.0,1,87.17,0,2.0,93.75
100157,35.0,1.0,26.0,1,51.59,1,22.0,52.97
100158,44.0,88.0,50.0,1,103.64,0,5.0,95.76
100159,117.0,34.0,50.0,1,19.61,0,0.0,31.91
100160,46.0,39.0,67.0,0,60.31,1,31.0,96.61
100161,40.0,38.0,32.0,1,66.36,1,27.0,78.8
100162,69.0,55.0,49.0,0,120.97,0,3.0,122.59
100163,106.0,41.0,19.0,1,215.68,1,54.0,176.63
100164,34.0,10.0,35.0,1,28.94,0,0.0,51.81
100165,56.0,16.0,42.0,0,124.41,1,35.0,125.29
100166,47.0,15.0,45.0,1,152.5,1,44.0,127.83
100167,30.0,9.0,40.0,1,67.61,1,36.0,120.86
100168,81.0,10.0,39.0,0,64.62,0,2.0,88.44
100169,60.0,10.0,33.0,1,164.35,1,46.0,144.21
100170,62.0,16.0,35.0,0,65.19,0,1.0,82.5
100171,45.0,40.0,44.0,1,45.53,0,0.0,59.67
100172,72.0,13.0,47.0,0,39.35,0,2.0,70.07
100173,49.0,117.0,48.0,1,64.05,0,2.0,97.63
100174,57.0,36.0,53.0,0,11.97,0,0.0,30.09
100175,39.0,8.0,55.0,1,174.5,1,36.0,114.38
100176,37.0,34.0,18.0,0,59.13,0,1.0,80.35
100177,103.0,3.0,34.0,1,25.91,1,15.0,52.27
100178,49.0,14.0,38.0,0,66.56,0,1.0,88.85
100179,68.0,6.0,32.0,0,40.8,0,4.0,57.47
100180,60.0,19.0,53.0,1,156.42,1,30.0,79.67
100181,51.0,49.0,50.0,1,62.32,0,0.0,81.21
100182,49.0,11.0,39.0,1,112.88,1,28.0,114.95
100183,78.0,69.0,42.0,0,156.2,1,37.0,109.46
100184,53.0,10.0,56.0,1,42.23,0,3.0,72.18
100185,57.0,2.0,36.0,0,163.03,1,41.0,131.31
100186,61.0,5.0,36.0,0,32.08,0,1.0,47.9
100187,97.0,10.0,52.0,1,51.97,0,0.0,104.6
100188,79.0,18.0,46.0,1,67.57,0,0.0,87.87
100189,70.0,7.0,58.0,0,112.62,0,3.0,102.13
100190,48.0,7.0,45.0,0,44.27,0,4.0,34.77
100191,35.0,110.0,50.0,1,84.75,1,34.0,104.45
100192,88.0,9.0,34.0,0,87.62,0,0.0,101.33
100193,89.0,16.0,29.0,0,80.97,0,0.0,71.86
100194,57.0,10.0,40.0,0,129.28,0,2.0,89.25
100195,75.0,21.0,18.0,0,33.38,0,2.0,58.92
100196,82.0,10.0,45.0,0,47.6,0,4.0,57.79
100197,84.0,13.0,52.0,1,76.82,1,34.0,107.47
100198,87.0,2.0,41.0,0,92.68,1,36.0,118.86
100199,50.0,44.0,38.0,0,61.71,0,0.0,67.1
100200,111.0,5.0,54.0,1,52.24,1,34.0,94.75
100201,37.0,14.0,40.0,1,13.75,0,6.0,56.24
100202,85.0,46.0,53.0,0,43.44,1,23.0,75.95
100203,74.0,28.0,68.0,0,36.37,0,0.0,64.37
100204,86.0,19.0,49.0,1,114.2,1,38.0,121.71
100205,128.0,61.0,52.0,1,90.31,1,43.0,129.9
100206,109.0,2.0,46.0,0,97.1,1,40.0,133.48
100207,38.0,11.0,43.0,1,240.81,1,44.0,131.24
100208,31.0,13.0,44.0,0,172.01,1,40.0,119.22
100209,84.0,6.0,41.0,1,89.17,1,35.0,106.06
100210,40.0,55.0,54.0,0,46.12,0,3.0,14.16
100211,60.0,33.0,20.0,0,19.26,0,0.0,31.96
100212,84.0,16.0,37.0,1,121.7,1,33.0,109.3
100213,31.0,21.0,49.0,1,87.2,1,43.0,119.99
100214,26.0,16.0,30.0,1,57.17,0,0.0,66.81
100215,67.0,50.0,39.0,1,137.61,1,37.0,121.26
100216,61.0,72.0,32.0,1,82.69,1,29.0,91.75
100217,55.0,92.0,46.0,0,70.84,0,0.0,78.07
100218,61.0,22.0,51.0,0,87.59,1,33.0,93.95
100219,43.0,48.0,58.0,1,14.01,1,18.0,58.58
100220,33.0,29.0,47.0,1,228.77,1,45.0,134.29
100221,56.0,2.0,31.0,1,137.68,0,3.0,130.0
100222,41.0,57.0,43.0,1,48.08,1,21.0,61.62
100223,31.0,5.0,47.0,0,58.67,0,6.0,81.87
100224,74.0,19.0,58.0,0,79.62,1,27.0,80.41
100225,59.0,10.0,18.0,0,84.52,0,2.0,91.83
100226,71.0,8.0,45.0,1,62.72,0,3.0,77.83
100227,41.0,16.0,18.0,0,190.53,1,38.0,127.18
100228,46.0,10.0,49.0,1,47.16,0,0.0,75.86
100229,40.0,4.0,46.0,1,34.98,1,28.0,80.78
100230,42.0,17.0,47.0,0,97.76,1,29.0,95.98
100231,65.0,46.0,51.0,1,122.71,1,33.0,114.92
100232,44.0,55.0,45.0,1,194.26,1,44.0,149.14
100233,70.0,38.0,32.0,1,174.17,1,46.0,136.68
100234,69.0,23.0,45.0,1,33.74,0,6.0,49.22
100235,136.0,17.0,55.0,0,105.71,1,44.0,137.56
100236,35.0,4.0,39.0,1,154.39,1,40.0,125.29
100237,86.0,6.0,41.0,1,113.26,1,40.0,123.16
100238,58.0,15.0,25.0,0,46.84,0,3.0,50.74
100239,60.0,15.0,55.0,0,111.73,1,33.0,100.27
100240,34.0,32.0,34.0,1,88.61,0,0.0,82.5
100241,50.0,9.0,31.0,1,116.57,1,36.0,105.9
100242,81.0,9.0,35.0,0,58.26,0,0.0,93.04
100243,58.0,31.0,30.0,0,140.55,0,0.0,127.7
100244,62.0,40.0,37.0,0,145.65,1,36.0,119.37
100245,54.0,14.0,56.0,1,85.5,1,26.0,86.5
100246,96.0,32.0,50.0,0,81.85,0,0.0,83.59
100247,60.0,90.0,58.0,0,72.99,0,0.0,89.74
100248,25.0,30.0,59.0,1,34.99,0,2.0,66.54
100249,46.0,13.0,29.0,1,63.43,1,28.0,89.15
100250,27.0,16.0,46.0,0,82.69,0,0.0,58.71
100251,16.0,3.0,59.0,0,117.93,1,33.0,105.19
100252,49.0,9.0,69.0,1,113.38,1,36.0,111.25
100253,103.0,62.0,23.0,1,93.83,1,30.0,80.43
100254,61.0,4.0,23.0,1,44.44,0,0.0,66.91
100255,38.0,7.0,46.0,0,104.2,0,0.0,119.42
100256,41.0,15.0,36.0,0,88.99,0,3.0,71.74
100257,95.0,5.0,28.0,1,20.19,0,2.0,54.44
100258,64.0,4.0,45.0,0,26.16,0,2.0,34.33
100259,62.0,100.0,31.0,0,8.22,0,0.0,51.2
100260,59.0,0.0,18.0,1,201.14,1,42.0,143.47
100261,61.0,33.0,40.0,1,38.22,0,1.0,62.92
100262,83.0,66.0,42.0,1,120.46,1,38.0,119.17
100263,75.0,0.0,48.0,1,42.99,0,0.0,81.91
100264,66.0,5.0,52.0,0,109.85,0,3.0,105.27
100265,40.0,11.0,43.0,0,55.51,0,0.0,60.49
100266,74.0,22.0,37.0,1,42.52,1,20.0,65.77
100267,46.0,2.0,32.0,0,44.17,0,1.0,48.31
100268,93.0,23.0,20.0,1,72.37,0,0.0,107.45
100269,36.0,70.0,35.0,1,86.91,1,31.0,101.99
100270,57.0,13.0,53.0,1,23.02,0,0.0,97.87
100271,60.0,6.0,48.0,1,75.05,1,30.0,100.3
100272,36.0,38.0,66.0,1,34.48,0,0.0,62.39
100273,120.0,61.0,38.0,1,45.76,1,33.0,90.37
100274,108.0,13.0,18.0,0,37.66,1,23.0,81.71
100275,50.0,13.0,51.0,0,77.29,0,0.0,72.26
100276,82.0,6.0,53.0,1,229.41,1,45.0,148.76
100277,70.0,5.0,26.0,1,86.87,1,30.0,97.36
100278,21.0,72.0,20.0,1,63.05,0,2.0,164.66
100279,67.0,4.0,42.0,0,154.59,1,46.0,129.15
100280,59.0,7.0,49.0,1,37.49,0,4.0,65.13
100281,62.0,22.0,26.0,1,10.32,0,8.0,36.47
100282,39.0,77.0,36.0,0,61.52,0,0.0,90.83
100283,54.0,3.0,31.0,0,20.88,0,0.0,32.08
100284,56.0,30.0,26.0,0,32.38,0,8.0,51.55
100285,97.0,19.0,24.0,1,99.91,1,41.0,127.65
100286,69.0,108.0,42.0,1,39.14,0,1.0,53.58
100287,60.0,93.0,36.0,0,45.42,1,24.0,74.4
100288,111.0,30.0,32.0,0,69.67,0,0.0,82.05
100289,48.0,56.0,18.0,1,31.54,0,5.0,0.0
100290,52.0,5.0,62.0,1,90.47,1,32.0,96.74
100291,29.0,8.0,29.0,1,81.0,1,40.0,130.64
100292,113.0,2.0,39.0,1,64.1,0,1.0,101.91
100293,89.0,11.0,26.0,1,36.95,1,35.0,108.59
100294,87.0,2.0,45.0,1,36.71,0,2.0,66.87
100295,79.0,47.0,21.0,0,57.97,1,30.0,84.9
100296,63.0,2.0,41.0,1,128.05,0,1.0,122.24
100297,66.0,1.0,38.0,1,161.61,1,43.0,135.9
100298,55.0,18.0,52.0,1,26.28,0,1.0,79.8
100299,56.0,43.0,27.0,0,22.0,0,0.0,36.9
100300,62.0,1.0,32.0,0,82.23,0,0.0,77.13
100301,110.0,22.0,37.0,1,9.03,0,1.0,64.47
100302,75.0,9.0,66.0,0,22.67,0,0.0,35.15
100303,59.0,28.0,22.0,1,24.96,0,1.0,65.33
100304,48.0,1.0,44.0,1,89.69,1,29.0,95.06
100305,47.0,1.0,32.0,0,77.67,0,5.0,68.4
100306,115.0,120.0,44.0,1,102.35,1,44.0,131.56
100307,74.0,56.0,48.0,1,93.46,1,38.0,121.93
100308,62.0,42.0,42.0,1,73.28,0,0.0,98.99
100309,53.0,19.0,43.0,1,56.7,0,3.0,73.77
100310,39.0,68.0,44.0,0,135.12,1,38.0,128.0
100311,59.0,3.0,33.0,0,36.98,0,5.0,48.61
100312,86.0,6.0,37.0,0,133.18,1,46.0,130.76
100313,52.0,18.0,20.0,0,100.53,1,35.0,101.7
100314,55.0,9.0,36.0,1,20.17,0,0.0,40.09
100315,55.0,10.0,31.0,0,26.82,0,3.0,49.88
100316,63.0,24.0,37.0,1,107.69,1,32.0,100.63
100317,32.0,21.0,49.0,0,29.88,0,0.0,64.02
100318,55.0,15.0,45.0,0,116.28,1,36.0,122.08
100319,43.0,5.0,46.0,1,216.18,1,50.0,145.58
100320,86.0,25.0,54.0,0,29.21,0,0.0,61.46
100321,44.0,15.0,18.0,1,22.09,0,0.0,87.96
100322,76.0,2.0,45.0,1,72.91,0,5.0,89.81
100323,111.0,14.0,40.0,1,34.97,0,2.0,46.5
100324,53.0,11.0,39.0,0,31.96,0,3.0,32.01
100325,47.0,8.0,24.0,0,97.79,0,2.0,89.35
100326,65.0,1.0,47.0,1,128.25,1,38.0,130.1
100327,60.0,3.0,54.0,1,81.98,0,0.0,96.86
100328,41.0,2.0,53.0,0,24.21,1,14.0,52.95
100329,73.0,1.0,39.0,0,14.1,0,4.0,40.18
100330,135.0,15.0,48.0,1,46.14,0,0.0,78.25
100331,54.0,1.0,52.0,1,47.12,0,7.0,64.53
100332,56.0,46.0,63.0,1,60.44,0,0.0,66.82
100333,40.0,25.0,55.0,1,89.49,0,0.0,96.09
100334,69.0,20.0,42.0,0,18.83,0,3.0,43.88
100335,37.0,58.0,41.0,1,128.45,1,29.0,106.7
100336,39.0,12.0,42.0,1,46.36,0,0.0,66.74
100337,101.0,63.0,43.0,0,110.8,1,41.0,126.13
100338,42.0,6.0,34.0,1,133.86,1,48.0,124.65
100339,93.0,3.0,50.0,0,50.99,1,35.0,106.96
100340,111.0,0.0,31.0,0,78.27,1,39.0,117.57
100341,67.0,13.0,30.0,1,116.33,1,28.0,86.33
100342,75.0,26.0,44.0,1,49.85,0,0.0,72.98
100343,132.0,37.0,33.0,0,13.22,0,0.0,72.16
100344,56.0,41.0,37.0,1,83.09,1,32.0,95.26
100345,48.0,18.0,18.0,0,20.97,0,0.0,49.57
100346,35.0,13.0,50.0,0,85.55,1,23.0,73.15
100347,61.0,75.0,40.0,0,44.5,0,0.0,60.48
100348,109.0,7.0,38.0,0,193.37,1,52.0,159.82
100349,89.0,6.0,46.0,1,48.39,1,27.0,80.9
100350,41.0,38.0,43.0,1,19.06,0,0.0,32.84
100351,43.0,24.0,31.0,0,164.48,1,34.0,104.03
100352,49.0,32.0,65.0,1,56.69,0,4.0,67.36
100353,68.0,12.0,34.0,0,92.69,0,0.0,70.16
100354,56.0,0.0,52.0,0,51.3,0,3.0,64.71
100355,66.0,18.0,63.0,0,65.33,1,28.0,89.83
100356,68.0,19.0,32.0,0,68.33,0,0.0,51.69
100357,54.0,27.0,41.0,1,44.45,0,2.0,65.31
100358,59.0,12.0,30.0,0,48.14,1,27.0,76.02
100359,66.0,7.0,53.0,0,59.92,0,0.0,66.17
100360,58.0,5.0,36.0,1,35.8,0,4.0,75.88
100361,74.0,12.0,26.0,0,134.6,0,0.0,128.76
100362,128.0,12.0,56.0,1,50.65,1,31.0,80.04
100363,76.0,8.0,51.0,1,50.19,1,21.0,63.4
100364,62.0,19.0,29.0,1,65.78,1,37.0,87.05
100365,31.0,46.0,55.0,0,93.94,0,0.0,88.18
100366,70.0,71.0,42.0,0,157.76,1,35.0,107.2
100367,28.0,16.0,74.0,1,79.5,1,42.0,118.49
100368,34.0,30.0,61.0,0,16.99,0,0.0,47.29
100369,85.0,1.0,33.0,1,45.54,1,27.0,78.06
100370,80.0,6.0,37.0,1,68.99,1,25.0,99.38
100371,57.0,17.0,29.0,1,63.88,0,0.0,67.3
100372,30.0,3.0,42.0,0,72.97,0,0.0,63.86
100373,52.0,1.0,41.0,1,16.8,0,0.0,51.49
100374,46.0,18.0,49.0,1,61.06,0,0.0,89.34
100375,78.0,12.0,41.0,1,31.36,0,1.0,68.03
100376,149.0,9.0,22.0,0,111.39,1,42.0,137.4
100377,66.0,41.0,30.0,1,38.21,1,13.0,65.1
100378,44.0,16.0,58.0,1,53.71,0,2.0,59.9
100379,38.0,8.0,54.0,0,77.83,0,3.0,76.97
100380,59.0,10.0,38.0,0,81.43,0,2.0,88.52
100381,56.0,34.0,38.0,0,122.09,1,30.0,85.83
100382,38.0,27.0,38.0,1,77.85,0,0.0,89.79
100383,63.0,7.0,40.0,1,98.27,1,33.0,107.09
100384,38.0,18.0,19.0,1,57.58,0,0.0,57.54
100385,94.0,41.0,51.0,0,57.92,1,32.0,98.48
100386,92.0,0.0,32.0,1,70.7,1,33.0,94.27
100387,93.0,6.0,42.0,0,45.78,0,6.0,92.64
100388,50.0,12.0,18.0,1,120.47,0,4.0,90.63
100389,74.0,52.0,43.0,0,57.6,0,0.0,76.5
100390,57.0,24.0,57.0,1,80.87,0,0.0,91.65
100391,52.0,4.0,18.0,1,32.99,1,19.0,73.99
100392,53.0,0.0,59.0,1,181.31,1,47.0,146.42
100393,36.0,2.0,46.0,0,21.91,0,0.0,18.38
100394,34.0,5.0,31.0,1,21.88,0,6.0,30.0
100395,83.0,3.0,20.0,0,45.66,0,0.0,68.7
100396,56.0,16.0,54.0,0,106.89,0,0.0,130.18
100397,66.0,36.0,43.0,0,79.33,1,29.0,86.57
100398,90.0,35.0,47.0,1,14.08,0,0.0,43.81
100399,30.0,66.0,37.0,1,149.26,1,40.0,127.81
100400,44.0,11.0,30.0,0,80.48,1,29.0,77.41
100401,65.0,73.0,51.0,1,136.21,1,48.0,143.04
100402,71.0,16.0,28.0,1,184.05,1,48.0,134.83
100403,52.0,14.0,51.0,0,123.91,1,42.0,116.96
100404,91.0,13.0,19.0,0,38.01,0,4.0,52.78
100405,66.0,4.0,29.0,1,140.38,1,42.0,150.17
100406,37.0,9.0,22.0,1,175.88,1,46.0,147.56
100407,42.0,7.0,56.0,1,13.87,1,18.0,59.47
100408,83.0,2.0,18.0,1,72.2,1,32.0,99.96
100409,73.0,54.0,26.0,1,49.91,0,1.0,87.85
100410,28.0,12.0,48.0,1,133.26,1,36.0,106.04
100411,103.0,37.0,43.0,0,45.24,0,2.0,90.88
100412,77.0,3.0,67.0,1,104.56,0,3.0,117.91
100413,103.0,58.0,63.0,1,54.03,1,40.0,117.21
100414,52.0,26.0,48.0,0,144.29,1,41.0,117.48
100415,54.0,5.0,49.0,0,137.68,1,39.0,137.37
100416,38.0,36.0,18.0,0,34.37,0,0.0,47.66
100417,166.0,4.0,29.0,0,98.04,1,45.0,140.2
100418,56.0,4.0,36.0,1,156.47,1,44.0,131.64
100419,114.0,27.0,38.0,0,80.99,1,34.0,121.15
100420,47.0,19.0,23.0,1,39.69,0,0.0,78.31
100421,64.0,20.0,28.0,0,95.67,1,33.0,94.36
100422,31.0,11.0,29.0,0,28.69,0,0.0,54.63
100423,52.0,15.0,53.0,1,37.1,1,22.0,61.44
100424,89.0,6.0,45.0,1,139.39,1,45.0,134.08
100425,37.0,110.0,36.0,1,41.58,0,1.0,71.81
100426,93.0,34.0,37.0,1,69.43,1,27.0,91.34
100427,69.0,21.0,44.0,1,21.24,0,3.0,52.99
100428,40.0,23.0,31.0,0,95.19,0,0.0,97.85
100429,49.0,10.0,37.0,1,36.97,0,2.0,58.6
100430,50.0,21.0,19.0,1,54.31,0,0.0,84.09
100431,59.0,18.0,48.0,1,185.88,1,44.0,136.34
100432,49.0,10.0,52.0,1,153.71,1,47.0,150.34
100433,43.0,10.0,45.0,1,20.58,0,0.0,87.24
100434,53.0,4.0,46.0,0,139.05,1,42.0,125.87
100435,40.0,7.0,45.0,0,35.05,0,1.0,53.56
100436,36.0,10.0,65.0,1,39.35,1,22.0,65.05
100437,59.0,95.0,43.0,0,46.32,0,1.0,60.39
100438,86.0,13.0,24.0,1,85.55,0,0.0,98.32
100439,33.0,18.0,27.0,0,9.2,0,1.0,31.31
100440,60.0,120.0,49.0,1,61.88,0,0.0,95.97
100441,47.0,17.0,53.0,0,48.32,0,0.0,59.03
100442,41.0,14.0,50.0,0,41.04,0,0.0,70.41
100443,85.0,2.0,50.0,1,17.8,1,21.0,60.57
100444,49.0,0.0,42.0,1,105.48,1,36.0,120.54
100445,110.0,3.0,21.0,0,127.3,1,46.0,158.01
100446,44.0,29.0,31.0,0,61.73,0,0.0,64.69
100447,70.0,38.0,18.0,1,45.72,0,0.0,64.71
100448,55.0,62.0,35.0,1,76.21,1,30.0,100.84
100449,45.0,9.0,23.0,0,120.27,1,38.0,102.66
100450,76.0,62.0,41.0,0,37.54,0,0.0,58.76
100451,57.0,11.0,38.0,1,20.11,0,0.0,54.5
100452,77.0,58.0,18.0,0,62.89,0,3.0,60.85
100453,59.0,11.0,49.0,1,33.15,0,1.0,85.29
100454,39.0,12.0,49.0,0,74.87,0,0.0,62.84
100455,58.0,8.0,23.0,1,123.74,1,50.0,146.96
100456,62.0,120.0,42.0,0,48.74,0,4.0,85.67
100457,89.0,76.0,49.0,1,65.68,0,4.0,96.56
100458,42.0,19.0,36.0,0,58.41,0,0.0,72.26
100459,59.0,1.0,51.0,1,100.49,1,43.0,129.29
100460,30.0,74.0,42.0,1,114.63,1,39.0,117.93
100461,78.0,26.0,53.0,1,53.0,0,0.0,80.06
100462,39.0,55.0,42.0,1,49.36,0,3.0,90.06
100463,29.0,4.0,38.0,1,12.49,1,15.0,40.32
100464,59.0,18.0,46.0,0,86.87,0,0.0,104.22
100465,94.0,57.0,50.0,0,45.78,0,1.0,72.4
100466,33.0,15.0,43.0,0,80.07,0,1.0,124.11
100467,39.0,44.0,34.0,1,119.89,1,40.0,125.11
100468,45.0,14.0,30.0,1,64.13,0,0.0,38.59
100469,38.0,22.0,35.0,1,9.39,0,0.0,30.13
100470,70.0,41.0,33.0,1,40.19,0,0.0,72.9
100471,44.0,43.0,42.0,1,96.45,1,31.0,97.26
100472,45.0,12.0,42.0,1,98.8,0,0.0,95.0
100473,76.0,11.0,39.0,1,168.31,1,48.0,145.93
100474,45.0,16.0,40.0,1,22.72,1,19.0,59.49
100475,72.0,28.0,42.0,1,133.23,1,37.0,109.94
100476,41.0,6.0,59.0,1,84.8,0,1.0,86.87
100477,37.0,80.0,55.0,1,158.84,1,42.0,134.83
100478,29.0,17.0,33.0,0,170.85,1,32.0,118.71
100479,127.0,29.0,45.0,1,206.73,1,49.0,160.97
100480,53.0,36.0,36.0,1,117.95,1,36.0,126.14
100481,67.0,52.0,39.0,1,73.08,1,33.0,112.22
100482,60.0,36.0,37.0,1,126.36,1,42.0,139.44
100483,64.0,0.0,32.0,0,32.94,0,0.0,50.8
100484,62.0,0.0,23.0,0,58.11,0,1.0,75.58
100485,129.0,20.0,18.0,0,35.33,0,2.0,85.48
100486,40.0,14.0,42.0,0,87.57,0,0.0,81.18
100487,32.0,52.0,55.0,1,195.13,1,40.0,137.25
100488,40.0,5.0,28.0,1,105.74,0,0.0,124.99
100489,35.0,12.0,46.0,1,59.41,0,1.0,72.71
100490,81.0,25.0,35.0,1,81.86,0,5.0,78.37
100491,84.0,67.0,43.0,0,164.8,1,46.0,152.97
100492,41.0,19.0,30.0,0,44.65,0,0.0,56.69
100493,35.0,56.0,37.0,0,62.62,0,0.0,97.97
100494,52.0,2.0,38.0,1,57.24,1,32.0,100.41
100495,105.0,31.0,18.0,1,39.74,0,2.0,76.09
100496,20.0,17.0,42.0,0,62.93,0,0.0,64.07
100497,74.0,10.0,38.0,0,167.4,1,38.0,124.57
100498,39.0,20.0,18.0,0,95.91,1,23.0,77.19
100499,91.0,27.0,48.0,1,103.27,0,5.0,90.52
100500,39.0,5.0,39.0,1,27.66,0,0.0,74.54
100501,54.0,12.0,42.0,1,114.52,0,3.0,76.52
100502,33.0,101.0,44.0,0,90.74,0,3.0,102.29
100503,41.0,24.0,35.0,0,58.23,0,0.0,67.4
100504,105.0,2.0,26.0,1,40.67,0,1.0,65.66
100505,84.0,14.0,34.0,0,77.33,1,27.0,85.89
100506,51.0,72.0,34.0,1,27.93,1,21.0,66.06
100507,43.0,43.0,68.0,0,101.56,1,26.0,94.26
100508,28.0,3.0,63.0,0,19.09,0,0.0,21.51
100509,52.0,49.0,34.0,1,78.67,1,35.0,114.96
100510,60.0,11.0,35.0,0,133.72,1,46.0,139.39
100511,58.0,25.0,44.0,1,118.87,1,36.0,118.63
100512,58.0,7.0,47.0,1,8.41,0,0.0,50.19
100513,39.0,9.0,31.0,1,50.35,0,1.0,81.99
100514,59.0,70.0,27.0,1,77.15,1,40.0,134.15
100515,59.0,46.0,64.0,0,35.44,0,0.0,43.13
100516,101.0,59.0,53.0,1,60.06,1,29.0,98.25
100517,127.0,16.0,20.0,0,52.16,0,2.0,93.09
100518,57.0,2.0,18.0,1,57.07,0,0.0,70.78
100519,44.0,1.0,29.0,0,39.62,0,1.0,54.38
100520,59.0,9.0,42.0,0,129.14,1,36.0,124.67
100521,47.0,11.0,47.0,0,33.61,0,0.0,81.73
100522,45.0,16.0,35.0,1,130.56,1,29.0,120.59
100523,59.0,14.0,19.0,1,94.49,0,2.0,97.16
100524,40.0,33.0,42.0,1,28.51,0,6.0,54.25
100525,77.0,33.0,47.0,1,151.47,1,34.0,127.28
100526,58.0,6.0,40.0,0,57.5,0,5.0,83.3
100527,67.0,17.0,33.0,0,59.5,1,23.0,57.89
100528,56.0,3.0,47.0,0,84.2,1,33.0,93.0
100529,45.0,9.0,39.0,1,81.86,0,0.0,91.45
100530,41.0,6.0,25.0,1,51.44,0,0.0,83.61
100531,55.0,18.0,41.0,1,29.78,0,4.0,56.21
100532,48.0,43.0,23.0,0,45.61,0,0.0,53.17
100533,66.0,28.0,52.0,0,135.71,1,31.0,109.85
100534,60.0,5.0,46.0,1,25.79,1,22.0,73.18
100535,35.0,5.0,27.0,0,127.25,0,1.0,105.59
100536,62.0,24.0,42.0,0,107.69,1,31.0,97.38
100537,35.0,32.0,55.0,0,113.72,1,35.0,112.4
100538,47.0,7.0,18.0,0,99.95,0,0.0,91.47
100539,54.0,1.0,38.0,0,12.82,0,6.0,37.21
100540,26.0,1.0,60.0,1,78.93,1,32.0,95.47
100541,63.0,15.0,20.0,1,30.07,0,1.0,57.87
100542,64.0,5.0,37.0,0,35.44,0,0.0,41.1
100543,57.0,14.0,22.0,1,116.73,1,37.0,121.87
100544,51.0,4.0,39.0,1,106.14,1,42.0,124.52
100545,52.0,24.0,18.0,0,149.22,1,42.0,127.61
100546,41.0,15.0,19.0,0,77.05,0,2.0,89.27
100547,54.0,3.0,33.0,1,15.74,1,16.0,49.7
100548,48.0,11.0,41.0,0,43.41,1,20.0,74.17
100549,63.0,11.0,44.0,0,98.81,1,32.0,101.74
100550,37.0,32.0,45.0,1,124.04,1,29.0,94.23
100551,66.0,18.0,54.0,1,90.83,0,5.0,109.19
100552,64.0,12.0,48.0,1,50.57,1,31.0,106.3
100553,57.0,13.0,49.0,1,32.67,0,0.0,62.76
100554,51.0,1.0,27.0,1,61.88,1,39.0,105.69
100555,75.0,24.0,38.0,0,4.62,0,0.0,37.97
100556,31.0,14.0,80.0,0,47.28,0,0.0,76.42
100557,73.0,15.0,68.0,1,136.92,1,26.0,70.12
100558,67.0,8.0,50.0,1,24.68,0,0.0,48.15
100559,68.0,22.0,49.0,1,117.34,0,0.0,120.16
100560,70.0,104.0,52.0,1,30.8,0,0.0,74.28
100561,46.0,2.0,34.0,1,48.52,0,2.0,59.39
100562,54.0,13.0,65.0,1,99.15,0,0.0,97.59
100563,78.0,3.0,35.0,0,100.56,0,1.0,103.88
100564,72.0,12.0,39.0,1,56.62,0,0.0,112.92
100565,66.0,51.0,67.0,0,45.85,0,0.0,7.16
100566,33.0,17.0,18.0,0,80.84,0,0.0,42.27
100567,75.0,1.0,44.0,1,149.52,1,36.0,119.42
100568,96.0,29.0,18.0,1,61.6,1,36.0,108.58
100569,90.0,3.0,31.0,1,20.15,0,0.0,50.57
100570,66.0,20.0,38.0,0,49.68,1,17.0,72.31
100571,32.0,42.0,35.0,1,49.9,0,5.0,64.73
100572,88.0,22.0,42.0,0,41.26,0,0.0,74.69
100573,57.0,19.0,30.0,0,60.41,0,3.0,70.19
100574,22.0,35.0,38.0,1,34.4,0,2.0,34.7
100575,70.0,20.0,24.0,1,75.98,0,0.0,87.62
100576,33.0,8.0,35.0,1,11.01,0,1.0,37.77
100577,36.0,6.0,22.0,1,87.51,0,1.0,84.97
100578,47.0,7.0,48.0,1,110.82,1,35.0,118.57
100579,100.0,66.0,23.0,0,69.27,0,2.0,97.94
100580,52.0,19.0,48.0,0,91.22,0,0.0,88.09
100581,67.0,5.0,34.0,1,80.43,1,42.0,120.64
100582,121.0,29.0,36.0,1,98.69,0,0.0,138.33
100583,114.0,62.0,55.0,1,50.81,1,34.0,104.1
100584,58.0,21.0,41.0,1,55.98,1,31.0,99.74
100585,55.0,27.0,18.0,0,70.85,0,2.0,98.73
100586,36.0,13.0,46.0,1,35.6,0,0.0,79.01
100587,46.0,21.0,18.0,0,122.37,0,0.0,121.37
100588,72.0,14.0,43.0,1,33.25,0,0.0,64.31
100589,71.0,10.0,34.0,0,37.14,0,1.0,52.32
100590,63.0,7.0,22.0,0,103.65,0,4.0,80.46
100591,90.0,17.0,41.0,1,146.24,1,38.0,131.62
100592,44.0,34.0,36.0,1,29.48,0,0.0,57.78
100593,59.0,9.0,65.0,1,88.21,0,0.0,100.35
100594,81.0,16.0,34.0,1,49.95,0,0.0,84.03
100595,76.0,1.0,65.0,0,140.05,1,42.0,131.83
100596,93.0,108.0,57.0,1,96.58,1,38.0,118.36
100597,71.0,17.0,32.0,1,30.97,0,0.0,66.1
100598,53.0,3.0,29.0,1,43.22,1,21.0,65.82
100599,70.0,67.0,57.0,0,94.25,1,39.0,123.32
100600,40.0,28.0,38.0,0,89.22,0,0.0,147.62
100601,31.0,13.0,42.0,0,78.88,0,0.0,71.96
100602,76.0,9.0,36.0,1,63.49,1,35.0,120.37
100603,59.0,62.0,24.0,1,59.35,1,18.0,67.9
100604,68.0,9.0,35.0,1,143.41,1,40.0,129.77
100605,31.0,24.0,27.0,1,55.24,0,3.0,73.54
100606,52.0,16.0,20.0,1,88.12,0,4.0,102.73
100607,47.0,35.0,36.0,0,87.92,1,26.0,85.9
100608,43.0,19.0,63.0,0,119.98,1,30.0,89.44
100609,24.0,6.0,60.0,0,99.64,0,0.0,72.14
100610,53.0,19.0,39.0,1,118.05,1,39.0,124.76
100611,86.0,32.0,41.0,1,20.2,0,0.0,52.16
100612,70.0,6.0,46.0,0,54.51,0,5.0,106.17
100613,47.0,4.0,57.0,1,47.7,1,25.0,80.3
100614,60.0,67.0,44.0,1,129.53,1,37.0,121.74
100615,82.0,15.0,33.0,0,76.69,1,31.0,107.01
100616,20.0,29.0,35.0,1,41.88,0,0.0,74.36
100617,57.0,27.0,54.0,0,116.38,1,39.0,116.03
100618,75.0,38.0,73.0,1,50.62,0,4.0,71.89
100619,79.0,46.0,32.0,0,78.7,0,0.0,73.54
100620,119.0,15.0,18.0,0,38.23,0,0.0,66.93
100621,95.0,20.0,50.0,1,102.88,1,34.0,115.47
100622,68.0,3.0,39.0,1,57.31,0,0.0,76.35
100623,68.0,0.0,41.0,0,56.63,0,0.0,80.55
100624,83.0,3.0,56.0,1,23.59,0,4.0,50.59
100625,49.0,1.0,40.0,1,130.39,1,37.0,125.52
100626,59.0,6.0,22.0,0,63.07,1,29.0,92.34
100627,87.0,19.0,18.0,1,103.52,1,38.0,116.84
100628,132.0,3.0,39.0,1,108.57,0,0.0,108.64
100629,57.0,19.0,25.0,0,89.11,0,0.0,161.65
100630,59.0,4.0,43.0,0,133.01,1,30.0,107.27
100631,65.0,1.0,23.0,0,33.58,1,27.0,79.34
100632,103.0,47.0,35.0,1,36.15,0,0.0,64.74
100633,60.0,5.0,21.0,0,97.57,1,32.0,103.14
100634,109.0,7.0,35.0,1,59.54,1,32.0,125.49
100635,41.0,58.0,34.0,1,52.62,0,0.0,90.02
100636,56.0,8.0,47.0,1,37.82,0,0.0,49.79
100637,56.0,28.0,57.0,0,36.83,0,0.0,57.74
100638,83.0,21.0,37.0,0,92.57,1,38.0,113.55
100639,92.0,17.0,28.0,0,99.96,0,1.0,108.77
100640,33.0,11.0,65.0,1,29.03,0,1.0,46.02
100641,42.0,24.0,44.0,1,39.53,0,0.0,55.46
100642,69.0,10.0,48.0,0,72.39,0,2.0,84.99
100643,46.0,3.0,48.0,1,55.81,1,22.0,73.33
100644,33.0,12.0,58.0,1,87.14,0,0.0,51.83
100645,91.0,75.0,53.0,1,8.78,0,2.0,68.01
100646,74.0,33.0,48.0,1,5.84,0,0.0,35.4
100647,73.0,8.0,50.0,1,39.05,0,0.0,57.5
100648,50.0,17.0,29.0,1,62.78,1,30.0,86.59
100649,91.0,23.0,32.0,0,34.0,1,29.0,80.71
100650,55.0,7.0,38.0,1,98.61,0,2.0,102.19
100651,94.0,1.0,41.0,1,97.19,1,41.0,108.32
100652,42.0,57.0,40.0,1,53.87,0,0.0,64.33
100653,43.0,19.0,44.0,0,45.87,0,0.0,63.18
100654,65.0,11.0,40.0,0,145.87,1,44.0,146.43
100655,46.0,26.0,34.0,0,29.67,0,0.0,44.36
100656,79.0,17.0,19.0,1,63.5,1,35.0,113.16
100657,67.0,5.0,51.0,0,27.57,0,0.0,59.96
100658,42.0,0.0,47.0,0,147.11,1,43.0,123.21
100659,62.0,17.0,28.0,0,46.56,0,5.0,69.32
100660,52.0,27.0,46.0,1,25.7,0,0.0,55.47
100661,87.0,29.0,45.0,1,100.48,1,43.0,121.84
100662,47.0,10.0,41.0,0,107.14,0,2.0,58.15
100663,51.0,62.0,18.0,1,29.29,0,0.0,38.67
100664,98.0,88.0,24.0,0,138.12,1,29.0,98.09
100665,148.0,55.0,32.0,0,60.09,0,0.0,110.08
100666,134.0,5.0,61.0,0,31.58,1,32.0,103.21
100667,62.0,15.0,29.0,0,37.57,0,0.0,0.0
100668,66.0,4.0,35.0,1,110.67,1,35.0,118.9
100669,111.0,8.0,25.0,1,158.58,1,45.0,143.0
100670,57.0,23.0,33.0,1,82.6,0,0.0,96.54
100671,41.0,8.0,44.0,1,176.14,1,51.0,145.93
100672,63.0,60.0,18.0,0,134.37,1,36.0,128.95
100673,72.0,12.0,18.0,1,96.7,1,37.0,106.38
100674,43.0,37.0,48.0,0,54.59,0,0.0,64.74
100675,31.0,12.0,40.0,1,38.74,0,0.0,60.01
100676,34.0,10.0,32.0,1,39.82,0,1.0,39.07
100677,79.0,44.0,52.0,0,90.54,1,33.0,124.63
100678,45.0,8.0,52.0,1,29.58,1,18.0,58.98
100679,57.0,22.0,18.0,1,17.02,0,2.0,56.13
100680,66.0,9.0,37.0,1,53.07,0,0.0,74.84
100681,77.0,16.0,54.0,0,81.89,0,0.0,92.18
100682,53.0,17.0,31.0,0,102.44,1,22.0,92.04
100683,74.0,23.0,36.0,0,90.99,0,0.0,98.6
100684,42.0,24.0,52.0,1,31.91,1,18.0,68.76
100685,52.0,7.0,36.0,0,89.62,0,0.0,99.81
100686,40.0,22.0,24.0,0,54.5,0,0.0,76.16
100687,95.0,43.0,31.0,1,76.16,1,36.0,111.11
100688,60.0,30.0,22.0,1,33.25,1,33.0,90.32
100689,45.0,21.0,47.0,0,180.82,1,45.0,161.36
100690,52.0,26.0,18.0,0,40.04,1,18.0,61.27
100691,55.0,4.0,53.0,1,61.18,1,13.0,45.47
100692,80.0,20.0,18.0,1,104.51,1,41.0,114.46
100693,32.0,16.0,40.0,0,130.74,1,37.0,122.69
100694,40.0,49.0,21.0,0,62.77,0,0.0,131.9
100695,52.0,0.0,36.0,1,15.53,0,0.0,48.17
100696,166.0,30.0,53.0,0,10.31,1,28.0,86.01
100697,88.0,17.0,54.0,1,49.91,1,22.0,80.34
100698,58.0,3.0,57.0,1,82.65,0,0.0,107.96
100699,80.0,49.0,39.0,0,66.75,0,2.0,83.44
100700,137.0,20.0,41.0,1,66.84,0,0.0,110.04
100701,55.0,49.0,43.0,0,57.69,0,0.0,81.11
100702,52.0,27.0,48.0,0,103.74,0,1.0,105.67
100703,98.0,57.0,34.0,0,47.0,0,0.0,80.42
100704,74.0,17.0,54.0,0,77.62,0,0.0,101.12
100705,79.0,18.0,44.0,0,49.3,0,0.0,78.48
100706,49.0,31.0,55.0,1,183.1,1,38.0,130.82
100707,130.0,35.0,46.0,0,163.15,1,41.0,122.1
100708,120.0,39.0,48.0,1,96.62,1,45.0,138.88
100709,76.0,14.0,30.0,1,75.76,1,35.0,110.32
100710,79.0,30.0,34.0,1,77.28,1,36.0,112.62
100711,27.0,100.0,23.0,1,106.46,1,35.0,113.76
100712,78.0,20.0,36.0,1,31.08,0,0.0,61.27
100713,56.0,24.0,37.0,0,159.34,1,44.0,131.06
100714,72.0,23.0,51.0,1,30.31,1,17.0,66.84
100715,79.0,9.0,23.0,1,77.25,0,1.0,91.78
100716,53.0,19.0,82.0,1,8.57,0,3.0,6.61
100717,31.0,8.0,38.0,1,17.78,0,0.0,44.05
100718,70.0,14.0,56.0,0,97.03,0,0.0,121.79
100719,45.0,49.0,53.0,1,95.9,1,35.0,111.47
100720,53.0,15.0,18.0,1,44.99,1,20.0,62.07
100721,47.0,54.0,36.0,0,81.18,0,2.0,93.04
100722,53.0,2.0,59.0,0,100.73,1,35.0,105.89
100723,24.0,1.0,18.0,1,122.77,0,0.0,107.1
100724,98.0,2.0,50.0,1,138.23,1,43.0,141.22
100725,67.0,13.0,28.0,1,139.1,1,36.0,123.7
100726,94.0,9.0,34.0,1,84.72,1,35.0,104.51
100727,133.0,24.0,43.0,1,189.0,1,40.0,128.35
100728,61.0,2.0,18.0,0,20.96,0,0.0,50.48
100729,29.0,32.0,42.0,0,129.08,0,0.0,97.54
100730,42.0,76.0,31.0,0,112.86,1,43.0,118.26
100731,37.0,11.0,30.0,0,42.03,0,0.0,54.61
100732,49.0,24.0,49.0,1,150.39,1,44.0,133.09
100733,62.0,25.0,85.0,1,80.56,1,31.0,106.68
100734,27.0,9.0,44.0,0,45.75,0,0.0,54.5
100735,69.0,56.0,47.0,1,207.07,1,50.0,145.42
100736,33.0,8.0,39.0,1,53.67,0,0.0,72.26
100737,68.0,4.0,30.0,1,76.15,1,24.0,73.47
100738,58.0,17.0,43.0,1,45.02,0,4.0,67.09
100739,53.0,34.0,59.0,1,78.56,0,0.0,75.39
100740,59.0,4.0,42.0,1,295.44,1,48.0,157.13
100741,49.0,15.0,51.0,0,86.34,0,0.0,83.59
100742,47.0,31.0,37.0,0,48.64,0,0.0,32.99
100743,31.0,1.0,72.0,0,63.53,0,2.0,61.84
100744,60.0,31.0,18.0,0,33.53,0,1.0,56.73
100745,126.0,17.0,47.0,1,29.18,1,20.0,63.0
100746,133.0,19.0,47.0,1,47.16,1,29.0,86.29
100747,102.0,66.0,43.0,0,62.17,0,0.0,90.96
100748,80.0,26.0,25.0,0,45.48,1,18.0,73.34
100749,46.0,1.0,25.0,1,106.09,1,43.0,134.92
100750,107.0,43.0,37.0,1,89.01,1,44.0,121.94
100751,59.0,33.0,41.0,1,19.42,0,2.0,51.9
100752,59.0,6.0,24.0,1,52.95,0,1.0,74.72
100753,54.0,10.0,26.0,1,45.57,1,18.0,66.9
100754,63.0,45.0,47.0,1,107.46,0,0.0,103.98
100755,51.0,1.0,53.0,0,66.33,0,2.0,52.95
100756,58.0,29.0,32.0,0,37.79,0,0.0,34.65
100757,39.0,7.0,30.0,0,56.66,1,23.0,59.63
100758,52.0,28.0,30.0,1,78.02,0,0.0,65.2
100759,150.0,28.0,72.0,1,60.57,1,32.0,118.23
100760,59.0,3.0,46.0,0,43.76,1,24.0,87.49
100761,55.0,15.0,39.0,1,79.52,0,1.0,90.56
100762,75.0,16.0,53.0,0,133.13,0,2.0,139.04
100763,80.0,12.0,69.0,1,59.09,1,28.0,89.8
100764,39.0,20.0,55.0,1,48.7,0,1.0,46.98
100765,56.0,40.0,21.0,0,46.83,0,1.0,68.14
100766,87.0,29.0,38.0,1,65.39,1,33.0,94.88
100767,67.0,52.0,34.0,1,13.28,0,0.0,39.69
100768,63.0,0.0,35.0,1,60.69,1,20.0,68.19
100769,112.0,19.0,24.0,0,30.93,1,22.0,76.96
100770,46.0,5.0,34.0,1,29.12,0,0.0,57.89
100771,62.0,7.0,25.0,1,159.63,1,38.0,120.53
100772,49.0,9.0,44.0,0,7.44,0,0.0,20.97
100773,110.0,0.0,40.0,0,37.58,0,0.0,90.88
100774,28.0,11.0,21.0,1,33.32,0,1.0,35.77
100775,46.0,16.0,18.0,1,147.89,1,41.0,139.47
100776,49.0,38.0,33.0,0,22.27,0,1.0,52.44
100777,79.0,15.0,48.0,1,47.53,0,0.0,49.72
100778,77.0,5.0,46.0,1,35.39,0,0.0,60.3
100779,105.0,28.0,39.0,1,65.79,1,27.0,96.19
100780,32.0,26.0,18.0,1,61.77,0,0.0,81.38
100781,81.0,6.0,33.0,0,222.55,1,39.0,138.33
100782,54.0,11.0,30.0,0,46.62,0,0.0,66.91
100783,46.0,25.0,35.0,1,153.82,1,43.0,128.28
100784,75.0,35.0,24.0,0,15.93,0,0.0,37.01
100785,42.0,2.0,34.0,1,96.27,1,38.0,128.82
100786,26.0,2.0,31.0,1,62.03,0,3.0,78.04
100787,52.0,64.0,75.0,0,3.91,0,0.0,47.45
100788,33.0,24.0,49.0,1,58.01,0,2.0,70.03
100789,47.0,17.0,37.0,1,63.17,0,1.0,77.85
100790,70.0,7.0,39.0,1,208.17,1,45.0,147.24
100791,68.0,3.0,38.0,1,41.76,1,20.0,59.94
100792,114.0,108.0,42.0,0,106.53,1,44.0,130.48
100793,56.0,2.0,34.0,1,10.51,1,22.0,61.38
100794,33.0,33.0,39.0,1,120.85,1,39.0,122.92
100795,45.0,12.0,53.0,1,39.53,0,1.0,63.73
100796,42.0,10.0,50.0,0,20.72,0,4.0,40.81
100797,37.0,7.0,44.0,1,43.14,0,0.0,59.55
100798,72.0,16.0,57.0,0,54.07,0,2.0,72.77
100799,47.0,42.0,42.0,1,166.05,1,38.0,134.79
100800,27.0,13.0,27.0,0,140.51,1,34.0,91.23
100801,80.0,15.0,18.0,1,33.61,1,34.0,102.79
100802,58.0,8.0,30.0,1,128.64,1,42.0,140.32
100803,70.0,7.0,39.0,1,50.74,0,1.0,70.59
100804,63.0,28.0,45.0,0,80.43,0,0.0,90.61
100805,78.0,73.0,54.0,1,1.22,1,17.0,48.4
100806,61.0,0.0,32.0,1,72.45,0,0.0,87.97
100807,99.0,19.0,29.0,0,43.05,0,2.0,67.92
100808,72.0,3.0,50.0,1,37.85,1,33.0,100.5
100809,71.0,24.0,55.0,1,24.09,0,0.0,85.99
100810,71.0,6.0,33.0,1,38.08,0,1.0,59.59
100811,34.0,1.0,44.0,1,147.33,1,43.0,142.94
100812,56.0,17.0,57.0,0,63.44,0,1.0,87.49
100813,54.0,7.0,44.0,1,44.52,1,30.0,89.33
100814,66.0,42.0,39.0,1,92.51,1,34.0,113.87
100815,35.0,5.0,18.0,1,57.53,1,27.0,90.41
100816,116.0,70.0,57.0,0,84.19,1,37.0,99.41
100817,63.0,33.0,48.0,1,129.17,0,0.0,120.36
100818,37.0,2.0,41.0,0,149.31,1,41.0,130.63
100819,30.0,13.0,33.0,1,140.17,1,40.0,135.82
100820,54.0,18.0,23.0,1,112.63,1,35.0,123.03
100821,58.0,6.0,38.0,0,71.88,0,3.0,64.73
100822,45.0,10.0,38.0,1,123.13,1,37.0,105.01
100823,63.0,19.0,54.0,1,86.59,0,0.0,99.4
100824,47.0,74.0,24.0,1,174.06,1,41.0,150.69
100825,75.0,19.0,58.0,0,55.52,0,0.0,75.96
100826,45.0,60.0,40.0,0,25.03,0,7.0,40.68
100827,59.0,13.0,55.0,0,18.26,0,1.0,32.97
100828,89.0,3.0,27.0,1,61.44,1,33.0,104.29
100829,169.0,13.0,44.0,1,23.94,1,30.0,95.24
100830,40.0,21.0,55.0,0,40.56,0,0.0,46.81
100831,50.0,120.0,41.0,1,18.86,0,0.0,43.21
100832,43.0,26.0,20.0,1,139.72,1,46.0,135.55
100833,83.0,29.0,35.0,0,17.41,0,1.0,43.48
100834,38.0,25.0,46.0,1,155.6,0,3.0,137.46
100835,50.0,6.0,21.0,0,9.82,0,0.0,34.54
100836,60.0,11.0,21.0,1,33.76,1,28.0,70.3
100837,41.0,6.0,43.0,0,17.18,0,1.0,63.54
100838,41.0,23.0,27.0,1,38.91,0,0.0,43.56
100839,50.0,66.0,48.0,0,107.3,1,25.0,87.54
100840,26.0,25.0,24.0,0,84.84,0,0.0,83.86
100841,34.0,8.0,18.0,0,34.35,0,1.0,49.99
100842,51.0,52.0,29.0,0,75.16,0,3.0,93.2
100843,64.0,34.0,59.0,1,7.4,0,0.0,39.98
100844,56.0,93.0,28.0,1,40.96,1,18.0,60.11
100845,30.0,18.0,39.0,0,48.35,1,8.0,2.34
100846,50.0,27.0,43.0,1,24.76,0,0.0,31.91
100847,83.0,9.0,27.0,1,87.81,1,38.0,111.69
100848,75.0,20.0,54.0,1,68.22,0,0.0,75.63
100849,58.0,3.0,42.0,1,141.23,1,37.0,129.16
100850,42.0,5.0,45.0,1,16.89,0,0.0,52.16
100851,78.0,2.0,18.0,1,73.17,0,0.0,63.59
100852,48.0,0.0,18.0,1,49.31,0,0.0,73.38
100853,38.0,1.0,18.0,1,53.47,0,0.0,81.32
100854,44.0,22.0,37.0,1,43.57,0,0.0,62.43
100855,108.0,9.0,37.0,0,37.85,0,0.0,49.12
100856,66.0,15.0,49.0,0,30.54,0,0.0,53.33
100857,96.0,6.0,59.0,1,81.21,1,37.0,116.39
100858,50.0,21.0,36.0,1,52.51,0,1.0,76.93
100859,88.0,39.0,36.0,1,170.4,1,43.0,134.31
100860,47.0,15.0,45.0,1,132.43,0,4.0,117.11
100861,57.0,3.0,59.0,1,50.95,0,3.0,64.09
100862,163.0,25.0,29.0,1,70.57,1,40.0,130.45
100863,82.0,23.0,48.0,1,109.03,1,40.0,123.93
100864,49.0,5.0,36.0,0,56.85,0,1.0,76.5
100865,58.0,45.0,35.0,0,59.74,0,3.0,65.47
100866,69.0,47.0,50.0,0,93.19,0,0.0,97.55
100867,98.0,4.0,29.0,0,42.91,0,5.0,39.35
100868,50.0,72.0,26.0,0,36.34,0,0.0,61.74
100869,30.0,6.0,48.0,1,53.87,1,30.0,80.96
100870,54.0,21.0,39.0,1,67.05,0,0.0,81.0
100871,61.0,27.0,36.0,1,173.78,1,47.0,154.52
100872,63.0,46.0,38.0,1,71.18,0,0.0,77.48
100873,102.0,3.0,46.0,0,5.23,0,0.0,40.56
100874,68.0,12.0,35.0,0,29.3,0,0.0,69.64
100875,84.0,30.0,49.0,1,25.06,0,0.0,61.36
100876,39.0,27.0,45.0,1,43.88,0,2.0,69.08
100877,85.0,15.0,59.0,1,158.02,1,41.0,133.86
100878,140.0,11.0,56.0,1,21.07,1,26.0,78.01
100879,82.0,8.0,51.0,0,73.62,0,0.0,69.05
100880,67.0,4.0,37.0,1,107.18,0,0.0,115.06
100881,64.0,1.0,41.0,0,12.26,0,6.0,31.25
100882,123.0,31.0,32.0,0,56.88,1,33.0,98.45
100883,42.0,22.0,77.0,0,103.27,1,33.0,100.44
100884,58.0,27.0,37.0,1,75.62,1,28.0,97.63
100885,73.0,44.0,47.0,1,102.5,1,42.0,128.61
100886,81.0,5.0,57.0,1,46.17,1,31.0,95.65
100887,51.0,6.0,22.0,1,114.78,1,36.0,111.71
100888,68.0,22.0,29.0,1,141.64,1,45.0,131.51
100889,54.0,14.0,34.0,0,125.72,1,39.0,108.09
100890,63.0,28.0,27.0,1,50.79,0,2.0,79.51
100891,57.0,3.0,23.0,1,21.95,1,17.0,56.68
100892,38.0,10.0,33.0,0,36.97,1,19.0,65.33
100893,60.0,5.0,56.0,1,124.62,1,36.0,112.56
100894,86.0,3.0,49.0,1,70.98,1,36.0,124.56
100895,41.0,26.0,40.0,0,79.48,0,0.0,95.63
100896,55.0,3.0,40.0,1,151.16,1,47.0,159.42
100897,79.0,20.0,18.0,1,107.92,1,41.0,124.18
100898,39.0,44.0,49.0,0,83.56,1,34.0,96.0
100899,65.0,66.0,45.0,1,144.82,1,43.0,135.13
100900,39.0,13.0,26.0,1,92.39,1,36.0,104.59
100901,95.0,26.0,42.0,0,53.74,0,0.0,86.06
100902,152.0,30.0,37.0,1,208.56,1,56.0,180.0
100903,135.0,3.0,33.0,0,107.36,0,1.0,131.51
100904,55.0,8.0,27.0,1,86.12,0,0.0,73.65
100905,81.0,7.0,31.0,0,94.95,0,2.0,92.29
100906,63.0,67.0,27.0,1,28.63,0,0.0,76.99
100907,63.0,11.0,46.0,1,94.93,1,41.0,140.14
100908,112.0,1.0,44.0,1,65.98,1,30.0,90.68
100909,36.0,22.0,44.0,0,14.8,0,2.0,37.6
100910,92.0,53.0,37.0,1,100.74,1,47.0,136.11
100911,59.0,120.0,34.0,0,25.67,1,19.0,72.57
100912,106.0,92.0,66.0,1,72.4,0,2.0,108.06
100913,65.0,60.0,18.0,1,65.35,1,34.0,91.04
100914,46.0,38.0,55.0,1,121.65,1,41.0,122.73
100915,67.0,31.0,44.0,1,46.62,0,0.0,68.37
100916,81.0,23.0,41.0,1,133.09,1,41.0,149.59
100917,61.0,7.0,33.0,0,84.35,0,2.0,81.86
100918,73.0,6.0,37.0,1,86.03,1,31.0,114.24
100919,49.0,3.0,24.0,0,173.65,1,48.0,143.83
100920,26.0,36.0,22.0,1,61.56,0,0.0,64.14
100921,86.0,70.0,38.0,1,170.99,1,44.0,140.71
100922,80.0,9.0,18.0,1,16.56,0,0.0,30.06
100923,64.0,12.0,51.0,1,37.57,0,0.0,41.41
100924,62.0,31.0,54.0,0,47.03,0,4.0,75.02
100925,91.0,2.0,18.0,1,11.46,0,1.0,52.5
100926,50.0,10.0,19.0,1,59.37,1,29.0,88.83
100927,45.0,19.0,43.0,1,96.35,1,36.0,114.26
100928,56.0,66.0,42.0,1,14.23,0,0.0,45.6
100929,97.0,1.0,41.0,0,78.0,1,45.0,133.88
100930,35.0,6.0,45.0,1,86.77,0,0.0,66.16
100931,97.0,4.0,49.0,1,39.61,0,0.0,90.8
100932,47.0,42.0,51.0,1,85.57,1,35.0,112.66
100933,39.0,32.0,63.0,1,39.13,0,0.0,50.62
100934,100.0,45.0,40.0,1,9.1,0,0.0,29.99
100935,58.0,34.0,51.0,0,48.33,0,0.0,82.83
100936,36.0,38.0,19.0,0,77.16,0,0.0,70.03
100937,52.0,47.0,38.0,1,81.08,0,5.0,78.95
100938,88.0,3.0,24.0,0,15.69,0,3.0,33.98
100939,97.0,10.0,58.0,0,35.52,0,4.0,68.04
100940,51.0,77.0,70.0,1,64.61,0,4.0,66.24
100941,71.0,3.0,47.0,1,139.98,1,46.0,137.64
100942,80.0,25.0,23.0,0,14.52,0,0.0,56.51
100943,47.0,3.0,38.0,1,114.73,1,38.0,111.6
100944,70.0,5.0,40.0,1,95.21,0,2.0,101.47
100945,60.0,11.0,42.0,1,43.54,1,25.0,72.59
100946,49.0,36.0,54.0,0,83.33,0,0.0,71.18
100947,50.0,39.0,52.0,0,129.52,1,29.0,113.96
100948,62.0,10.0,18.0,1,64.34,0,2.0,83.34
100949,61.0,56.0,57.0,1,28.02,0,0.0,63.32
100950,48.0,37.0,33.0,0,50.21,0,2.0,66.64
100951,51.0,66.0,32.0,1,126.68,0,0.0,115.64
100952,94.0,38.0,58.0,1,135.45,1,36.0,122.62
100953,66.0,14.0,36.0,1,261.22,1,43.0,150.83
100954,86.0,65.0,22.0,0,126.56,0,0.0,128.3
100955,98.0,15.0,22.0,1,101.21,1,42.0,128.26
100956,76.0,41.0,40.0,1,70.67,1,31.0,97.67
100957,150.0,21.0,51.0,0,68.83,1,40.0,112.16
100958,43.0,47.0,59.0,1,47.11,1,26.0,68.66
100959,83.0,17.0,37.0,1,22.28,0,2.0,69.2
100960,53.0,2.0,34.0,1,45.33,0,3.0,95.63
100961,127.0,69.0,61.0,1,98.97,1,38.0,126.1
100962,119.0,28.0,34.0,1,86.21,0,1.0,100.08
100963,28.0,19.0,59.0,0,55.87,0,4.0,60.23
100964,41.0,1.0,43.0,1,245.2,1,37.0,124.31
100965,79.0,94.0,43.0,0,100.95,0,3.0,107.34
100966,83.0,31.0,37.0,1,35.5,1,23.0,52.22
100967,81.0,66.0,44.0,1,11.96,1,27.0,73.66
100968,59.0,7.0,34.0,1,83.77,1,35.0,84.57
100969,72.0,57.0,31.0,1,33.94,0,0.0,71.79
100970,78.0,38.0,38.0,1,55.08,1,27.0,82.06
100971,58.0,83.0,31.0,1,54.53,0,0.0,73.86
100972,91.0,3.0,44.0,0,57.25,0,4.0,89.2
100973,24.0,31.0,41.0,0,45.52,0,1.0,62.01
100974,78.0,65.0,36.0,1,70.46,0,0.0,95.59
100975,40.0,19.0,37.0,0,26.7,0,4.0,42.26
100976,89.0,38.0,37.0,1,9.25,0,0.0,51.42
100977,55.0,5.0,62.0,0,119.15,1,41.0,125.74
100978,42.0,0.0,40.0,1,64.25,0,3.0,95.05
100979,70.0,8.0,32.0,0,28.26,0,0.0,58.38
100980,42.0,3.0,36.0,1,157.96,1,39.0,117.24
100981,42.0,15.0,48.0,0,90.17,0,3.0,83.31
100982,32.0,43.0,37.0,1,82.05,1,22.0,80.16
100983,60.0,51.0,38.0,1,21.01,0,5.0,63.7
100984,74.0,9.0,36.0,1,40.71,1,24.0,69.62
100985,91.0,19.0,42.0,0,51.13,1,28.0,92.55
100986,57.0,2.0,45.0,1,43.75,0,0.0,54.32
100987,92.0,51.0,45.0,0,39.58,0,0.0,80.93
100988,61.0,78.0,18.0,1,141.29,1,43.0,128.88
100989,58.0,16.0,26.0,0,10.65,0,4.0,54.83
100990,76.0,51.0,18.0,0,13.89,0,1.0,61.15
100991,92.0,1.0,50.0,1,64.06,1,30.0,96.85
100992,53.0,81.0,54.0,0,31.29,0,0.0,63.85
100993,55.0,7.0,57.0,0,99.83,1,27.0,82.02
100994,57.0,27.0,42.0,1,41.12,0,0.0,44.68
100995,62.0,44.0,55.0,0,121.64,1,47.0,155.19
100996,42.0,4.0,39.0,1,49.31,1,29.0,74.6
100997,91.0,27.0,38.0,1,115.49,1,28.0,108.0
100998,51.0,9.0,20.0,1,128.27,1,39.0,118.81
100999,73.0,1.0,30.0,0,38.39,0,5.0,69.97
101000,43.0,26.0,32.0,1,86.8,0,0.0,88.95
101001,70.0,31.0,52.0,1,86.57,1,35.0,90.67
101002,71.0,12.0,61.0,1,76.74,0,0.0,103.12
101003,51.0,12.0,34.0,0,209.98,1,45.0,136.32
101004,135.0,8.0,45.0,1,77.0,1,42.0,128.69
101005,70.0,1.0,43.0,1,24.28,0,0.0,15.97
101006,123.0,25.0,30.0,1,58.3,1,34.0,101.79
101007,89.0,12.0,18.0,0,17.16,0,1.0,49.45
101008,46.0,0.0,30.0,0,69.92,1,32.0,88.31
101009,52.0,12.0,21.0,0,21.97,0,2.0,50.78
101010,72.0,2.0,36.0,0,105.8,1,37.0,118.98
101011,62.0,21.0,38.0,1,93.5,1,33.0,96.07
101012,62.0,10.0,37.0,1,80.74,0,7.0,84.23
101013,54.0,20.0,37.0,0,41.88,0,2.0,73.05
101014,29.0,10.0,46.0,1,19.66,0,0.0,51.82
101015,55.0,8.0,28.0,1,63.92,0,1.0,94.75
101016,25.0,0.0,51.0,0,118.22,1,37.0,115.52
101017,70.0,11.0,18.0,0,90.94,0,0.0,97.5
101018,45.0,23.0,40.0,0,54.23,1,19.0,71.6
101019,45.0,1.0,45.0,1,11.04,0,0.0,38.1
101020,55.0,23.0,29.0,0,46.02,0,5.0,65.15
101021,67.0,36.0,19.0,1,107.56,0,4.0,106.82
101022,34.0,16.0,48.0,1,28.91,1,17.0,43.02
101023,30.0,14.0,31.0,1,136.47,1,48.0,147.82
101024,39.0,15.0,50.0,1,262.68,1,54.0,155.08
101025,27.0,26.0,50.0,0,27.94,0,4.0,54.23
101026,41.0,28.0,40.0,1,30.54,1,18.0,53.66
101027,114.0,25.0,40.0,1,90.39,1,41.0,129.65
101028,40.0,39.0,52.0,0,69.21,1,32.0,91.65
101029,78.0,7.0,45.0,0,105.09,1,38.0,124.9
101030,35.0,14.0,28.0,1,39.44,0,2.0,53.94
101031,68.0,18.0,42.0,1,50.81,1,27.0,77.37
101032,53.0,52.0,47.0,0,77.91,0,1.0,87.19
101033,59.0,8.0,42.0,0,69.98,0,1.0,80.03
101034,76.0,41.0,42.0,0,96.55,1,31.0,91.55
101035,122.0,1.0,38.0,1,34.54,1,33.0,101.62
101036,65.0,5.0,38.0,1,163.23,1,38.0,118.19
101037,63.0,57.0,28.0,0,17.55,1,25.0,75.52
101038,41.0,59.0,21.0,1,62.94,0,0.0,93.85
101039,76.0,2.0,54.0,1,12.86,0,1.0,39.11
101040,55.0,23.0,31.0,1,28.25,0,0.0,61.84
101041,84.0,30.0,43.0,1,75.33,1,30.0,93.91
101042,59.0,3.0,20.0,1,23.19,1,25.0,76.72
101043,121.0,5.0,42.0,1,98.05,0,1.0,133.31
101044,27.0,30.0,29.0,0,122.71,1,39.0,120.77
101045,54.0,2.0,78.0,1,99.74,0,0.0,97.02
101046,86.0,22.0,26.0,0,42.54,0,4.0,80.43
101047,52.0,0.0,27.0,1,81.54,1,28.0,100.51
101048,44.0,17.0,52.0,0,28.03,0,0.0,99.57
101049,54.0,10.0,54.0,1,56.75,1,25.0,75.03
101050,35.0,1.0,18.0,1,95.48,1,32.0,100.04
101051,63.0,89.0,43.0,0,134.43,1,43.0,128.24
101052,160.0,16.0,51.0,1,26.41,0,1.0,79.33
101053,95.0,21.0,24.0,1,39.82,0,4.0,74.77
101054,39.0,10.0,48.0,0,67.07,1,23.0,85.28
101055,43.0,35.0,33.0,1,121.33,1,42.0,129.22
101056,51.0,35.0,27.0,1,84.72,0,2.0,104.93
101057,90.0,26.0,35.0,1,55.49,0,1.0,86.47
101058,43.0,33.0,34.0,0,44.2,0,0.0,60.48
101059,46.0,8.0,22.0,0,142.96,1,44.0,131.49
101060,86.0,0.0,69.0,1,85.89,1,41.0,123.06
101061,85.0,38.0,34.0,0,172.0,1,40.0,138.06
101062,52.0,47.0,30.0,1,39.82,0,2.0,45.63
101063,39.0,39.0,51.0,1,98.58,1,26.0,95.56
101064,32.0,28.0,39.0,1,152.6,0,2.0,116.35
101065,46.0,4.0,57.0,1,47.27,1,28.0,85.96
101066,25.0,26.0,36.0,1,224.12,1,45.0,143.05
101067,81.0,10.0,44.0,1,60.24,1,34.0,106.51
101068,47.0,1.0,41.0,1,34.62,0,0.0,49.8
101069,73.0,1.0,42.0,1,59.97,1,33.0,109.39
101070,127.0,26.0,37.0,0,114.37,0,2.0,118.45
101071,96.0,21.0,38.0,1,53.94,0,0.0,82.79
101072,38.0,10.0,61.0,1,53.42,0,2.0,58.8
101073,85.0,27.0,31.0,1,65.63,1,29.0,89.85
101074,96.0,45.0,33.0,1,68.91,0,4.0,85.7
101075,45.0,37.0,35.0,1,56.19,0,2.0,16.95
101076,41.0,7.0,47.0,1,89.18,0,6.0,83.48
101077,58.0,47.0,45.0,1,23.95,0,6.0,60.15
101078,32.0,25.0,52.0,1,53.36,0,0.0,75.64
101079,109.0,29.0,22.0,0,242.71,1,50.0,151.08
101080,23.0,2.0,43.0,1,83.51,1,26.0,88.08
101081,39.0,10.0,37.0,0,155.54,1,46.0,139.28
101082,54.0,8.0,36.0,1,45.21,0,1.0,66.44
101083,55.0,15.0,42.0,0,78.39,0,0.0,74.52
101084,64.0,38.0,18.0,1,85.16,1,38.0,109.5
101085,67.0,25.0,43.0,1,104.11,1,38.0,122.69
101086,55.0,92.0,41.0,1,7.47,0,1.0,46.44
101087,95.0,118.0,21.0,1,73.4,0,3.0,97.98
101088,26.0,26.0,38.0,1,115.68,1,25.0,80.0
101089,60.0,17.0,60.0,1,88.68,1,34.0,111.35
101090,45.0,28.0,35.0,1,19.66,1,16.0,46.72
101091,64.0,89.0,47.0,0,29.33,0,0.0,73.81
101092,66.0,8.0,37.0,0,77.79,1,38.0,105.17
101093,42.0,6.0,29.0,0,110.58,0,2.0,98.33
101094,47.0,13.0,28.0,0,65.88,0,3.0,64.41
101095,83.0,77.0,35.0,1,40.77,0,0.0,73.72
101096,69.0,34.0,56.0,0,25.56,0,0.0,74.35
101097,46.0,42.0,50.0,0,69.89,0,2.0,73.68
101098,136.0,4.0,31.0,1,117.1,1,43.0,141.62
101099,152.0,26.0,52.0,1,122.56,1,45.0,140.64
101100,34.0,2.0,38.0,0,186.66,1,45.0,152.77
101101,68.0,53.0,31.0,1,48.48,1,23.0,82.32
101102,165.0,1.0,45.0,0,23.74,0,2.0,76.5
101103,83.0,57.0,28.0,1,28.25,0,0.0,77.56
101104,66.0,2.0,19.0,0,40.2,0,0.0,71.63
101105,56.0,0.0,56.0,1,4.82,0,3.0,58.63
101106,49.0,28.0,18.0,1,66.34,1,18.0,75.63
101107,55.0,2.0,47.0,1,40.37,1,21.0,54.22
101108,48.0,34.0,20.0,0,47.93,0,0.0,42.99
101109,81.0,0.0,39.0,1,53.41,0,0.0,14.48
101110,51.0,47.0,37.0,0,68.12,0,0.0,84.69
101111,51.0,17.0,34.0,0,26.76,0,0.0,51.01
101112,37.0,25.0,18.0,1,20.24,1,19.0,52.48
101113,59.0,0.0,38.0,1,33.67,1,19.0,72.56
101114,42.0,2.0,39.0,0,96.95,0,2.0,103.52
101115,56.0,4.0,28.0,1,83.46,0,0.0,85.55
101116,92.0,10.0,39.0,1,83.68,1,41.0,129.52
101117,70.0,14.0,52.0,1,26.74,0,0.0,64.66
101118,74.0,104.0,30.0,0,50.24,0,0.0,72.18
101119,70.0,29.0,43.0,0,77.09,0,2.0,84.88
101120,62.0,38.0,25.0,0,28.1,0,2.0,61.04
101121,57.0,16.0,45.0,1,182.51,1,39.0,133.47
101122,53.0,8.0,48.0,1,128.32,1,39.0,133.37
101123,82.0,62.0,72.0,0,39.97,0,0.0,111.18
101124,39.0,54.0,51.0,1,52.62,0,5.0,66.12
101125,103.0,16.0,45.0,0,50.66,1,27.0,87.48
101126,61.0,21.0,58.0,0,26.34,0,4.0,72.9
101127,45.0,70.0,27.0,0,26.36,0,0.0,52.63
101128,50.0,7.0,53.0,0,113.44,1,37.0,99.73
101129,46.0,4.0,33.0,1,150.83,1,35.0,102.15
101130,64.0,61.0,32.0,1,39.91,1,26.0,76.98
101131,45.0,6.0,54.0,0,60.03,0,0.0,68.52
101132,95.0,3.0,43.0,1,33.77,1,29.0,80.38
101133,44.0,6.0,57.0,0,10.42,0,4.0,29.64
101134,24.0,5.0,21.0,0,17.33,0,0.0,28.96
101135,45.0,40.0,43.0,0,25.47,0,1.0,50.03
101136,27.0,12.0,33.0,1,46.7,0,0.0,55.27
101137,59.0,15.0,36.0,0,136.04,1,35.0,120.77
101138,92.0,8.0,18.0,0,18.68,0,0.0,44.83
101139,78.0,120.0,52.0,1,38.28,0,4.0,78.49
101140,35.0,16.0,42.0,1,107.22,1,37.0,113.05
101141,44.0,85.0,27.0,1,61.68,0,0.0,84.45
101142,123.0,22.0,22.0,0,17.16,0,6.0,68.18
101143,69.0,32.0,29.0,1,38.07,0,0.0,77.89
101144,60.0,3.0,58.0,0,119.82,1,39.0,126.99
101145,92.0,2.0,38.0,0,8.98,0,0.0,41.61
101146,161.0,11.0,35.0,1,144.24,1,48.0,156.9
101147,101.0,60.0,46.0,1,148.52,1,45.0,143.15
101148,64.0,14.0,40.0,1,59.33,0,0.0,60.28
101149,70.0,38.0,43.0,1,16.07,0,2.0,53.51
101150,77.0,3.0,49.0,0,117.18,0,0.0,123.43
101151,47.0,1.0,44.0,0,43.46,0,0.0,48.75
101152,40.0,9.0,51.0,1,131.79,0,0.0,113.62
101153,62.0,34.0,25.0,1,77.88,1,31.0,101.96
101154,41.0,8.0,41.0,1,38.5,0,2.0,70.5
101155,59.0,25.0,35.0,1,60.35,1,26.0,83.36
101156,63.0,3.0,41.0,1,113.79,1,43.0,136.93
101157,154.0,54.0,39.0,1,52.3,0,0.0,117.6
101158,43.0,33.0,32.0,1,72.0,1,20.0,75.43
101159,57.0,47.0,35.0,1,147.58,1,38.0,123.05
101160,57.0,4.0,52.0,1,81.05,1,32.0,125.27
101161,72.0,24.0,33.0,1,79.58,0,0.0,84.57
101162,92.0,42.0,24.0,1,163.85,1,49.0,145.44
101163,50.0,8.0,47.0,0,83.5,0,0.0,81.43
101164,43.0,10.0,52.0,1,59.35,0,0.0,84.81
101165,31.0,47.0,36.0,1,19.15,1,13.0,45.04
101166,42.0,4.0,42.0,1,127.37,1,42.0,132.36
101167,75.0,7.0,29.0,1,165.57,1,44.0,142.99
101168,61.0,33.0,37.0,1,39.89,1,22.0,67.47
101169,40.0,18.0,54.0,1,118.46,1,27.0,100.52
101170,52.0,27.0,50.0,1,44.25,0,0.0,59.92
101171,61.0,11.0,42.0,0,36.95,1,19.0,59.41
101172,74.0,18.0,36.0,1,35.47,0,0.0,44.16
101173,48.0,8.0,19.0,0,105.07,0,2.0,78.01
101174,55.0,6.0,44.0,0,47.51,0,2.0,52.4
101175,29.0,24.0,46.0,1,108.86,0,0.0,81.73
101176,38.0,9.0,53.0,0,26.95,0,0.0,47.39
101177,115.0,4.0,66.0,1,68.21,1,37.0,111.04
101178,25.0,16.0,45.0,1,88.41,1,34.0,101.29
101179,53.0,11.0,52.0,0,75.09,1,27.0,81.96
101180,66.0,7.0,26.0,1,14.01,0,3.0,52.93
101181,52.0,2.0,55.0,0,65.65,0,0.0,111.68
101182,44.0,29.0,51.0,0,124.12,1,34.0,106.66
101183,59.0,76.0,57.0,0,65.34,0,2.0,82.4
101184,60.0,80.0,49.0,1,48.62,0,0.0,73.22
101185,58.0,3.0,46.0,1,158.14,1,42.0,132.22
101186,28.0,24.0,59.0,1,42.76,0,0.0,53.83
101187,57.0,64.0,32.0,0,16.83,0,1.0,59.28
101188,43.0,30.0,48.0,0,72.96,0,0.0,73.43
101189,48.0,23.0,54.0,1,34.65,1,28.0,67.62
101190,66.0,9.0,30.0,0,136.74,1,36.0,126.53
101191,78.0,8.0,25.0,1,111.15,1,36.0,113.66
101192,86.0,20.0,46.0,0,37.7,0,0.0,24.75
101193,49.0,12.0,42.0,1,117.94,0,3.0,126.21
101194,87.0,53.0,48.0,1,14.34,0,0.0,54.72
101195,96.0,7.0,48.0,0,136.86,1,42.0,146.02
101196,95.0,21.0,30.0,0,74.91,1,32.0,96.58
101197,105.0,22.0,44.0,1,62.16,0,0.0,223.24
101198,57.0,32.0,54.0,0,20.29,0,0.0,49.82
101199,56.0,22.0,36.0,1,57.69,0,0.0,79.78
101200,84.0,21.0,36.0,1,17.23,0,1.0,73.89
101201,35.0,50.0,26.0,0,25.16,0,2.0,60.45
101202,66.0,24.0,50.0,0,76.46,0,0.0,61.42
101203,49.0,13.0,65.0,0,144.28,1,38.0,118.51
101204,52.0,42.0,23.0,1,52.97,0,5.0,73.07
101205,30.0,62.0,50.0,0,41.39,0,4.0,46.64
101206,42.0,10.0,52.0,1,75.35,1,33.0,98.95
101207,60.0,15.0,33.0,1,108.77,1,32.0,112.6
101208,86.0,13.0,35.0,0,127.62,1,39.0,113.45
101209,90.0,112.0,27.0,1,152.65,1,45.0,151.01
101210,58.0,29.0,30.0,1,25.86,0,1.0,66.28
101211,56.0,37.0,42.0,1,98.56,1,35.0,107.16
101212,43.0,18.0,48.0,0,36.95,0,0.0,48.8
101213,71.0,12.0,42.0,1,102.54,1,40.0,117.54
101214,55.0,32.0,51.0,0,47.49,1,17.0,47.29
101215,77.0,20.0,43.0,0,152.44,1,42.0,135.28
101216,122.0,22.0,25.0,1,37.29,0,0.0,126.44
101217,60.0,33.0,59.0,1,77.56,0,0.0,80.92
101218,33.0,35.0,55.0,0,84.91,0,0.0,79.42
101219,43.0,21.0,31.0,1,31.71,1,20.0,70.77
101220,34.0,51.0,63.0,0,58.06,1,28.0,75.22
101221,37.0,25.0,46.0,1,26.17,0,4.0,49.13
101222,102.0,3.0,42.0,0,40.27,0,0.0,66.24
101223,66.0,34.0,65.0,0,134.98,1,39.0,135.76
101224,33.0,70.0,18.0,0,70.4,0,0.0,89.36
101225,78.0,11.0,20.0,0,18.64,0,0.0,64.18
101226,100.0,48.0,49.0,1,56.0,0,0.0,87.58
101227,52.0,9.0,37.0,1,73.88,1,32.0,102.33
101228,46.0,15.0,28.0,0,49.73,1,23.0,67.73
101229,53.0,5.0,59.0,0,97.98,0,0.0,117.62
101230,68.0,0.0,46.0,1,53.25,0,0.0,64.81
101231,78.0,6.0,24.0,1,11.0,0,2.0,45.47
101232,97.0,33.0,32.0,1,86.18,0,1.0,120.5
101233,98.0,68.0,51.0,1,57.31,1,29.0,83.08
101234,97.0,22.0,63.0,0,92.1,1,39.0,127.11
101235,104.0,37.0,18.0,0,29.73,0,0.0,76.48
101236,79.0,14.0,43.0,0,178.56,1,54.0,157.11
101237,33.0,13.0,35.0,1,56.57,0,2.0,63.18
101238,57.0,24.0,18.0,0,58.99,0,3.0,71.97
101239,68.0,7.0,38.0,1,65.58,1,33.0,93.91
101240,52.0,53.0,20.0,1,83.08,1,29.0,98.01
101241,87.0,0.0,34.0,0,148.22,1,35.0,108.21
101242,52.0,18.0,61.0,1,91.39,0,0.0,87.83
101243,42.0,23.0,47.0,1,34.23,0,4.0,62.26
101244,108.0,20.0,50.0,0,77.63,1,29.0,110.76
101245,79.0,10.0,48.0,0,73.02,1,38.0,114.39
101246,66.0,16.0,45.0,0,8.39,0,0.0,32.5
101247,87.0,42.0,53.0,1,36.65,1,24.0,64.71
101248,92.0,20.0,26.0,1,54.59,1,25.0,70.15
101249,69.0,45.0,36.0,1,74.53,0,0.0,84.66
101250,23.0,87.0,51.0,0,164.25,1,44.0,142.03
101251,46.0,84.0,31.0,1,47.59,0,1.0,66.21
101252,50.0,22.0,35.0,1,35.52,0,1.0,33.67
101253,41.0,5.0,56.0,0,107.79,0,1.0,102.53
101254,65.0,34.0,60.0,1,59.27,1,32.0,92.58
101255,97.0,11.0,33.0,0,69.54,0,4.0,88.72
101256,50.0,21.0,30.0,1,28.13,0,0.0,37.11
101257,38.0,20.0,48.0,0,9.15,0,4.0,25.25
101258,136.0,4.0,44.0,1,82.52,0,0.0,96.68
101259,50.0,53.0,32.0,1,54.02,1,29.0,83.71
101260,37.0,1.0,48.0,1,69.19,0,0.0,63.63
101261,66.0,14.0,48.0,0,58.13,1,35.0,91.69
101262,72.0,14.0,42.0,1,62.31,0,1.0,99.22
101263,46.0,0.0,78.0,0,32.85,0,3.0,54.49
101264,83.0,7.0,58.0,1,160.37,1,47.0,128.43
101265,50.0,48.0,51.0,0,224.96,1,49.0,143.77
101266,42.0,31.0,53.0,0,55.15,0,5.0,69.26
101267,65.0,0.0,78.0,0,74.82,0,0.0,92.73
101268,82.0,15.0,54.0,1,60.55,1,22.0,72.05
101269,47.0,25.0,31.0,0,103.29,0,1.0,51.84
101270,69.0,7.0,45.0,1,142.32,1,40.0,128.76
101271,58.0,9.0,41.0,0,92.47,1,34.0,110.68
101272,187.0,3.0,33.0,0,27.97,1,33.0,106.83
101273,45.0,5.0,44.0,1,95.59,0,0.0,91.11
101274,105.0,38.0,44.0,1,108.53,1,44.0,125.84
101275,59.0,17.0,40.0,1,104.25,1,30.0,82.03
101276,57.0,16.0,34.0,1,21.82,0,0.0,49.82
101277,81.0,6.0,51.0,1,46.38,0,4.0,74.98
101278,86.0,19.0,20.0,1,88.83,0,0.0,96.79
101279,100.0,4.0,51.0,1,182.5,1,60.0,162.1
101280,69.0,13.0,41.0,1,64.52,1,33.0,106.3
101281,47.0,38.0,44.0,1,31.25,0,4.0,55.35
101282,49.0,5.0,18.0,1,93.49,1,33.0,107.92
101283,74.0,19.0,62.0,0,47.21,1,28.0,82.53
101284,76.0,0.0,19.0,0,51.03,0,3.0,60.04
101285,106.0,32.0,30.0,1,40.91,1,22.0,54.63
101286,71.0,11.0,49.0,0,114.13,0,0.0,98.42
101287,92.0,31.0,33.0,1,95.68,1,39.0,125.56
101288,111.0,4.0,35.0,1,65.44,0,0.0,113.23
101289,64.0,2.0,18.0,1,22.97,0,5.0,39.12
101290,33.0,84.0,35.0,1,23.46,0,0.0,66.71
101291,38.0,45.0,43.0,1,33.95,1,15.0,51.55
101292,34.0,10.0,49.0,1,45.33,0,0.0,55.39
101293,114.0,21.0,37.0,0,16.0,1,14.0,61.87
101294,43.0,6.0,43.0,0,101.98,1,27.0,98.01
101295,99.0,17.0,46.0,0,107.05,1,40.0,119.95
101296,76.0,37.0,32.0,1,43.78,0,0.0,72.39
101297,120.0,24.0,31.0,1,68.11,1,37.0,120.36
101298,90.0,20.0,66.0,1,51.65,1,16.0,53.29
101299,58.0,70.0,30.0,0,74.8,1,27.0,93.87
101300,56.0,12.0,56.0,1,86.49,1,29.0,99.44
101301,62.0,5.0,41.0,1,72.78,1,33.0,98.07
101302,65.0,2.0,59.0,0,92.69,1,30.0,97.39
101303,49.0,25.0,32.0,1,41.54,0,2.0,67.59
101304,60.0,11.0,47.0,1,37.17,0,0.0,37.35
101305,115.0,43.0,45.0,1,92.89,0,0.0,118.45
101306,31.0,3.0,38.0,1,112.74,1,28.0,90.13
101307,67.0,67.0,45.0,1,120.17,0,3.0,107.5
101308,42.0,12.0,31.0,1,22.11,0,5.0,83.17
101309,65.0,42.0,40.0,1,148.92,1,39.0,135.67
101310,84.0,4.0,35.0,1,34.3,1,24.0,69.37
101311,59.0,9.0,50.0,0,45.82,0,4.0,56.03
101312,82.0,5.0,39.0,1,101.7,1,44.0,117.38
101313,32.0,19.0,23.0,1,144.37,1,37.0,118.78
101314,94.0,33.0,36.0,0,44.47,0,3.0,88.43
101315,47.0,8.0,39.0,1,57.07,0,0.0,51.51
101316,77.0,18.0,29.0,1,45.88,1,28.0,76.14
101317,65.0,5.0,58.0,0,74.36,0,2.0,138.19
101318,21.0,48.0,46.0,1,68.48,0,0.0,77.93
101319,45.0,10.0,51.0,1,85.39,0,0.0,87.81
101320,66.0,17.0,31.0,1,40.18,0,0.0,52.69
101321,112.0,7.0,36.0,0,25.89,0,1.0,63.87
101322,68.0,16.0,53.0,0,76.98,1,28.0,85.39
101323,67.0,28.0,22.0,0,164.19,1,45.0,140.38
101324,34.0,13.0,45.0,1,47.5,0,1.0,70.36
101325,107.0,41.0,42.0,0,151.6,1,42.0,144.72
101326,124.0,12.0,34.0,0,75.74,1,31.0,107.75
101327,61.0,9.0,42.0,1,118.81,1,39.0,118.47
101328,55.0,23.0,27.0,1,70.48,1,25.0,88.88
101329,32.0,61.0,43.0,0,276.12,1,53.0,175.32
101330,86.0,34.0,25.0,1,53.78,0,0.0,69.95
101331,178.0,54.0,24.0,1,20.63,1,34.0,88.92
101332,80.0,12.0,58.0,1,66.15,1,27.0,81.99
101333,100.0,21.0,32.0,1,89.9,1,33.0,87.31
101334,75.0,14.0,18.0,0,88.81,0,3.0,98.09
101335,41.0,120.0,53.0,1,100.15,0,0.0,111.9
101336,103.0,77.0,31.0,1,154.87,1,55.0,158.41
101337,37.0,12.0,18.0,0,106.37,1,31.0,98.78
101338,55.0,25.0,40.0,1,64.77,1,34.0,94.51
101339,67.0,20.0,52.0,0,84.9,1,31.0,93.05
101340,86.0,11.0,45.0,0,43.15,1,20.0,63.45
101341,71.0,4.0,63.0,0,46.7,0,0.0,84.45
101342,70.0,32.0,39.0,0,58.8,1,28.0,80.55
101343,44.0,0.0,48.0,1,189.8,1,48.0,152.52
101344,36.0,65.0,28.0,0,45.82,0,7.0,100.41
101345,62.0,4.0,43.0,1,95.95,1,32.0,105.32
101346,45.0,27.0,60.0,0,117.44,0,0.0,105.72
101347,36.0,1.0,47.0,0,112.78,1,34.0,111.9
101348,36.0,38.0,43.0,1,31.63,1,22.0,72.95
101349,50.0,59.0,18.0,1,83.84,1,39.0,111.45
101350,29.0,8.0,36.0,0,100.12,1,41.0,117.53
101351,35.0,42.0,24.0,1,40.13,0,0.0,74.49
101352,31.0,10.0,51.0,0,13.51,0,0.0,28.04
101353,65.0,8.0,31.0,0,19.23,0,0.0,47.2
101354,71.0,51.0,45.0,1,55.08,1,22.0,76.02
101355,135.0,4.0,28.0,1,34.88,1,33.0,95.17
101356,33.0,57.0,65.0,1,44.14,1,25.0,77.44
101357,46.0,12.0,26.0,1,69.27,0,0.0,88.9
101358,87.0,42.0,42.0,1,133.99,1,38.0,119.07
101359,55.0,20.0,74.0,1,56.32,1,30.0,89.97
101360,53.0,4.0,43.0,0,42.57,1,31.0,98.77
101361,120.0,7.0,29.0,1,82.2,1,34.0,107.59
101362,53.0,5.0,48.0,0,133.15,1,43.0,129.26
101363,38.0,27.0,53.0,0,48.87,0,2.0,69.12
101364,36.0,53.0,52.0,1,71.06,0,0.0,74.05
101365,69.0,5.0,18.0,1,110.9,1,38.0,111.65
101366,68.0,1.0,43.0,1,24.34,0,0.0,25.46
101367,35.0,8.0,18.0,1,39.31,0,0.0,73.19
101368,41.0,1.0,65.0,1,53.33,1,29.0,78.63
101369,75.0,25.0,42.0,1,70.64,1,40.0,103.23
101370,76.0,5.0,35.0,1,174.29,1,47.0,143.88
101371,47.0,38.0,49.0,1,113.87,1,40.0,122.35
101372,77.0,9.0,47.0,1,166.69,1,53.0,145.69
101373,76.0,29.0,25.0,0,131.59,1,38.0,103.48
101374,30.0,19.0,61.0,0,50.4,0,1.0,50.86
101375,53.0,42.0,38.0,1,22.27,0,0.0,73.74
101376,71.0,92.0,18.0,0,103.21,1,30.0,112.76
101377,48.0,44.0,59.0,1,14.2,1,18.0,43.93
101378,26.0,27.0,60.0,1,52.22,0,0.0,64.73
101379,54.0,9.0,57.0,1,79.29,0,1.0,101.44
101380,82.0,46.0,48.0,0,160.71,1,44.0,151.33
101381,114.0,12.0,29.0,0,18.87,0,0.0,57.34
101382,25.0,25.0,53.0,0,84.36,0,3.0,79.03
101383,172.0,12.0,65.0,0,162.67,1,53.0,164.38
101384,38.0,95.0,51.0,0,51.39,0,9.0,79.42
101385,88.0,17.0,61.0,1,17.67,0,3.0,58.42
101386,99.0,37.0,31.0,1,68.7,1,39.0,102.62
101387,89.0,1.0,54.0,1,100.98,1,38.0,113.3
101388,64.0,3.0,53.0,1,74.69,0,0.0,82.77
101389,38.0,66.0,21.0,1,62.69,0,0.0,0.0
101390,78.0,13.0,20.0,0,119.75,1,36.0,113.11
101391,45.0,3.0,31.0,0,101.85,1,35.0,101.48
101392,22.0,0.0,42.0,1,45.68,1,29.0,67.54
101393,187.0,5.0,46.0,0,57.3,1,36.0,109.93
101394,80.0,2.0,38.0,1,19.58,0,0.0,56.35
101395,125.0,1.0,40.0,0,152.02,1,50.0,159.68
101396,42.0,14.0,39.0,1,35.61,1,12.0,51.04
101397,109.0,14.0,42.0,0,161.91,1,46.0,140.28
101398,114.0,1.0,48.0,1,90.51,0,0.0,111.05
101399,112.0,9.0,47.0,0,70.79,1,24.0,95.53
101400,60.0,2.0,40.0,1,42.83,0,2.0,52.27
101401,37.0,10.0,44.0,0,113.57,1,37.0,109.21
101402,56.0,38.0,35.0,0,72.52,1,29.0,97.64
101403,25.0,34.0,51.0,1,30.92,1,20.0,58.68
101404,31.0,7.0,34.0,1,60.89,1,31.0,91.12
101405,63.0,23.0,62.0,1,48.87,1,29.0,84.52
101406,41.0,26.0,40.0,1,33.42,0,0.0,59.91
101407,56.0,5.0,44.0,0,52.76,0,0.0,67.99
101408,58.0,2.0,31.0,1,34.96,0,0.0,54.65
101409,131.0,120.0,36.0,1,33.68,0,0.0,114.58
101410,101.0,28.0,43.0,1,23.64,1,22.0,73.0
101411,59.0,105.0,41.0,1,53.06,0,0.0,83.49
101412,98.0,7.0,33.0,1,51.1,1,35.0,101.7
101413,44.0,65.0,26.0,1,30.72,0,0.0,59.57
101414,53.0,61.0,41.0,0,96.29,1,33.0,107.7
101415,87.0,6.0,43.0,0,125.07,1,39.0,121.51
101416,37.0,20.0,48.0,1,91.64,1,26.0,82.44
101417,54.0,45.0,57.0,0,15.41,1,19.0,60.63
101418,36.0,33.0,37.0,1,57.61,0,4.0,75.1
101419,63.0,29.0,18.0,1,74.5,1,34.0,103.51
101420,116.0,8.0,39.0,1,85.32,1,39.0,114.7
101421,45.0,20.0,18.0,0,141.14,1,34.0,121.51
101422,66.0,9.0,24.0,1,85.08,1,31.0,104.52
101423,42.0,7.0,54.0,0,69.38,0,0.0,84.46
101424,38.0,1.0,48.0,0,104.21,1,31.0,104.6
101425,37.0,4.0,32.0,1,82.78,1,39.0,122.73
101426,108.0,2.0,32.0,1,98.79,0,0.0,112.28
101427,155.0,3.0,40.0,1,137.69,1,53.0,164.29
101428,73.0,29.0,18.0,0,45.5,0,5.0,59.28
101429,45.0,13.0,47.0,1,30.29,0,0.0,38.7
101430,80.0,22.0,36.0,0,54.36,0,1.0,82.63
101431,53.0,4.0,64.0,1,198.94,1,45.0,137.24
101432,83.0,114.0,27.0,1,79.65,0,4.0,95.45
101433,68.0,2.0,54.0,0,74.71,0,0.0,87.96
101434,67.0,61.0,32.0,1,70.23,0,1.0,91.3
101435,77.0,19.0,54.0,0,60.8,1,24.0,73.79
101436,48.0,9.0,28.0,1,57.44,1,35.0,103.54
101437,51.0,25.0,50.0,1,42.47,0,4.0,80.81
101438,30.0,9.0,35.0,0,109.99,1,37.0,122.54
101439,51.0,10.0,30.0,1,67.0,1,27.0,85.9
101440,34.0,18.0,39.0,1,155.0,1,40.0,123.66
101441,57.0,9.0,47.0,1,44.23,0,2.0,76.49
101442,41.0,7.0,46.0,0,38.2,0,0.0,54.71
101443,63.0,8.0,61.0,0,84.87,1,40.0,97.43
101444,72.0,12.0,51.0,1,53.33,0,0.0,66.14
101445,34.0,4.0,18.0,0,59.03,0,0.0,74.28
101446,44.0,8.0,36.0,0,79.49,0,0.0,84.87
101447,41.0,43.0,18.0,1,93.86,1,27.0,78.09
101448,81.0,9.0,36.0,1,19.16,0,0.0,72.85
101449,119.0,13.0,49.0,1,4.17,1,28.0,73.72
101450,85.0,14.0,23.0,1,35.71,0,0.0,77.95
101451,52.0,19.0,25.0,1,51.27,0,0.0,77.35
101452,108.0,18.0,43.0,1,85.51,1,31.0,99.93
101453,33.0,5.0,37.0,1,85.6,1,36.0,108.73
101454,110.0,14.0,61.0,1,35.07,1,32.0,85.47
101455,46.0,29.0,45.0,1,71.86,0,1.0,61.85
101456,20.0,49.0,48.0,1,78.63,0,4.0,94.41
101457,174.0,3.0,63.0,1,34.45,0,0.0,81.83
101458,113.0,1.0,34.0,0,119.84,1,46.0,129.68
101459,40.0,26.0,41.0,0,17.16,0,0.0,38.49
101460,65.0,11.0,28.0,0,49.55,0,0.0,22.86
101461,55.0,3.0,44.0,0,59.67,1,27.0,88.03
101462,63.0,120.0,54.0,0,93.68,1,42.0,134.87
101463,33.0,8.0,58.0,1,89.5,0,0.0,90.42
101464,46.0,21.0,40.0,0,177.79,1,53.0,164.44
101465,73.0,50.0,32.0,1,32.4,0,0.0,83.76
101466,66.0,66.0,31.0,1,63.25,1,26.0,90.68
101467,97.0,2.0,23.0,1,29.21,1,33.0,96.63
101468,62.0,6.0,42.0,0,90.38,0,0.0,95.13
101469,154.0,8.0,58.0,1,78.83,1,48.0,139.72
101470,45.0,5.0,18.0,0,78.48,0,1.0,103.48
101471,67.0,59.0,18.0,0,71.29,0,2.0,96.25
101472,28.0,20.0,59.0,0,152.14,1,39.0,123.33
101473,37.0,6.0,20.0,1,206.2,1,46.0,151.4
101474,103.0,9.0,45.0,1,31.82,0,3.0,67.95
101475,41.0,24.0,24.0,0,38.49,0,0.0,47.1
101476,75.0,33.0,51.0,1,67.24,0,0.0,80.64
101477,59.0,0.0,51.0,0,82.42,1,35.0,104.82
101478,40.0,60.0,43.0,0,72.77,0,0.0,72.2
101479,52.0,5.0,52.0,1,77.78,0,0.0,82.18
101480,49.0,9.0,41.0,1,77.11,0,2.0,79.15
101481,50.0,5.0,48.0,0,148.75,1,39.0,137.06
101482,82.0,28.0,64.0,0,57.72,1,29.0,85.38
101483,78.0,26.0,55.0,1,195.84,1,40.0,125.38
101484,48.0,16.0,32.0,0,146.11,1,35.0,107.69
101485,42.0,10.0,30.0,1,72.36,1,29.0,88.23
101486,68.0,47.0,38.0,1,108.16,0,0.0,131.03
101487,58.0,120.0,38.0,1,82.91,1,31.0,102.95
101488,91.0,19.0,42.0,0,34.31,0,1.0,43.33
101489,175.0,12.0,33.0,1,30.5,0,0.0,93.49
101490,85.0,14.0,49.0,1,56.42,1,36.0,102.54
101491,60.0,9.0,41.0,1,91.49,1,32.0,106.16
101492,56.0,12.0,46.0,0,55.17,0,3.0,22.12
101493,43.0,5.0,41.0,0,170.11,1,50.0,140.86
101494,42.0,17.0,49.0,1,133.07,1,36.0,126.05
101495,40.0,43.0,25.0,0,30.12,0,4.0,19.89
101496,52.0,40.0,61.0,1,29.33,0,1.0,58.19
101497,51.0,6.0,45.0,1,84.69,1,22.0,67.38
101498,81.0,39.0,47.0,0,91.33,1,33.0,104.27
101499,51.0,0.0,49.0,1,55.21,0,3.0,74.72
101500,56.0,22.0,55.0,1,35.49,0,0.0,60.1
101501,37.0,1.0,50.0,1,66.44,0,3.0,82.47
101502,116.0,2.0,44.0,1,56.87,0,1.0,73.29
101503,74.0,10.0,39.0,1,32.21,1,24.0,62.78
101504,123.0,38.0,20.0,1,23.73,0,0.0,70.75
101505,83.0,15.0,44.0,1,36.51,0,0.0,87.08
101506,109.0,7.0,37.0,1,322.21,1,49.0,152.4
101507,55.0,24.0,37.0,0,17.48,0,0.0,47.78
101508,80.0,6.0,72.0,1,24.72,0,1.0,105.68
101509,178.0,6.0,18.0,1,51.03,1,38.0,121.3
101510,37.0,7.0,42.0,0,67.82,0,0.0,66.45
101511,97.0,14.0,57.0,1,59.73,0,0.0,70.56
101512,119.0,48.0,53.0,1,108.14,1,41.0,121.34
101513,71.0,10.0,57.0,0,55.78,0,0.0,84.89
101514,82.0,11.0,25.0,1,97.46,1,32.0,113.9
101515,101.0,0.0,28.0,0,186.49,1,51.0,158.03
101516,46.0,41.0,49.0,1,154.52,1,39.0,134.91
101517,71.0,2.0,37.0,0,15.78,1,15.0,39.03
101518,42.0,18.0,63.0,1,80.33,0,0.0,68.2
101519,46.0,44.0,44.0,0,33.63,0,0.0,40.71
101520,47.0,6.0,44.0,0,44.45,0,2.0,83.44
101521,57.0,42.0,47.0,0,52.27,0,0.0,118.55
101522,64.0,19.0,37.0,1,72.49,0,1.0,101.61
101523,73.0,0.0,43.0,1,18.82,1,19.0,65.94
101524,34.0,5.0,32.0,1,77.04,0,3.0,79.45
101525,136.0,34.0,41.0,1,33.71,0,0.0,85.07
101526,97.0,3.0,35.0,1,32.38,1,27.0,84.35
101527,81.0,3.0,44.0,0,97.54,0,0.0,90.26
101528,52.0,7.0,23.0,1,135.92,1,46.0,136.26
101529,58.0,113.0,22.0,1,32.48,0,10.0,87.15
101530,76.0,11.0,47.0,0,21.48,0,0.0,52.04
101531,71.0,11.0,44.0,0,127.06,1,45.0,146.85
101532,30.0,31.0,29.0,1,30.53,0,0.0,56.91
101533,82.0,20.0,38.0,1,160.0,1,40.0,136.09
101534,199.0,23.0,27.0,0,73.89,1,37.0,131.07
101535,28.0,5.0,68.0,0,55.72,0,3.0,58.05
101536,91.0,32.0,21.0,0,50.47,0,0.0,69.62
101537,70.0,52.0,63.0,1,17.65,0,4.0,40.34
101538,58.0,16.0,30.0,1,71.81,0,0.0,89.33
101539,106.0,20.0,47.0,1,84.96,1,35.0,117.23
101540,37.0,29.0,38.0,0,4.53,0,0.0,27.84
101541,65.0,17.0,36.0,1,67.8,0,0.0,64.5
101542,110.0,0.0,53.0,1,47.01,1,33.0,105.3
101543,56.0,4.0,52.0,1,56.83,0,0.0,50.81
101544,51.0,58.0,37.0,1,61.5,0,0.0,99.63
101545,63.0,33.0,29.0,1,85.41,1,38.0,118.86
101546,50.0,50.0,68.0,1,56.25,0,0.0,88.32
101547,114.0,50.0,59.0,1,90.29,1,45.0,131.37
101548,42.0,24.0,43.0,1,30.59,1,24.0,63.12
101549,86.0,55.0,37.0,1,69.14,1,27.0,98.45
101550,36.0,8.0,45.0,1,24.21,0,0.0,49.25
101551,79.0,18.0,42.0,0,32.87,0,1.0,60.42
101552,58.0,18.0,57.0,1,42.8,0,0.0,66.25
101553,21.0,27.0,29.0,1,112.88,1,26.0,86.94
101554,60.0,33.0,41.0,1,27.25,0,0.0,87.5
101555,39.0,3.0,31.0,1,27.83,1,23.0,70.77
101556,50.0,27.0,58.0,0,57.19,0,0.0,46.09
101557,114.0,72.0,65.0,0,59.89,1,33.0,102.97
101558,38.0,44.0,40.0,0,34.02,0,0.0,63.95
101559,39.0,14.0,48.0,0,58.8,0,2.0,66.17
101560,109.0,50.0,59.0,1,92.93,0,0.0,128.85
101561,63.0,11.0,37.0,0,131.64,1,39.0,137.62
101562,114.0,21.0,29.0,1,47.37,1,39.0,126.01
101563,69.0,9.0,55.0,1,163.35,1,48.0,149.69
101564,42.0,67.0,48.0,0,7.79,0,0.0,30.85
101565,59.0,15.0,38.0,0,85.13,0,0.0,88.45
101566,100.0,20.0,60.0,1,95.85,1,32.0,95.09
101567,89.0,15.0,44.0,1,113.96,1,40.0,133.32
101568,60.0,20.0,18.0,0,46.58,0,0.0,77.96
101569,62.0,47.0,46.0,1,120.25,1,41.0,123.48
101570,58.0,33.0,40.0,1,40.41,0,6.0,68.85
101571,48.0,37.0,66.0,0,148.07,1,50.0,142.66
101572,134.0,56.0,41.0,0,106.69,0,0.0,132.75
101573,61.0,34.0,39.0,0,62.5,0,0.0,69.54
101574,38.0,43.0,47.0,0,52.56,1,20.0,72.36
101575,50.0,15.0,44.0,0,62.88,1,26.0,79.51
101576,81.0,5.0,23.0,1,90.35,0,0.0,97.02
101577,79.0,6.0,43.0,1,171.41,1,52.0,172.07
101578,57.0,59.0,37.0,1,165.96,1,42.0,125.24
101579,46.0,8.0,59.0,1,33.85,0,0.0,48.58
101580,61.0,22.0,72.0,1,106.84,1,44.0,119.57
101581,30.0,5.0,27.0,1,25.28,0,0.0,16.09
101582,35.0,50.0,29.0,0,53.63,0,0.0,55.54
101583,84.0,68.0,30.0,1,67.03,1,24.0,79.02
101584,50.0,41.0,33.0,1,44.97,0,4.0,96.66
101585,70.0,2.0,32.0,1,69.93,0,1.0,111.76
101586,100.0,16.0,42.0,0,20.72,0,3.0,60.49
101587,79.0,14.0,55.0,0,91.08,0,0.0,105.53
101588,61.0,21.0,24.0,1,78.88,0,0.0,51.99
101589,145.0,7.0,21.0,0,23.46,0,2.0,67.04
101590,79.0,12.0,18.0,1,52.38,0,0.0,90.79
101591,52.0,32.0,56.0,1,57.59,0,1.0,68.74
101592,82.0,87.0,58.0,1,15.3,0,2.0,57.88
101593,71.0,31.0,21.0,0,22.31,0,0.0,62.48
101594,42.0,53.0,20.0,1,146.56,1,37.0,112.38
101595,62.0,13.0,43.0,0,72.03,1,5.0,17.19
101596,56.0,21.0,55.0,0,41.28,0,0.0,60.18
101597,27.0,63.0,54.0,0,14.02,0,0.0,24.4
101598,56.0,0.0,44.0,0,106.85,0,3.0,99.18
101599,54.0,6.0,50.0,1,40.3,1,22.0,74.04
101600,50.0,0.0,45.0,1,109.89,1,33.0,107.07
101601,31.0,2.0,34.0,1,128.67,1,32.0,96.38
101602,52.0,2.0,66.0,1,64.53,1,29.0,96.9
101603,59.0,7.0,41.0,1,91.86,0,2.0,91.22
101604,63.0,11.0,27.0,1,173.1,1,48.0,161.48
101605,38.0,17.0,35.0,1,159.09,1,38.0,122.69
101606,78.0,18.0,21.0,1,89.76,0,0.0,112.96
101607,37.0,27.0,41.0,0,68.05,0,1.0,70.75
101608,55.0,70.0,55.0,1,39.27,0,1.0,66.46
101609,103.0,16.0,25.0,1,53.54,1,32.0,84.94
101610,45.0,40.0,56.0,0,38.26,0,0.0,67.68
101611,49.0,0.0,68.0,1,11.08,0,3.0,39.25
101612,94.0,75.0,46.0,0,118.47,1,52.0,141.54
101613,52.0,24.0,26.0,0,16.79,0,2.0,41.53
101614,53.0,52.0,30.0,1,48.25,0,1.0,88.47
101615,66.0,5.0,37.0,1,47.76,1,36.0,115.94
101616,93.0,90.0,25.0,1,74.89,1,38.0,116.46
101617,24.0,9.0,25.0,1,78.51,0,2.0,72.86
101618,43.0,3.0,38.0,1,76.34,0,2.0,71.12
101619,40.0,16.0,39.0,1,120.81,0,0.0,75.81
101620,39.0,18.0,49.0,0,111.88,0,3.0,100.24
101621,42.0,6.0,26.0,1,105.08,0,0.0,100.71
101622,43.0,37.0,66.0,1,188.06,1,42.0,146.67
101623,68.0,9.0,55.0,1,89.18,0,0.0,107.85
101624,42.0,12.0,53.0,1,301.65,1,50.0,153.74
101625,63.0,2.0,33.0,0,48.76,0,0.0,82.24
101626,71.0,6.0,64.0,1,76.51,0,2.0,67.82
101627,45.0,70.0,37.0,1,74.95,0,0.0,77.44
101628,64.0,17.0,65.0,1,32.07,0,4.0,75.97
101629,118.0,19.0,55.0,0,76.05,1,39.0,128.41
101630,69.0,33.0,30.0,0,89.87,0,0.0,105.11
101631,46.0,10.0,35.0,0,174.44,1,39.0,133.43
101632,59.0,0.0,66.0,1,22.58,0,3.0,31.7
101633,41.0,4.0,54.0,0,77.79,0,5.0,91.9
101634,67.0,4.0,39.0,1,37.54,0,1.0,63.0
101635,86.0,18.0,44.0,0,75.97,0,0.0,90.38
101636,43.0,7.0,44.0,1,63.37,0,4.0,50.37
101637,55.0,15.0,31.0,1,44.27,0,4.0,18.09
101638,95.0,1.0,39.0,1,31.52,0,0.0,71.26
101639,49.0,6.0,33.0,1,48.91,0,0.0,57.49
101640,65.0,2.0,36.0,1,46.31,1,32.0,93.84
101641,40.0,25.0,47.0,0,72.48,0,0.0,83.97
101642,43.0,24.0,29.0,0,48.9,0,6.0,48.64
101643,49.0,40.0,51.0,1,129.28,1,41.0,135.57
101644,144.0,2.0,43.0,1,65.78,1,51.0,152.86
101645,51.0,34.0,51.0,1,27.38,0,0.0,53.64
101646,49.0,36.0,53.0,1,33.64,0,1.0,69.6
101647,48.0,87.0,57.0,0,116.53,0,1.0,107.15
101648,56.0,5.0,49.0,1,117.99,1,41.0,121.17
101649,78.0,16.0,50.0,1,40.72,0,0.0,67.3
101650,65.0,5.0,39.0,0,141.19,1,41.0,116.45
101651,137.0,30.0,49.0,1,24.17,0,2.0,140.73
101652,66.0,18.0,30.0,0,23.9,1,31.0,78.9
101653,108.0,10.0,38.0,1,62.59,0,0.0,81.19
101654,67.0,41.0,51.0,1,28.23,0,0.0,22.63
101655,77.0,3.0,41.0,1,13.09,0,1.0,57.02
101656,34.0,4.0,47.0,1,76.87,0,0.0,69.18
101657,57.0,9.0,27.0,1,95.73,1,27.0,102.19
101658,59.0,32.0,59.0,1,90.7,1,28.0,101.65
101659,55.0,7.0,34.0,1,91.86,1,28.0,106.36
101660,26.0,8.0,46.0,1,107.2,0,0.0,96.92
101661,86.0,6.0,41.0,1,79.18,0,1.0,88.44
101662,52.0,3.0,53.0,1,14.49,0,0.0,56.96
101663,51.0,24.0,36.0,0,16.81,0,0.0,61.5
101664,54.0,1.0,28.0,0,81.02,0,3.0,65.05
101665,55.0,4.0,18.0,1,51.03,1,27.0,89.15
101666,71.0,9.0,37.0,1,61.4,0,0.0,88.53
101667,36.0,26.0,26.0,0,61.74,1,27.0,70.95
101668,42.0,14.0,48.0,0,44.52,0,0.0,10.02
101669,68.0,7.0,60.0,1,164.89,1,44.0,137.23
101670,64.0,11.0,18.0,1,33.19,0,3.0,84.57
101671,52.0,75.0,24.0,1,318.25,1,40.0,126.77
101672,48.0,30.0,45.0,0,62.9,0,2.0,77.88
101673,43.0,62.0,57.0,1,59.26,0,4.0,86.94
101674,59.0,3.0,45.0,0,30.87,0,0.0,40.08
101675,97.0,13.0,45.0,0,15.2,0,2.0,40.19
101676,40.0,12.0,48.0,0,106.76,1,28.0,86.03
101677,111.0,19.0,49.0,1,132.42,1,37.0,114.22
101678,85.0,23.0,63.0,0,37.11,0,3.0,66.69
101679,50.0,41.0,49.0,1,23.9,0,6.0,39.24
101680,83.0,27.0,25.0,1,56.89,0,0.0,75.07
101681,34.0,64.0,35.0,0,60.34,1,29.0,78.33
101682,30.0,3.0,44.0,0,88.1,0,0.0,75.32
101683,36.0,46.0,31.0,1,120.84,0,2.0,103.05
101684,51.0,61.0,38.0,0,48.89,0,4.0,58.73
101685,53.0,6.0,34.0,1,22.33,0,0.0,44.97
101686,49.0,5.0,32.0,0,63.0,0,0.0,60.2
101687,63.0,21.0,50.0,1,74.02,1,32.0,98.31
101688,26.0,1.0,36.0,1,139.62,1,36.0,122.4
101689,74.0,44.0,27.0,0,39.85,0,4.0,69.26
101690,34.0,5.0,32.0,1,69.44,0,5.0,87.35
101691,46.0,20.0,42.0,1,109.21,1,40.0,118.58
101692,51.0,8.0,69.0,1,88.55,0,2.0,89.71
101693,38.0,44.0,45.0,1,27.15,0,0.0,52.16
101694,35.0,52.0,61.0,1,40.95,0,0.0,50.75
101695,40.0,23.0,48.0,0,69.62,0,1.0,78.67
101696,60.0,8.0,18.0,1,38.66,0,0.0,60.37
101697,76.0,16.0,46.0,1,25.87,0,3.0,75.27
101698,76.0,26.0,30.0,1,4.9,1,16.0,58.49
101699,41.0,93.0,24.0,1,118.31,1,37.0,112.79
101700,44.0,23.0,27.0,1,122.15,0,0.0,103.32
101701,42.0,43.0,65.0,1,26.21,0,1.0,67.63
101702,72.0,26.0,21.0,1,91.72,1,33.0,125.37
101703,27.0,51.0,33.0,0,20.14,0,1.0,34.78
101704,99.0,0.0,56.0,1,129.66,0,0.0,99.74
101705,50.0,13.0,50.0,1,281.28,1,33.0,117.21
101706,44.0,34.0,19.0,1,94.18,0,0.0,88.51
101707,69.0,3.0,40.0,1,54.76,0,0.0,54.95
101708,91.0,3.0,34.0,0,33.46,0,2.0,65.43
101709,69.0,61.0,39.0,0,25.27,0,0.0,22.53
101710,92.0,51.0,51.0,1,67.08,0,2.0,81.75
101711,64.0,10.0,34.0,1,22.37,0,5.0,52.64
101712,99.0,7.0,37.0,1,57.18,1,32.0,103.16
101713,99.0,35.0,60.0,0,172.98,1,43.0,139.34
101714,58.0,20.0,18.0,1,85.91,1,27.0,85.19
101715,107.0,14.0,36.0,1,107.98,1,35.0,105.81
101716,64.0,58.0,47.0,1,28.31,1,22.0,64.12
101717,62.0,16.0,25.0,0,79.07,0,0.0,90.03
101718,42.0,66.0,33.0,0,67.9,0,1.0,73.89
101719,54.0,96.0,24.0,1,39.83,0,0.0,64.92
101720,82.0,23.0,43.0,0,68.68,0,0.0,89.1
101721,36.0,7.0,33.0,1,12.88,0,1.0,44.57
101722,78.0,33.0,51.0,0,113.44,0,1.0,115.6
101723,69.0,1.0,55.0,0,42.53,0,0.0,64.69
101724,67.0,1.0,42.0,1,97.3,0,4.0,92.64
101725,25.0,6.0,36.0,0,64.05,0,0.0,75.39
101726,58.0,51.0,45.0,0,72.84,0,0.0,78.37
101727,78.0,71.0,42.0,1,99.89,1,46.0,125.48
101728,44.0,10.0,25.0,1,235.08,1,43.0,158.65
101729,63.0,7.0,55.0,1,40.53,1,18.0,75.83
101730,23.0,38.0,44.0,1,56.36,1,29.0,85.8
101731,79.0,17.0,52.0,1,34.42,1,25.0,80.38
101732,46.0,26.0,23.0,1,116.89,1,23.0,72.49
101733,86.0,23.0,53.0,0,92.03,0,0.0,116.93
101734,29.0,20.0,69.0,0,104.3,0,0.0,94.61
101735,80.0,15.0,49.0,0,210.18,1,41.0,144.32
101736,55.0,2.0,22.0,0,197.46,1,40.0,133.88
101737,83.0,3.0,42.0,1,143.5,1,41.0,136.45
101738,42.0,15.0,40.0,0,168.68,1,44.0,131.62
101739,47.0,13.0,44.0,0,28.04,0,0.0,55.37
101740,148.0,26.0,38.0,0,40.39,1,31.0,87.88
101741,43.0,27.0,48.0,0,82.38,0,0.0,95.73
101742,45.0,15.0,35.0,0,123.27,1,32.0,119.92
101743,54.0,23.0,44.0,0,29.68,0,1.0,38.14
101744,40.0,6.0,32.0,1,228.98,1,40.0,146.01
101745,97.0,5.0,42.0,1,42.75,0,2.0,44.08
101746,120.0,4.0,54.0,1,75.23,0,3.0,93.56
101747,46.0,10.0,35.0,0,61.56,0,0.0,60.65
101748,30.0,16.0,50.0,1,113.85,1,40.0,113.87
101749,96.0,19.0,30.0,1,14.87,1,24.0,67.31
101750,94.0,10.0,36.0,0,72.93,0,0.0,62.63
101751,84.0,41.0,38.0,1,34.27,0,0.0,57.87
101752,96.0,47.0,57.0,0,53.0,1,26.0,81.37
101753,43.0,31.0,31.0,0,74.64,0,4.0,83.98
101754,56.0,22.0,57.0,1,79.21,0,0.0,88.21
101755,35.0,27.0,22.0,1,68.42,0,3.0,70.39
101756,34.0,8.0,39.0,0,24.36,0,3.0,39.26
101757,89.0,26.0,53.0,1,44.86,0,0.0,71.17
101758,46.0,8.0,50.0,1,159.38,1,42.0,129.85
101759,150.0,4.0,28.0,1,46.63,1,34.0,107.9
101760,62.0,10.0,25.0,0,67.93,0,5.0,84.59
101761,47.0,3.0,53.0,1,45.51,1,20.0,64.39
101762,83.0,85.0,25.0,0,96.09,0,0.0,110.02
101763,124.0,120.0,49.0,1,17.99,0,0.0,54.96
101764,73.0,21.0,34.0,0,46.91,0,0.0,64.27
101765,37.0,4.0,41.0,1,85.76,1,27.0,88.24
101766,70.0,3.0,72.0,0,103.43,0,0.0,87.62
101767,105.0,10.0,61.0,0,70.98,1,31.0,113.87
101768,50.0,72.0,52.0,1,56.39,0,3.0,79.49
101769,44.0,35.0,23.0,1,114.29,1,25.0,87.75
101770,91.0,35.0,45.0,1,148.99,1,44.0,122.3
101771,64.0,9.0,42.0,0,118.8,1,28.0,77.9
101772,39.0,30.0,40.0,0,44.37,0,0.0,71.03
101773,52.0,1.0,59.0,1,85.22,1,34.0,102.89
101774,45.0,54.0,19.0,1,19.35,0,0.0,55.84
101775,68.0,5.0,45.0,1,81.32,0,0.0,103.69
101776,63.0,12.0,43.0,0,61.01,0,4.0,81.1
101777,96.0,42.0,31.0,1,57.53,1,33.0,97.86
101778,80.0,20.0,64.0,0,125.69,0,0.0,111.71
101779,32.0,4.0,24.0,0,56.91,0,0.0,77.52
101780,71.0,0.0,41.0,1,86.94,0,4.0,93.75
101781,86.0,37.0,42.0,0,33.87,0,2.0,62.57
101782,72.0,1.0,18.0,1,163.96,1,45.0,146.92
101783,91.0,60.0,22.0,1,71.49,1,20.0,68.17
101784,48.0,26.0,28.0,1,112.4,0,2.0,100.92
101785,41.0,3.0,51.0,1,164.29,1,44.0,139.24
101786,88.0,27.0,53.0,1,55.76,0,1.0,83.75
101787,39.0,8.0,49.0,1,128.82,1,49.0,157.14
101788,25.0,5.0,44.0,0,99.7,1,31.0,100.37
101789,91.0,40.0,18.0,1,73.19,0,5.0,113.72
101790,45.0,3.0,44.0,0,154.7,1,43.0,128.53
101791,53.0,10.0,34.0,0,41.7,0,0.0,63.16
101792,34.0,18.0,56.0,0,203.32,1,39.0,117.06
101793,36.0,12.0,59.0,0,87.75,1,30.0,87.56
101794,38.0,4.0,70.0,1,113.0,1,27.0,102.89
101795,52.0,34.0,50.0,1,64.75,0,0.0,72.22
101796,70.0,1.0,52.0,1,101.3,1,35.0,105.78
101797,24.0,74.0,27.0,1,107.12,1,33.0,95.98
101798,82.0,21.0,42.0,1,159.86,1,44.0,141.45
101799,38.0,43.0,25.0,0,70.24,0,2.0,72.27
101800,39.0,12.0,53.0,0,24.09,0,0.0,54.26
101801,79.0,10.0,25.0,1,89.1,0,3.0,77.46
101802,59.0,9.0,38.0,0,53.28,0,5.0,66.95
101803,33.0,33.0,30.0,1,21.5,1,17.0,55.02
101804,126.0,10.0,35.0,1,175.7,1,54.0,174.35
101805,43.0,14.0,47.0,0,87.02,0,7.0,98.96
101806,67.0,10.0,34.0,1,111.52,1,28.0,92.31
101807,65.0,0.0,44.0,1,85.31,0,0.0,82.39
101808,106.0,11.0,28.0,1,81.13,1,40.0,116.29
101809,50.0,12.0,59.0,0,40.76,0,0.0,58.56
101810,90.0,21.0,33.0,0,124.64,1,36.0,137.09
101811,45.0,20.0,54.0,0,17.65,0,0.0,50.88
101812,95.0,19.0,69.0,0,206.92,1,55.0,153.28
101813,44.0,7.0,18.0,0,135.73,1,30.0,110.19
101814,52.0,1.0,28.0,1,22.3,1,15.0,50.9
101815,129.0,17.0,38.0,1,22.32,0,1.0,73.79
101816,68.0,8.0,56.0,0,28.44,0,0.0,53.96
101817,63.0,15.0,35.0,0,56.44,0,0.0,54.96
101818,148.0,7.0,46.0,0,98.85,1,44.0,142.45
101819,70.0,18.0,31.0,0,71.65,0,4.0,73.98
101820,44.0,60.0,48.0,0,63.56,0,0.0,82.37
101821,81.0,28.0,25.0,1,71.95,0,4.0,89.09
101822,38.0,21.0,52.0,1,84.7,1,31.0,102.86
101823,95.0,22.0,18.0,1,46.54,0,1.0,77.25
101824,98.0,17.0,18.0,1,63.73,1,28.0,80.76
101825,48.0,5.0,65.0,0,63.98,1,20.0,72.46
101826,47.0,29.0,43.0,1,122.64,1,39.0,119.81
101827,65.0,25.0,29.0,1,26.86,0,2.0,65.71
101828,61.0,1.0,70.0,1,30.44,0,5.0,63.57
101829,41.0,3.0,55.0,1,69.89,1,28.0,85.45
101830,76.0,1.0,56.0,1,61.3,1,36.0,98.95
101831,27.0,0.0,35.0,0,54.33,0,3.0,66.77
101832,51.0,36.0,49.0,0,80.26,1,30.0,97.1
101833,51.0,16.0,48.0,0,109.48,1,36.0,107.07
101834,54.0,108.0,19.0,1,166.04,1,48.0,154.5
101835,68.0,48.0,49.0,1,45.01,0,5.0,75.01
101836,37.0,18.0,38.0,0,73.23,0,0.0,73.16
101837,76.0,27.0,58.0,1,174.01,1,53.0,157.95
101838,56.0,15.0,58.0,1,85.13,1,27.0,85.32
101839,47.0,22.0,32.0,0,71.61,0,2.0,83.26
101840,35.0,34.0,33.0,0,91.66,0,2.0,93.32
101841,38.0,40.0,43.0,1,41.37,1,12.0,50.62
101842,70.0,47.0,50.0,1,63.23,0,0.0,83.25
101843,41.0,51.0,35.0,1,116.35,1,34.0,114.54
101844,62.0,23.0,39.0,1,77.92,1,33.0,85.56
101845,92.0,5.0,49.0,1,179.48,1,47.0,158.85
101846,91.0,23.0,47.0,0,38.83,0,2.0,64.01
101847,113.0,28.0,56.0,1,187.32,1,47.0,135.88
101848,54.0,38.0,44.0,0,39.24,0,1.0,53.78
101849,39.0,9.0,29.0,0,49.67,0,0.0,69.34
101850,91.0,36.0,18.0,1,7.15,1,19.0,64.91
101851,68.0,8.0,52.0,1,42.1,0,1.0,58.91
101852,95.0,18.0,36.0,0,45.55,0,0.0,75.75
101853,61.0,29.0,36.0,0,146.14,0,0.0,119.88
101854,97.0,12.0,37.0,0,35.45,1,21.0,58.8
101855,85.0,10.0,20.0,0,31.83,0,0.0,58.52
101856,80.0,21.0,36.0,1,65.96,1,35.0,104.56
101857,74.0,58.0,18.0,0,118.02,1,51.0,147.37
101858,71.0,64.0,36.0,1,23.59,0,0.0,40.69
101859,66.0,7.0,29.0,1,78.45,1,39.0,121.72
101860,66.0,10.0,65.0,0,208.11,1,41.0,144.52
101861,90.0,30.0,47.0,1,51.24,0,0.0,81.89
101862,49.0,36.0,38.0,0,39.44,0,1.0,53.16
101863,121.0,21.0,43.0,0,23.7,0,7.0,60.11
101864,58.0,14.0,51.0,0,70.19,0,0.0,75.35
101865,89.0,2.0,31.0,0,66.44,0,1.0,95.71
101866,58.0,39.0,38.0,0,56.31,0,0.0,88.79
101867,55.0,34.0,36.0,1,79.23,1,34.0,109.95
101868,136.0,22.0,74.0,1,70.47,1,42.0,133.45
101869,53.0,6.0,42.0,1,73.43,1,37.0,116.15
101870,36.0,61.0,18.0,1,71.19,0,0.0,88.94
101871,45.0,21.0,51.0,1,100.16,0,3.0,96.12
101872,53.0,3.0,75.0,0,24.98,0,0.0,44.62
101873,143.0,32.0,28.0,0,39.66,1,31.0,102.79
101874,66.0,14.0,85.0,1,85.02,0,6.0,116.26
101875,88.0,57.0,40.0,1,27.6,1,14.0,55.31
101876,40.0,38.0,54.0,0,73.0,0,3.0,79.63
101877,69.0,15.0,33.0,1,64.94,1,29.0,86.9
101878,79.0,27.0,37.0,1,56.12,0,0.0,86.96
101879,124.0,9.0,24.0,0,26.88,0,0.0,63.03
101880,46.0,32.0,27.0,0,36.25,0,0.0,49.26
101881,77.0,53.0,18.0,1,88.12,0,0.0,100.71
101882,68.0,3.0,56.0,0,112.03,1,41.0,121.63
101883,40.0,27.0,26.0,1,37.9,1,28.0,67.12
101884,60.0,45.0,46.0,1,47.12,0,0.0,77.93
101885,54.0,12.0,45.0,1,52.71,0,0.0,61.92
101886,24.0,5.0,32.0,0,18.08,0,0.0,45.38
101887,77.0,26.0,41.0,1,28.37,0,0.0,41.66
101888,75.0,5.0,40.0,1,81.14,0,2.0,99.75
101889,51.0,27.0,34.0,0,50.07,0,0.0,34.66
101890,35.0,5.0,41.0,1,26.16,0,0.0,56.43
101891,109.0,13.0,41.0,0,60.57,0,0.0,87.81
101892,67.0,23.0,27.0,1,27.23,0,0.0,47.64
101893,91.0,32.0,23.0,1,62.43,1,37.0,117.37
101894,106.0,74.0,29.0,0,112.26,0,0.0,112.68
101895,49.0,48.0,42.0,1,148.41,1,43.0,136.5
101896,84.0,14.0,59.0,0,151.66,1,52.0,154.99
101897,55.0,23.0,60.0,0,93.32,0,0.0,71.8
101898,59.0,11.0,45.0,0,14.73,0,3.0,86.13
101899,58.0,59.0,53.0,1,84.5,1,30.0,107.12
101900,60.0,4.0,42.0,0,72.74,0,3.0,77.07
101901,94.0,80.0,56.0,0,48.55,1,26.0,86.68
101902,63.0,18.0,43.0,0,101.09,0,1.0,87.99
101903,57.0,30.0,46.0,0,22.71,0,0.0,34.8
101904,54.0,37.0,37.0,0,129.7,1,40.0,117.57
101905,69.0,34.0,41.0,1,38.56,0,0.0,65.38
101906,42.0,8.0,66.0,0,89.88,0,2.0,79.6
101907,49.0,36.0,25.0,0,62.87,0,1.0,64.28
101908,59.0,8.0,41.0,0,39.29,0,0.0,62.82
101909,48.0,62.0,33.0,1,111.64,1,42.0,122.92
101910,58.0,9.0,54.0,1,42.08,0,4.0,49.46
101911,47.0,3.0,65.0,1,54.44,0,0.0,78.68
101912,135.0,7.0,37.0,1,40.8,1,28.0,91.93
101913,103.0,13.0,18.0,0,161.26,1,43.0,131.2
101914,72.0,29.0,49.0,0,30.98,0,1.0,41.7
101915,59.0,62.0,49.0,0,47.43,0,0.0,67.47
101916,145.0,56.0,18.0,0,37.05,0,0.0,70.98
101917,69.0,42.0,37.0,0,21.53,0,2.0,60.02
101918,58.0,32.0,40.0,0,130.46,1,30.0,101.17
101919,68.0,38.0,18.0,1,63.8,0,0.0,63.38
101920,68.0,37.0,50.0,1,86.22,0,0.0,78.43
101921,106.0,32.0,47.0,0,46.11,1,25.0,76.84
101922,60.0,6.0,44.0,0,77.9,0,0.0,66.39
101923,140.0,1.0,26.0,0,68.97,1,31.0,102.54
101924,42.0,59.0,31.0,1,119.45,1,33.0,102.52
101925,80.0,34.0,32.0,0,41.56,1,17.0,80.92
101926,40.0,32.0,47.0,1,121.49,1,34.0,113.2
101927,125.0,15.0,27.0,0,119.04,1,43.0,150.76
101928,53.0,16.0,60.0,1,204.75,1,49.0,148.47
101929,59.0,43.0,46.0,1,44.29,1,21.0,67.22
101930,87.0,18.0,18.0,1,10.98,0,1.0,46.35
101931,100.0,15.0,63.0,1,130.26,1,40.0,120.66
101932,39.0,3.0,43.0,1,54.52,0,0.0,71.13
101933,53.0,5.0,33.0,1,91.63,1,38.0,108.51
101934,35.0,11.0,42.0,1,53.14,0,0.0,70.35
101935,64.0,46.0,18.0,1,253.35,1,45.0,143.51
101936,58.0,14.0,43.0,0,16.65,0,0.0,10.88
101937,52.0,4.0,18.0,0,185.74,1,41.0,134.51
101938,46.0,3.0,27.0,1,45.39,0,1.0,96.98
101939,52.0,12.0,59.0,0,20.18,0,0.0,30.72
101940,45.0,24.0,58.0,0,34.27,0,3.0,56.97
101941,75.0,1.0,36.0,0,43.66,1,20.0,70.12
101942,111.0,77.0,28.0,1,167.61,1,45.0,150.6
101943,28.0,6.0,53.0,0,53.49,1,19.0,68.45
101944,58.0,7.0,40.0,1,166.77,1,42.0,146.79
101945,51.0,10.0,43.0,0,47.77,0,0.0,96.44
101946,73.0,6.0,49.0,1,156.95,1,40.0,138.45
101947,41.0,42.0,26.0,1,65.39,1,32.0,85.3
101948,57.0,10.0,51.0,0,33.34,0,1.0,38.67
101949,40.0,7.0,18.0,0,37.21,1,19.0,61.77
101950,80.0,79.0,60.0,0,16.37,0,4.0,38.75
101951,63.0,67.0,19.0,1,45.29,0,0.0,73.56
101952,57.0,11.0,32.0,1,19.32,1,26.0,87.87
101953,70.0,48.0,32.0,0,59.07,0,0.0,75.91
101954,55.0,30.0,50.0,1,92.8,0,3.0,96.08
101955,32.0,13.0,51.0,1,22.66,0,1.0,44.21
101956,77.0,8.0,45.0,1,85.27,1,34.0,110.19
101957,68.0,113.0,48.0,0,66.35,1,27.0,87.1
101958,57.0,5.0,47.0,1,46.19,1,27.0,90.37
101959,89.0,74.0,40.0,1,96.28,1,37.0,112.26
101960,98.0,74.0,18.0,1,42.57,0,2.0,79.79
101961,39.0,31.0,18.0,0,65.61,0,2.0,76.66
101962,44.0,21.0,18.0,1,53.15,1,23.0,62.61
101963,112.0,5.0,40.0,1,65.28,1,34.0,101.69
101964,106.0,5.0,37.0,1,17.14,0,0.0,54.53
101965,45.0,11.0,39.0,0,58.78,0,0.0,51.3
101966,38.0,42.0,44.0,0,115.55,1,27.0,92.58
101967,47.0,17.0,37.0,1,64.7,0,0.0,76.24
101968,49.0,3.0,27.0,1,80.52,0,6.0,88.68
101969,32.0,98.0,20.0,1,122.06,0,1.0,122.4
101970,61.0,1.0,18.0,1,8.93,0,3.0,41.94
101971,36.0,28.0,57.0,0,144.12,1,38.0,125.38
101972,37.0,17.0,53.0,0,72.47,0,3.0,87.25
101973,87.0,22.0,22.0,0,57.15,0,0.0,80.67
101974,46.0,48.0,37.0,1,34.09,0,3.0,61.76
101975,59.0,47.0,46.0,0,31.12,0,0.0,72.85
101976,78.0,7.0,62.0,1,50.86,0,4.0,76.93
101977,84.0,5.0,32.0,1,52.67,1,35.0,105.3
101978,53.0,17.0,43.0,1,58.56,1,25.0,83.55
101979,61.0,64.0,56.0,1,45.36,0,1.0,78.64
101980,43.0,0.0,18.0,1,81.71,1,30.0,104.0
101981,121.0,14.0,31.0,1,130.21,1,47.0,140.8
101982,78.0,9.0,40.0,1,55.15,1,31.0,87.25
101983,39.0,103.0,31.0,1,63.59,0,0.0,69.83
101984,60.0,6.0,69.0,1,142.25,1,43.0,141.54
101985,80.0,15.0,52.0,0,32.12,0,0.0,65.53
101986,73.0,15.0,43.0,0,65.56,1,23.0,72.58
101987,125.0,14.0,27.0,1,109.24,1,47.0,137.16
101988,104.0,2.0,52.0,0,83.29,0,0.0,98.76
101989,49.0,0.0,49.0,0,107.89,0,0.0,95.49
101990,58.0,23.0,33.0,0,46.51,0,0.0,51.07
101991,36.0,15.0,35.0,1,174.44,1,48.0,142.9
101992,67.0,60.0,21.0,0,59.5,0,4.0,78.46
101993,64.0,13.0,39.0,1,19.46,1,24.0,60.74
101994,178.0,43.0,52.0,1,35.74,1,30.0,107.62
101995,63.0,34.0,54.0,1,2.92,0,6.0,30.47
101996,26.0,16.0,48.0,1,110.69,1,12.0,61.9
101997,46.0,50.0,52.0,0,133.95,0,0.0,111.76
101998,63.0,7.0,32.0,1,57.79,1,29.0,91.11
101999,37.0,9.0,34.0,1,33.6,0,0.0,48.74
102000,43.0,35.0,57.0,1,79.76,1,32.0,76.23
102001,52.0,26.0,47.0,1,65.76,0,4.0,85.19
102002,69.0,3.0,30.0,1,63.6,0,4.0,86.3
102003,56.0,27.0,47.0,0,98.14,0,0.0,96.44
102004,42.0,71.0,52.0,0,49.19,0,7.0,76.56
102005,83.0,19.0,50.0,0,39.65,0,0.0,77.41
102006,49.0,8.0,42.0,0,126.49,1,37.0,110.16
102007,49.0,18.0,33.0,0,23.56,0,5.0,44.15
102008,35.0,21.0,46.0,0,81.15,0,2.0,55.3
102009,44.0,3.0,63.0,0,17.97,0,1.0,46.53
102010,78.0,26.0,42.0,0,60.82,0,2.0,110.12
102011,32.0,64.0,31.0,0,41.84,0,0.0,42.36
102012,59.0,1.0,45.0,1,70.61,0,2.0,125.78
102013,80.0,10.0,24.0,1,79.1,0,0.0,93.73
102014,52.0,15.0,43.0,1,53.0,1,27.0,72.88
102015,66.0,9.0,36.0,1,135.14,1,40.0,128.72
102016,39.0,19.0,53.0,1,52.89,0,3.0,71.7
102017,102.0,5.0,42.0,1,65.64,1,33.0,113.15
102018,94.0,47.0,55.0,0,139.75,1,38.0,110.53
102019,66.0,39.0,72.0,1,20.97,0,4.0,41.12
102020,30.0,27.0,37.0,0,48.13,0,0.0,21.03
102021,40.0,37.0,29.0,0,31.0,0,0.0,47.99
102022,89.0,36.0,47.0,0,129.88,1,32.0,112.63
102023,120.0,10.0,39.0,1,15.06,0,0.0,59.88
102024,68.0,16.0,42.0,1,71.4,1,22.0,86.84
102025,99.0,29.0,32.0,0,91.76,0,0.0,112.51
102026,47.0,27.0,48.0,1,241.1,1,40.0,134.01
102027,56.0,9.0,41.0,0,37.82,0,1.0,96.5
102028,60.0,17.0,18.0,0,100.48,1,37.0,118.49
102029,71.0,4.0,37.0,1,94.23,1,40.0,104.53
102030,33.0,95.0,45.0,0,76.68,0,2.0,90.93
102031,88.0,5.0,56.0,1,67.77,1,33.0,102.09
102032,102.0,3.0,32.0,1,102.27,1,42.0,128.32
102033,38.0,8.0,29.0,0,72.73,0,3.0,67.09
102034,35.0,4.0,56.0,1,53.91,1,28.0,84.0
102035,69.0,86.0,32.0,1,78.6,0,0.0,82.83
102036,46.0,36.0,42.0,1,81.49,0,3.0,85.24
102037,23.0,17.0,47.0,1,136.15,1,37.0,111.15
102038,83.0,2.0,50.0,1,51.28,1,25.0,96.85
102039,64.0,89.0,40.0,0,134.81,0,0.0,109.04
102040,50.0,71.0,25.0,0,142.04,0,1.0,115.73
102041,141.0,26.0,54.0,1,119.9,1,45.0,127.84
102042,64.0,34.0,34.0,1,55.55,0,3.0,85.44
102043,45.0,15.0,33.0,0,68.7,0,1.0,76.68
102044,63.0,63.0,67.0,1,98.06,1,36.0,110.17
102045,40.0,36.0,52.0,0,109.54,0,2.0,108.77
102046,44.0,23.0,26.0,0,13.22,0,0.0,34.92
102047,70.0,63.0,34.0,0,95.52,0,3.0,121.54
102048,48.0,5.0,37.0,1,93.38,0,0.0,104.06
102049,50.0,45.0,30.0,1,136.32,1,40.0,120.17
102050,118.0,39.0,18.0,0,35.11,0,0.0,61.45
102051,85.0,12.0,51.0,1,75.74,1,31.0,102.08
102052,83.0,17.0,51.0,1,219.13,1,44.0,140.94
102053,75.0,3.0,44.0,0,173.77,1,49.0,145.3
102054,73.0,21.0,35.0,1,52.14,1,13.0,61.39
102055,108.0,24.0,43.0,0,37.28,0,3.0,88.18
102056,60.0,19.0,49.0,1,131.63,1,38.0,129.36
102057,127.0,120.0,26.0,1,33.48,0,0.0,94.69
102058,41.0,3.0,36.0,0,36.4,0,5.0,54.82
102059,54.0,5.0,33.0,0,70.46,1,21.0,67.9
102060,35.0,16.0,50.0,1,41.23,0,0.0,98.19
102061,53.0,3.0,44.0,0,49.06,0,5.0,53.64
102062,74.0,14.0,23.0,1,157.33,1,45.0,144.32
102063,108.0,40.0,32.0,1,154.89,1,40.0,127.6
102064,46.0,34.0,64.0,1,75.2,0,2.0,29.78
102065,60.0,2.0,27.0,1,41.47,0,0.0,61.68
102066,52.0,15.0,42.0,0,70.84,1,26.0,90.35
102067,45.0,9.0,32.0,1,94.25,1,19.0,71.09
102068,37.0,61.0,57.0,1,106.53,1,34.0,106.72
102069,62.0,36.0,39.0,1,88.74,0,0.0,94.78
102070,30.0,14.0,34.0,1,123.25,1,34.0,106.82
102071,63.0,40.0,24.0,1,56.24,0,1.0,73.12
102072,61.0,18.0,37.0,1,63.55,0,0.0,96.3
102073,46.0,29.0,51.0,1,19.03,0,0.0,35.58
102074,40.0,1.0,49.0,1,113.85,1,34.0,103.81
102075,35.0,9.0,22.0,1,23.63,0,0.0,70.19
102076,128.0,42.0,61.0,1,47.28,1,34.0,91.53
102077,35.0,4.0,37.0,1,69.92,0,5.0,79.26
102078,113.0,9.0,26.0,1,179.07,1,41.0,130.17
102079,77.0,21.0,42.0,0,95.28,1,36.0,106.61
102080,52.0,2.0,32.0,0,29.37,0,2.0,48.16
102081,38.0,22.0,32.0,1,34.3,1,15.0,57.47
102082,92.0,22.0,32.0,1,61.63,0,0.0,55.51
102083,121.0,63.0,39.0,1,220.99,1,54.0,172.87
102084,42.0,5.0,33.0,1,49.15,1,24.0,80.12
102085,54.0,22.0,18.0,0,36.06,0,5.0,48.68
102086,92.0,77.0,47.0,1,128.56,0,1.0,150.62
102087,69.0,40.0,33.0,0,45.03,0,1.0,74.56
102088,134.0,10.0,56.0,1,20.74,0,0.0,68.56
102089,48.0,29.0,47.0,1,48.81,0,0.0,106.28
102090,75.0,10.0,48.0,1,77.17,1,33.0,109.64
102091,37.0,16.0,43.0,1,71.15,1,26.0,68.02
102092,140.0,2.0,58.0,1,31.71,1,30.0,107.35
102093,45.0,40.0,36.0,0,80.66,1,15.0,44.84
102094,25.0,27.0,27.0,0,59.22,0,1.0,71.13
102095,57.0,22.0,45.0,0,52.91,0,0.0,71.11
102096,57.0,4.0,18.0,0,76.63,0,0.0,82.34
102097,130.0,70.0,35.0,0,15.12,0,0.0,61.02
102098,53.0,13.0,43.0,1,80.1,0,0.0,69.93
102099,60.0,35.0,35.0,0,45.01,0,0.0,52.48
102100,77.0,38.0,57.0,1,84.87,0,0.0,104.99
102101,114.0,1.0,50.0,0,39.24,0,3.0,65.21
102102,59.0,6.0,42.0,1,132.74,1,42.0,147.74
102103,91.0,8.0,35.0,1,63.72,1,31.0,88.41
102104,74.0,39.0,55.0,0,124.24,1,27.0,104.48
102105,54.0,8.0,31.0,0,180.35,1,42.0,135.98
102106,62.0,8.0,35.0,1,60.14,1,31.0,109.1
102107,61.0,105.0,50.0,1,146.28,1,37.0,128.04
102108,42.0,20.0,48.0,0,44.99,0,2.0,62.66
102109,98.0,41.0,67.0,1,110.68,1,33.0,109.91
102110,35.0,52.0,37.0,1,74.76,1,26.0,80.2
102111,96.0,67.0,18.0,1,183.7,1,36.0,141.91
102112,88.0,3.0,49.0,0,27.44,1,17.0,67.14
102113,58.0,6.0,57.0,1,61.67,1,35.0,99.46
102114,44.0,14.0,38.0,1,97.09,1,35.0,103.36
102115,55.0,83.0,61.0,1,109.02,0,0.0,114.41
102116,73.0,8.0,64.0,0,74.86,0,0.0,84.94
102117,81.0,4.0,31.0,1,50.16,0,0.0,76.88
102118,68.0,19.0,34.0,0,77.7,0,0.0,96.64
102119,90.0,3.0,23.0,1,61.75,1,32.0,100.92
102120,48.0,32.0,47.0,1,51.96,1,23.0,70.43
102121,66.0,12.0,50.0,1,117.54,1,41.0,126.4
102122,32.0,17.0,48.0,0,134.76,1,39.0,108.11
102123,82.0,8.0,24.0,0,37.85,0,0.0,74.56
102124,64.0,40.0,30.0,1,24.0,0,0.0,59.74
102125,51.0,1.0,21.0,1,127.6,1,42.0,127.17
102126,96.0,24.0,18.0,1,82.73,1,36.0,96.81
102127,80.0,50.0,22.0,1,94.79,0,6.0,99.02
102128,20.0,6.0,19.0,1,83.18,0,0.0,82.14
102129,61.0,15.0,38.0,1,107.94,1,40.0,121.17
102130,34.0,32.0,46.0,0,102.43,1,30.0,67.88
102131,92.0,6.0,48.0,1,53.23,1,26.0,97.41
102132,163.0,8.0,40.0,1,92.06,1,46.0,144.14
102133,49.0,112.0,31.0,1,12.67,0,1.0,51.38
102134,62.0,1.0,40.0,1,17.02,0,0.0,51.43
102135,55.0,11.0,48.0,0,39.53,0,1.0,68.48
102136,69.0,14.0,36.0,1,51.59,0,0.0,66.61
102137,78.0,2.0,41.0,0,41.13,0,0.0,63.56
102138,101.0,3.0,36.0,1,35.05,0,0.0,81.75
102139,41.0,9.0,33.0,1,70.19,1,33.0,80.95
102140,113.0,40.0,40.0,1,32.25,1,19.0,55.18
102141,42.0,5.0,25.0,1,71.05,1,31.0,100.34
102142,67.0,115.0,54.0,1,30.67,0,4.0,66.01
102143,96.0,4.0,19.0,0,77.8,0,1.0,91.08
102144,80.0,11.0,46.0,0,156.52,1,48.0,147.71
102145,41.0,42.0,22.0,0,46.31,0,2.0,65.2
102146,46.0,34.0,60.0,0,11.86,0,0.0,28.82
102147,50.0,25.0,52.0,0,108.36,1,35.0,101.34
102148,59.0,17.0,29.0,0,19.8,0,0.0,31.33
102149,95.0,21.0,34.0,0,44.39,0,1.0,92.07
102150,36.0,70.0,25.0,0,144.37,1,39.0,127.71
102151,73.0,74.0,39.0,1,45.95,0,6.0,92.25
102152,77.0,8.0,46.0,1,84.66,1,43.0,124.88
102153,75.0,33.0,74.0,0,70.72,0,5.0,82.74
102154,73.0,17.0,22.0,1,41.91,1,19.0,47.94
102155,111.0,15.0,57.0,1,100.06,1,45.0,130.77
102156,73.0,65.0,32.0,1,114.26,1,41.0,135.72
102157,85.0,35.0,44.0,1,14.79,0,0.0,44.69
102158,76.0,5.0,52.0,0,126.09,0,5.0,103.7
102159,124.0,10.0,47.0,1,44.35,0,1.0,87.68
102160,28.0,120.0,46.0,1,110.13,1,39.0,122.95
102161,101.0,43.0,37.0,1,23.64,0,0.0,88.96
102162,54.0,46.0,40.0,0,21.24,0,8.0,53.28
102163,54.0,1.0,42.0,1,142.01,0,0.0,107.7
102164,41.0,16.0,56.0,0,85.66,0,1.0,102.5
102165,29.0,3.0,20.0,1,87.11,0,0.0,101.22
102166,52.0,77.0,33.0,1,143.15,1,47.0,140.51
102167,46.0,0.0,23.0,0,70.41,0,1.0,67.55
102168,74.0,53.0,27.0,1,78.2,0,0.0,106.09
102169,33.0,4.0,29.0,0,30.9,1,16.0,56.61
102170,107.0,1.0,55.0,1,51.33,0,2.0,116.36
102171,67.0,36.0,69.0,1,86.49,0,1.0,105.78
102172,55.0,35.0,58.0,0,59.78,0,0.0,63.28
102173,45.0,20.0,24.0,1,6.73,0,1.0,36.67
102174,44.0,28.0,41.0,0,113.01,0,0.0,62.81
102175,38.0,13.0,25.0,0,177.31,1,34.0,136.1
102176,49.0,25.0,46.0,1,95.34,1,29.0,83.14
102177,60.0,57.0,57.0,1,104.23,1,32.0,108.13
102178,56.0,1.0,48.0,0,69.98,1,25.0,87.76
102179,34.0,7.0,52.0,1,55.56,0,1.0,57.15
102180,54.0,26.0,38.0,1,86.49,0,0.0,105.64
102181,42.0,18.0,18.0,1,55.1,1,28.0,82.38
102182,64.0,31.0,18.0,0,56.6,1,29.0,79.53
102183,127.0,29.0,39.0,1,70.36,1,38.0,125.34
102184,77.0,34.0,48.0,1,91.39,1,37.0,105.41
102185,53.0,11.0,57.0,0,98.43,1,43.0,124.84
102186,32.0,41.0,35.0,1,67.14,0,0.0,89.73
102187,34.0,18.0,41.0,1,92.86,0,0.0,100.05
102188,31.0,4.0,43.0,0,43.54,0,0.0,55.02
102189,81.0,25.0,54.0,0,86.31,1,35.0,107.11
102190,44.0,57.0,39.0,1,29.33,1,18.0,66.63
102191,62.0,10.0,25.0,1,46.45,1,27.0,93.23
102192,47.0,30.0,54.0,1,45.68,0,0.0,52.48
102193,63.0,87.0,45.0,1,179.51,1,45.0,136.29
102194,106.0,10.0,45.0,1,33.41,0,0.0,54.74
102195,46.0,32.0,23.0,1,50.86,0,3.0,98.74
102196,53.0,11.0,40.0,0,96.16,1,36.0,106.02
102197,44.0,65.0,18.0,0,62.34,0,2.0,62.8
102198,86.0,36.0,18.0,0,101.68,0,0.0,108.13
102199,40.0,12.0,37.0,0,46.29,0,0.0,57.64
102200,38.0,26.0,34.0,1,130.31,1,42.0,111.78
102201,35.0,6.0,48.0,0,105.92,1,28.0,96.28
102202,34.0,13.0,59.0,1,141.02,1,34.0,113.31
102203,73.0,25.0,40.0,0,126.47,1,34.0,104.84
102204,169.0,5.0,64.0,0,78.59,0,0.0,119.46
102205,41.0,9.0,32.0,1,6.89,0,1.0,38.54
102206,88.0,40.0,50.0,0,83.11,0,0.0,94.34
102207,67.0,17.0,23.0,0,42.18,0,0.0,66.01
102208,39.0,13.0,42.0,0,99.7,0,6.0,90.91
102209,54.0,15.0,36.0,0,119.81,1,41.0,127.3
102210,55.0,39.0,37.0,0,55.99,0,0.0,81.21
102211,46.0,4.0,48.0,1,39.42,1,27.0,70.08
102212,131.0,65.0,18.0,1,65.07,1,38.0,115.47
102213,28.0,34.0,42.0,0,120.94,1,38.0,113.35
102214,70.0,18.0,29.0,0,178.26,1,38.0,132.99
102215,69.0,32.0,42.0,1,64.44,1,27.0,89.25
102216,48.0,10.0,45.0,0,48.56,0,3.0,59.37
102217,64.0,2.0,35.0,0,40.53,0,0.0,114.49
102218,86.0,36.0,35.0,1,78.13,0,0.0,74.36
102219,64.0,15.0,25.0,0,30.6,0,6.0,57.35
102220,71.0,14.0,47.0,1,36.77,1,22.0,71.3
102221,80.0,70.0,31.0,1,68.67,1,48.0,142.28
102222,27.0,6.0,46.0,1,30.85,0,1.0,33.22
102223,109.0,27.0,21.0,0,42.02,0,0.0,76.47
102224,150.0,41.0,58.0,0,48.92,1,32.0,95.67
102225,89.0,75.0,26.0,1,93.07,0,0.0,98.2
102226,91.0,42.0,55.0,1,165.97,1,44.0,151.57
102227,34.0,8.0,34.0,0,47.91,0,3.0,41.94
102228,58.0,21.0,47.0,0,73.02,1,31.0,98.36
102229,44.0,15.0,38.0,0,223.58,1,54.0,159.35
102230,48.0,5.0,49.0,1,58.83,0,1.0,76.35
102231,89.0,5.0,40.0,0,60.75,0,0.0,86.14
102232,44.0,5.0,57.0,0,30.22,0,0.0,46.1
102233,57.0,24.0,49.0,1,9.83,0,0.0,40.82
102234,28.0,17.0,49.0,0,98.38,1,33.0,96.97
102235,57.0,31.0,62.0,1,34.15,0,0.0,58.3
102236,63.0,9.0,31.0,0,97.27,1,43.0,134.12
102237,46.0,1.0,57.0,0,77.21,0,0.0,85.34
102238,45.0,58.0,41.0,1,27.56,0,2.0,18.35
102239,128.0,8.0,20.0,0,56.71,0,0.0,89.49
102240,37.0,22.0,46.0,1,11.01,0,0.0,33.48
102241,40.0,9.0,37.0,0,16.33,0,4.0,47.54
102242,44.0,0.0,63.0,0,76.27,1,32.0,94.22
102243,97.0,8.0,33.0,1,18.49,1,24.0,73.13
102244,140.0,6.0,41.0,1,23.1,0,0.0,68.68
102245,69.0,6.0,43.0,0,50.83,0,0.0,59.48
102246,45.0,11.0,18.0,0,10.55,0,0.0,52.5
102247,51.0,77.0,47.0,1,91.88,1,27.0,76.59
102248,92.0,53.0,27.0,0,140.57,1,62.0,202.24
102249,42.0,14.0,59.0,0,105.75,1,31.0,94.74
102250,108.0,1.0,62.0,0,56.0,1,38.0,104.43
102251,106.0,14.0,40.0,0,100.37,1,43.0,133.44
102252,62.0,9.0,19.0,0,35.68,1,34.0,98.73
102253,78.0,11.0,42.0,1,38.12,0,3.0,83.17
102254,81.0,24.0,42.0,1,77.35,1,36.0,114.41
102255,112.0,3.0,50.0,0,94.02,1,42.0,128.83
102256,40.0,120.0,36.0,1,51.63,0,1.0,34.58
102257,97.0,120.0,24.0,0,128.71,1,43.0,142.29
102258,52.0,120.0,38.0,0,143.85,0,0.0,133.59
102259,44.0,81.0,28.0,0,139.86,1,46.0,117.47
102260,63.0,3.0,64.0,0,14.35,0,0.0,19.45
102261,55.0,45.0,31.0,1,6.52,0,2.0,39.38
102262,41.0,45.0,31.0,1,39.33,0,0.0,64.04
102263,32.0,19.0,39.0,1,66.61,0,0.0,75.39
102264,41.0,44.0,23.0,1,101.91,0,0.0,93.36
102265,108.0,23.0,34.0,1,124.64,1,40.0,126.55
102266,132.0,1.0,38.0,1,31.7,1,40.0,107.09
102267,78.0,5.0,33.0,0,54.89,0,1.0,48.01
102268,97.0,14.0,37.0,0,147.01,0,0.0,119.48
102269,49.0,39.0,57.0,0,55.63,0,2.0,66.56
102270,59.0,6.0,46.0,0,321.47,1,49.0,152.48
102271,68.0,25.0,22.0,1,73.36,0,1.0,110.37
102272,39.0,0.0,34.0,1,98.72,1,29.0,103.97
102273,41.0,29.0,50.0,0,36.32,0,0.0,53.25
102274,63.0,10.0,31.0,1,246.47,1,51.0,150.78
102275,53.0,51.0,41.0,1,36.39,0,0.0,62.44
102276,39.0,23.0,40.0,0,24.17,0,5.0,39.0
102277,70.0,7.0,47.0,1,20.46,0,1.0,48.01
102278,54.0,3.0,38.0,0,83.33,1,25.0,78.56
102279,91.0,26.0,38.0,1,19.58,0,0.0,87.89
102280,60.0,33.0,29.0,1,77.29,0,4.0,73.68
102281,54.0,5.0,45.0,1,82.34,0,0.0,83.0
102282,64.0,23.0,28.0,0,127.57,0,0.0,118.63
102283,56.0,0.0,63.0,1,142.42,1,36.0,125.91
102284,46.0,9.0,40.0,1,90.35,1,38.0,118.89
102285,51.0,17.0,37.0,1,57.68,0,2.0,73.62
102286,81.0,23.0,51.0,1,20.47,0,0.0,51.34
102287,78.0,12.0,39.0,0,133.56,1,37.0,125.05
102288,101.0,24.0,41.0,1,43.16,0,1.0,73.65
102289,31.0,24.0,39.0,1,58.87,0,0.0,72.32
102290,52.0,11.0,30.0,1,59.16,1,28.0,74.96
102291,51.0,11.0,28.0,0,41.53,1,26.0,84.88
102292,65.0,12.0,31.0,1,62.05,0,5.0,87.0
102293,50.0,3.0,55.0,1,159.64,1,42.0,139.07
102294,49.0,47.0,32.0,0,95.9,1,34.0,90.82
102295,83.0,38.0,35.0,0,125.0,1,42.0,119.93
102296,65.0,7.0,34.0,0,110.75,1,40.0,122.19
102297,38.0,15.0,49.0,0,172.61,1,28.0,107.72
102298,103.0,26.0,66.0,1,64.07,1,36.0,114.38
102299,90.0,67.0,28.0,1,52.59,0,2.0,53.65
102300,48.0,37.0,47.0,0,156.78,1,34.0,114.1
102301,84.0,4.0,42.0,1,7.49,0,3.0,66.3
102302,45.0,16.0,36.0,1,107.11,1,28.0,94.24
102303,95.0,21.0,47.0,1,101.26,1,30.0,98.29
102304,55.0,13.0,23.0,1,76.03,0,7.0,80.41
102305,44.0,17.0,51.0,1,79.4,1,30.0,95.11
102306,52.0,0.0,43.0,1,39.65,0,0.0,62.01
102307,44.0,17.0,27.0,1,45.32,0,0.0,70.22
102308,65.0,7.0,61.0,1,148.54,1,48.0,141.39
102309,65.0,24.0,51.0,1,68.08,0,0.0,79.1
102310,61.0,34.0,55.0,0,136.74,0,0.0,65.81
102311,48.0,53.0,21.0,0,41.32,0,1.0,77.07
102312,14.0,8.0,36.0,1,40.19,0,0.0,46.57
102313,63.0,19.0,33.0,1,21.55,0,2.0,51.14
102314,28.0,58.0,48.0,0,16.89,0,0.0,38.33
102315,67.0,49.0,58.0,1,100.46,1,26.0,67.87
102316,95.0,25.0,18.0,1,17.5,0,2.0,61.48
102317,67.0,31.0,40.0,1,80.16,0,5.0,92.38
102318,52.0,120.0,38.0,0,121.0,0,3.0,117.47
102319,56.0,22.0,53.0,0,86.49,0,3.0,101.5
102320,57.0,14.0,39.0,0,43.04,0,0.0,83.65
102321,48.0,1.0,23.0,1,115.68,1,45.0,137.44
102322,48.0,39.0,37.0,1,96.21,0,0.0,88.77
102323,42.0,45.0,26.0,0,36.63,1,25.0,71.7
102324,97.0,35.0,30.0,0,43.71,0,0.0,52.78
102325,60.0,19.0,41.0,1,99.48,0,3.0,110.44
102326,88.0,33.0,34.0,0,181.89,1,52.0,155.43
102327,55.0,6.0,44.0,0,60.43,1,38.0,127.41
102328,62.0,25.0,20.0,1,64.42,1,29.0,94.17
102329,56.0,6.0,71.0,1,106.58,1,33.0,109.19
102330,73.0,5.0,57.0,0,45.84,0,0.0,59.68
102331,84.0,39.0,50.0,0,96.5,1,29.0,92.36
102332,66.0,92.0,23.0,1,26.06,0,0.0,65.44
102333,46.0,17.0,18.0,0,28.89,0,0.0,54.65
102334,44.0,36.0,29.0,0,49.16,1,21.0,72.35
102335,117.0,12.0,37.0,1,24.56,0,1.0,74.88
102336,54.0,5.0,70.0,1,93.31,1,43.0,127.8
102337,54.0,68.0,57.0,0,86.54,0,2.0,99.76
102338,108.0,11.0,33.0,0,116.25,1,37.0,123.61
102339,93.0,11.0,56.0,0,142.28,1,50.0,152.67
102340,75.0,17.0,56.0,1,76.69,1,32.0,85.07
102341,51.0,20.0,40.0,1,84.14,1,27.0,97.58
102342,155.0,23.0,56.0,0,107.59,1,46.0,128.75
102343,71.0,6.0,44.0,0,112.43,1,41.0,122.52
102344,75.0,15.0,31.0,1,41.51,0,0.0,67.33
102345,56.0,16.0,24.0,1,13.43,0,0.0,19.9
102346,34.0,82.0,38.0,0,11.41,0,0.0,14.17
102347,35.0,12.0,53.0,0,16.72,0,1.0,48.94
102348,71.0,41.0,22.0,1,53.71,1,35.0,82.36
102349,71.0,1.0,19.0,1,12.62,0,0.0,57.99
102350,55.0,15.0,47.0,0,45.85,0,0.0,57.49
102351,38.0,45.0,18.0,1,62.87,0,0.0,99.18
102352,34.0,22.0,64.0,1,73.08,1,22.0,81.88
102353,53.0,41.0,34.0,1,81.83,1,40.0,126.19
102354,34.0,10.0,50.0,1,92.16,1,27.0,84.19
102355,86.0,4.0,65.0,0,40.55,0,5.0,71.18
102356,96.0,19.0,21.0,1,57.15,0,0.0,82.21
102357,187.0,24.0,26.0,0,90.82,1,44.0,131.19
102358,86.0,17.0,70.0,1,69.04,1,31.0,98.96
102359,48.0,20.0,36.0,0,141.72,1,32.0,106.25
102360,43.0,24.0,38.0,1,133.12,1,43.0,128.89
102361,15.0,28.0,43.0,0,93.51,0,0.0,58.52
102362,48.0,11.0,54.0,0,64.37,1,24.0,75.1
102363,56.0,44.0,58.0,1,62.83,0,0.0,100.53
102364,89.0,4.0,41.0,0,61.17,1,33.0,107.59
102365,77.0,111.0,36.0,1,3.06,0,0.0,61.05
102366,76.0,3.0,40.0,1,42.23,1,33.0,79.79
102367,66.0,21.0,44.0,1,160.04,1,45.0,151.47
102368,79.0,14.0,57.0,1,63.51,0,0.0,98.04
102369,108.0,9.0,42.0,1,81.82,1,45.0,128.93
102370,39.0,7.0,64.0,1,122.14,1,36.0,124.71
102371,50.0,1.0,29.0,1,170.64,1,36.0,126.69
102372,35.0,38.0,47.0,1,81.68,1,26.0,90.15
102373,115.0,22.0,63.0,1,34.21,0,1.0,79.16
102374,101.0,42.0,57.0,1,233.77,1,52.0,159.98
102375,82.0,17.0,44.0,1,20.0,1,19.0,61.1
102376,37.0,19.0,28.0,0,88.66,0,1.0,77.95
102377,65.0,3.0,31.0,1,129.39,1,36.0,126.25
102378,55.0,74.0,38.0,1,64.03,0,3.0,67.2
102379,62.0,14.0,44.0,1,91.9,1,32.0,94.8
102380,56.0,29.0,37.0,0,53.9,0,0.0,104.36
102381,74.0,23.0,21.0,1,22.38,0,0.0,30.63
102382,52.0,21.0,30.0,0,96.01,1,31.0,83.05
102383,85.0,44.0,47.0,1,79.87,0,0.0,86.48
102384,66.0,20.0,51.0,1,63.22,0,0.0,44.33
102385,54.0,8.0,21.0,0,85.57,1,45.0,133.31
102386,58.0,28.0,35.0,1,38.05,0,0.0,86.9
102387,51.0,30.0,18.0,1,172.11,1,28.0,96.98
102388,84.0,26.0,33.0,0,115.36,1,41.0,119.99
102389,54.0,18.0,85.0,1,64.98,1,23.0,79.0
102390,68.0,12.0,41.0,1,48.47,0,0.0,80.06
102391,52.0,13.0,35.0,1,63.62,0,0.0,80.19
102392,33.0,4.0,32.0,0,36.58,1,18.0,55.09
102393,87.0,2.0,24.0,1,72.55,1,33.0,104.04
102394,40.0,36.0,18.0,0,54.98,0,0.0,70.21
102395,79.0,25.0,39.0,0,29.7,1,21.0,59.48
102396,71.0,50.0,36.0,1,37.72,0,0.0,73.97
102397,31.0,3.0,60.0,1,35.1,0,0.0,53.71
102398,41.0,63.0,18.0,1,86.06,0,0.0,90.52
102399,49.0,76.0,46.0,1,84.23,1,26.0,101.29
102400,43.0,23.0,58.0,1,122.69,0,0.0,111.17
102401,38.0,54.0,18.0,0,15.86,0,2.0,55.06
102402,81.0,6.0,49.0,0,73.9,1,26.0,94.67
102403,55.0,35.0,19.0,0,76.63,1,24.0,97.85
102404,70.0,4.0,47.0,1,55.88,0,1.0,82.06
102405,51.0,39.0,60.0,1,35.4,0,1.0,61.26
102406,68.0,17.0,40.0,1,56.75,1,31.0,78.7
102407,45.0,28.0,44.0,1,106.53,0,0.0,76.75
102408,60.0,5.0,31.0,1,135.44,1,37.0,117.31
102409,76.0,68.0,44.0,1,152.46,1,45.0,155.23
102410,61.0,10.0,55.0,1,63.74,1,32.0,92.12
102411,50.0,2.0,38.0,1,147.31,1,47.0,136.93
102412,39.0,23.0,38.0,0,104.87,0,0.0,99.46
102413,65.0,19.0,45.0,0,62.9,0,1.0,50.71
102414,69.0,1.0,51.0,1,41.7,0,4.0,66.82
102415,54.0,31.0,18.0,1,66.83,0,0.0,90.99
102416,44.0,23.0,41.0,0,150.46,1,48.0,135.85
102417,75.0,9.0,31.0,1,24.44,0,4.0,51.34
102418,163.0,8.0,47.0,1,108.85,1,47.0,150.33
102419,53.0,29.0,54.0,1,147.0,1,41.0,133.96
102420,69.0,2.0,44.0,0,127.17,1,33.0,109.19
102421,70.0,27.0,57.0,0,48.89,0,0.0,78.56
102422,22.0,0.0,27.0,1,65.41,0,6.0,70.12
102423,63.0,18.0,35.0,1,79.66,0,0.0,81.06
102424,45.0,4.0,27.0,0,71.15,0,0.0,69.62
102425,105.0,20.0,41.0,0,77.84,1,28.0,99.82
102426,55.0,19.0,41.0,1,41.17,1,23.0,76.13
102427,44.0,49.0,37.0,1,101.55,0,2.0,109.85
102428,55.0,8.0,24.0,1,91.94,1,38.0,118.03
102429,64.0,22.0,39.0,0,167.34,1,34.0,130.56
102430,48.0,4.0,34.0,1,65.16,1,27.0,79.64
102431,59.0,7.0,48.0,1,100.88,0,2.0,109.26
102432,35.0,10.0,36.0,1,67.03,1,30.0,85.57
102433,55.0,50.0,55.0,1,32.53,1,26.0,67.07
102434,82.0,17.0,43.0,1,121.18,0,1.0,126.02
102435,133.0,33.0,18.0,1,68.83,1,50.0,136.37
102436,80.0,59.0,38.0,0,109.8,0,0.0,97.47
102437,67.0,57.0,21.0,1,59.62,1,31.0,86.18
102438,97.0,7.0,53.0,1,17.22,0,0.0,71.74
102439,91.0,3.0,59.0,1,40.14,0,0.0,103.51
102440,117.0,19.0,40.0,0,134.21,1,41.0,112.37
102441,93.0,21.0,46.0,0,70.32,1,36.0,104.96
102442,58.0,5.0,21.0,1,57.73,0,0.0,70.93
102443,67.0,32.0,18.0,1,42.19,1,30.0,87.46
102444,65.0,24.0,33.0,1,49.78,0,0.0,72.5
102445,68.0,12.0,37.0,1,13.28,0,0.0,45.37
102446,65.0,40.0,20.0,1,65.61,0,0.0,85.24
102447,44.0,25.0,41.0,0,28.52,0,0.0,51.39
102448,26.0,19.0,44.0,1,109.96,1,38.0,114.63
102449,46.0,40.0,49.0,1,91.06,0,0.0,89.64
102450,27.0,60.0,61.0,1,26.43,0,0.0,75.77
102451,62.0,11.0,51.0,0,43.34,1,25.0,63.09
102452,60.0,7.0,35.0,1,68.08,1,29.0,84.23
102453,31.0,21.0,41.0,1,158.69,1,29.0,99.2
102454,79.0,82.0,48.0,0,38.6,0,0.0,73.78
102455,85.0,7.0,26.0,0,59.18,1,15.0,38.42
102456,63.0,22.0,58.0,1,21.92,0,0.0,40.75
102457,118.0,12.0,52.0,1,51.42,1,38.0,115.63
102458,128.0,15.0,37.0,0,61.17,0,1.0,87.67
102459,37.0,7.0,32.0,0,100.29,0,4.0,83.21
102460,91.0,26.0,85.0,0,40.22,0,0.0,61.5
102461,72.0,38.0,51.0,0,24.92,0,0.0,34.42
102462,71.0,32.0,53.0,1,102.59,1,33.0,121.15
102463,88.0,2.0,64.0,0,115.57,1,37.0,115.01
102464,45.0,2.0,53.0,0,65.56,0,3.0,84.52
102465,48.0,56.0,43.0,1,68.14,1,25.0,75.52
102466,43.0,21.0,49.0,0,75.01,0,0.0,92.8
102467,45.0,19.0,28.0,0,32.3,0,0.0,52.22
102468,58.0,13.0,50.0,0,46.39,0,0.0,89.6
102469,34.0,35.0,20.0,0,72.69,0,0.0,61.78
102470,40.0,4.0,46.0,1,59.54,1,22.0,81.04
102471,76.0,80.0,47.0,0,50.81,1,32.0,92.96
102472,59.0,21.0,19.0,1,81.93,0,0.0,87.81
102473,70.0,76.0,66.0,1,32.21,1,24.0,69.11
102474,28.0,7.0,25.0,1,100.36,0,0.0,93.36
102475,44.0,2.0,54.0,0,81.57,1,34.0,106.53
102476,48.0,26.0,33.0,1,30.46,1,16.0,58.96
102477,61.0,11.0,44.0,1,97.04,1,28.0,65.32
102478,48.0,35.0,31.0,1,76.55,0,3.0,71.49
102479,88.0,28.0,73.0,1,53.39,0,1.0,91.25
102480,59.0,6.0,54.0,1,159.71,1,38.0,130.59
102481,61.0,36.0,64.0,1,60.95,1,37.0,96.57
102482,61.0,4.0,51.0,1,168.68,1,43.0,131.13
102483,80.0,69.0,49.0,1,37.77,0,0.0,81.79
102484,50.0,16.0,42.0,0,21.11,1,14.0,45.36
102485,95.0,21.0,37.0,0,100.38,0,0.0,117.4
102486,73.0,87.0,48.0,1,47.49,0,4.0,92.93
102487,64.0,1.0,42.0,0,26.86,0,0.0,50.44
102488,61.0,27.0,38.0,1,105.87,1,32.0,102.66
102489,74.0,4.0,22.0,0,151.25,1,40.0,126.4
102490,91.0,19.0,36.0,1,64.81,0,2.0,100.38
102491,88.0,120.0,48.0,1,97.47,1,47.0,139.86
102492,70.0,25.0,34.0,1,78.85,0,0.0,86.95
102493,86.0,18.0,45.0,0,141.2,1,41.0,125.53
102494,63.0,39.0,38.0,0,148.27,1,43.0,133.03
102495,100.0,27.0,27.0,0,82.63,1,27.0,91.32
102496,60.0,10.0,28.0,1,81.47,1,37.0,116.15
102497,26.0,6.0,30.0,1,97.86,0,0.0,91.87
102498,103.0,119.0,36.0,0,45.35,0,1.0,90.75
102499,63.0,33.0,37.0,0,111.45,0,0.0,110.77
102500,38.0,22.0,55.0,1,84.18,0,0.0,113.97
102501,56.0,17.0,26.0,1,92.14,1,32.0,105.99
102502,42.0,40.0,18.0,1,84.21,0,7.0,89.34
102503,140.0,40.0,49.0,0,53.77,0,3.0,140.65
102504,74.0,1.0,34.0,1,15.11,0,0.0,46.34
102505,32.0,23.0,39.0,1,106.89,1,28.0,95.82
102506,75.0,38.0,74.0,0,72.59,1,24.0,74.99
102507,51.0,8.0,60.0,1,96.28,0,0.0,101.12
102508,130.0,10.0,48.0,0,67.53,1,35.0,110.14
102509,40.0,38.0,53.0,0,22.74,0,1.0,55.16
102510,25.0,36.0,42.0,1,57.32,0,0.0,64.39
102511,62.0,21.0,53.0,1,27.24,1,18.0,62.53
102512,52.0,28.0,32.0,1,93.13,1,33.0,101.76
102513,51.0,12.0,31.0,0,144.0,1,34.0,125.99
102514,26.0,30.0,34.0,0,193.52,1,42.0,110.25
102515,72.0,11.0,61.0,0,43.95,0,3.0,42.99
102516,118.0,12.0,61.0,1,93.39,0,1.0,105.47
102517,28.0,40.0,32.0,0,62.13,0,3.0,82.12
102518,96.0,70.0,56.0,1,10.68,0,1.0,37.45
102519,48.0,6.0,38.0,1,119.49,0,0.0,130.37
102520,154.0,117.0,55.0,0,71.12,0,1.0,111.71
102521,72.0,37.0,36.0,0,20.13,0,0.0,51.42
102522,56.0,13.0,53.0,1,102.77,1,34.0,97.19
102523,94.0,20.0,39.0,1,135.42,1,38.0,121.57
102524,74.0,47.0,37.0,1,59.67,1,32.0,88.19
102525,48.0,10.0,40.0,0,30.92,0,5.0,44.99
102526,80.0,91.0,43.0,1,66.55,1,37.0,109.7
102527,49.0,24.0,33.0,0,113.42,0,0.0,80.89
102528,30.0,6.0,22.0,1,48.92,0,0.0,80.33
102529,136.0,49.0,63.0,0,107.97,1,38.0,124.42
102530,52.0,25.0,35.0,0,91.64,1,30.0,105.38
102531,47.0,3.0,18.0,0,88.04,1,25.0,77.13
102532,69.0,30.0,18.0,0,46.34,0,3.0,80.21
102533,32.0,19.0,18.0,0,31.44,0,0.0,56.49
102534,35.0,1.0,32.0,1,36.29,0,1.0,66.09
102535,49.0,4.0,59.0,1,11.64,0,0.0,38.05
102536,49.0,31.0,19.0,0,121.4,0,0.0,127.14
102537,62.0,19.0,36.0,0,139.26,0,2.0,132.97
102538,95.0,32.0,18.0,1,40.34,0,0.0,72.58
102539,50.0,28.0,55.0,1,55.49,1,23.0,57.18
102540,73.0,26.0,45.0,1,149.7,1,46.0,144.67
102541,77.0,23.0,45.0,0,83.01,1,28.0,90.13
102542,39.0,14.0,59.0,1,58.29,0,0.0,61.18
102543,66.0,27.0,62.0,0,60.4,1,30.0,94.52
102544,41.0,2.0,54.0,1,129.26,1,35.0,105.89
102545,92.0,5.0,33.0,0,103.25,0,0.0,111.64
102546,72.0,19.0,23.0,0,120.87,1,31.0,96.92
102547,61.0,55.0,27.0,0,168.97,1,41.0,139.12
102548,35.0,25.0,18.0,1,149.5,1,34.0,105.81
102549,63.0,7.0,65.0,0,33.3,0,0.0,49.87
102550,44.0,23.0,38.0,1,38.92,0,0.0,59.76
102551,80.0,89.0,42.0,1,57.45,1,34.0,88.83
102552,58.0,15.0,43.0,1,76.88,0,6.0,62.16
102553,44.0,42.0,68.0,1,96.91,0,0.0,88.65
102554,87.0,16.0,33.0,0,143.29,1,43.0,136.12
102555,81.0,20.0,56.0,0,63.16,1,31.0,90.67
102556,48.0,37.0,45.0,1,96.83,1,28.0,90.85
102557,96.0,29.0,38.0,1,125.2,1,41.0,130.12
102558,54.0,4.0,18.0,1,110.28,1,40.0,133.89
102559,53.0,4.0,53.0,1,7.42,0,2.0,23.45
102560,63.0,87.0,31.0,1,37.24,0,0.0,88.95
102561,45.0,68.0,34.0,1,37.98,0,6.0,51.32
102562,51.0,5.0,44.0,0,163.53,1,51.0,172.13
102563,57.0,4.0,42.0,1,83.85,1,35.0,108.91
102564,111.0,19.0,56.0,1,113.01,1,46.0,130.47
102565,110.0,9.0,32.0,0,87.86,0,1.0,93.96
102566,54.0,60.0,43.0,1,82.53,0,0.0,94.08
102567,115.0,6.0,44.0,0,19.98,1,27.0,74.3
102568,59.0,47.0,41.0,0,33.56,0,0.0,48.81
102569,70.0,58.0,50.0,1,82.67,0,2.0,105.73
102570,86.0,15.0,37.0,1,308.71,1,35.0,126.18
102571,68.0,12.0,57.0,1,50.06,0,7.0,77.69
102572,159.0,7.0,31.0,0,78.58,1,35.0,124.99
102573,67.0,26.0,21.0,0,30.69,1,26.0,66.81
102574,37.0,20.0,40.0,0,45.63,0,0.0,55.85
102575,102.0,4.0,56.0,1,38.34,0,0.0,78.36
102576,51.0,3.0,34.0,1,190.09,1,48.0,143.47
102577,53.0,22.0,32.0,0,28.91,0,0.0,77.65
102578,18.0,41.0,36.0,1,76.98,1,29.0,68.06
102579,90.0,14.0,43.0,1,52.42,0,5.0,81.76
102580,84.0,1.0,38.0,1,297.33,1,58.0,180.71
102581,83.0,53.0,45.0,0,70.79,0,0.0,90.04
102582,89.0,14.0,18.0,1,116.89,0,0.0,127.04
102583,119.0,27.0,61.0,0,184.53,1,42.0,128.93
102584,59.0,8.0,48.0,0,107.84,0,1.0,88.37
102585,88.0,70.0,29.0,0,51.85,0,0.0,82.84
102586,45.0,1.0,59.0,0,69.46,0,0.0,100.95
102587,52.0,7.0,47.0,1,44.72,0,1.0,64.43
102588,92.0,15.0,60.0,1,64.55,0,3.0,95.24
102589,71.0,5.0,25.0,1,114.36,1,37.0,122.48
102590,35.0,7.0,63.0,0,44.11,0,0.0,43.35
102591,70.0,1.0,41.0,1,83.85,1,32.0,91.98
102592,56.0,14.0,18.0,1,187.6,1,47.0,145.2
102593,43.0,41.0,51.0,1,90.43,0,0.0,87.43
102594,72.0,6.0,37.0,1,133.99,1,45.0,136.99
102595,51.0,7.0,27.0,1,120.87,1,33.0,107.79
102596,32.0,30.0,38.0,1,32.06,0,3.0,48.74
102597,39.0,23.0,18.0,1,10.67,0,0.0,24.97
102598,122.0,18.0,48.0,1,57.89,0,0.0,72.12
102599,33.0,3.0,38.0,1,113.99,1,46.0,117.11
102600,66.0,7.0,37.0,1,35.57,0,0.0,55.86
102601,77.0,19.0,59.0,0,85.56,1,29.0,103.23
102602,78.0,6.0,41.0,1,83.81,1,32.0,100.51
102603,37.0,16.0,32.0,1,70.76,0,3.0,91.26
102604,53.0,35.0,28.0,1,64.61,1,28.0,80.92
102605,64.0,34.0,40.0,0,27.57,0,1.0,71.63
102606,83.0,8.0,55.0,1,101.44,1,35.0,122.42
102607,47.0,44.0,33.0,1,63.03,0,6.0,65.19
102608,38.0,29.0,27.0,1,25.65,0,0.0,53.89
102609,90.0,16.0,53.0,0,17.13,0,1.0,47.65
102610,94.0,31.0,41.0,1,101.78,0,0.0,108.75
102611,70.0,44.0,40.0,0,80.24,0,1.0,85.78
102612,47.0,118.0,68.0,0,165.94,1,42.0,132.23
102613,71.0,18.0,24.0,0,22.63,0,2.0,24.15
102614,63.0,13.0,43.0,1,73.6,0,0.0,89.24
102615,84.0,54.0,18.0,1,41.38,0,0.0,84.22
102616,37.0,4.0,37.0,0,102.71,0,0.0,92.42
102617,63.0,10.0,48.0,0,81.49,0,0.0,88.06
102618,57.0,4.0,56.0,0,90.85,1,37.0,126.78
102619,39.0,5.0,24.0,0,172.88,1,47.0,155.68
102620,66.0,14.0,52.0,0,93.19,1,27.0,94.11
102621,61.0,35.0,51.0,1,40.95,0,1.0,89.96
102622,51.0,1.0,39.0,0,52.91,0,0.0,60.17
102623,71.0,11.0,73.0,1,109.43,1,38.0,111.45
102624,34.0,10.0,41.0,0,80.12,0,3.0,79.82
102625,59.0,16.0,29.0,0,39.54,0,0.0,83.82
102626,72.0,51.0,46.0,0,97.59,0,3.0,103.44
102627,68.0,35.0,18.0,1,37.22,0,2.0,99.66
102628,93.0,11.0,61.0,1,35.59,0,0.0,69.33
102629,37.0,5.0,54.0,0,72.11,0,4.0,71.35
102630,33.0,25.0,35.0,0,175.19,1,33.0,113.21
102631,66.0,3.0,49.0,0,86.92,0,0.0,113.91
102632,72.0,8.0,48.0,0,54.91,0,4.0,82.63
102633,141.0,5.0,66.0,0,139.45,1,48.0,159.03
102634,77.0,0.0,32.0,0,42.27,0,3.0,65.03
102635,43.0,13.0,23.0,1,124.04,1,31.0,104.3
102636,83.0,18.0,18.0,0,110.56,0,0.0,103.33
102637,43.0,18.0,37.0,1,96.8,0,4.0,113.15
102638,33.0,93.0,20.0,0,55.34,0,0.0,67.72
102639,171.0,20.0,38.0,1,82.91,1,49.0,145.37
102640,69.0,27.0,46.0,1,18.55,0,5.0,62.77
102641,80.0,17.0,35.0,1,81.39,0,2.0,87.79
102642,76.0,13.0,28.0,1,102.85,0,2.0,99.7
102643,125.0,57.0,56.0,0,121.22,1,46.0,151.85
102644,68.0,6.0,38.0,0,60.7,0,0.0,82.08
102645,98.0,8.0,44.0,0,116.07,0,1.0,110.74
102646,40.0,28.0,53.0,0,36.48,0,2.0,63.25
102647,35.0,20.0,23.0,1,47.28,0,0.0,52.59
102648,107.0,26.0,28.0,0,49.29,0,0.0,88.89
102649,109.0,17.0,74.0,0,151.69,1,44.0,139.41
102650,74.0,42.0,38.0,0,24.77,0,3.0,63.7
102651,66.0,6.0,27.0,1,164.65,1,44.0,141.28
102652,64.0,16.0,37.0,1,55.88,0,0.0,80.34
102653,46.0,33.0,33.0,0,34.24,0,0.0,56.98
102654,112.0,6.0,24.0,1,148.11,1,48.0,160.45
102655,79.0,41.0,35.0,1,104.99,1,34.0,114.09
102656,74.0,87.0,40.0,1,54.45,0,1.0,90.59
102657,70.0,8.0,40.0,1,189.73,1,61.0,172.04
102658,92.0,46.0,48.0,1,65.4,0,7.0,98.64
102659,74.0,35.0,18.0,1,79.23,0,0.0,91.36
102660,81.0,115.0,21.0,1,93.88,0,7.0,104.57
102661,38.0,31.0,51.0,0,40.79,0,0.0,65.2
102662,74.0,34.0,35.0,0,89.18,0,0.0,103.2
102663,145.0,43.0,57.0,1,6.21,0,0.0,0.0
102664,49.0,22.0,45.0,0,22.44,0,4.0,51.66
102665,57.0,45.0,22.0,0,107.06,0,0.0,100.08
102666,86.0,74.0,48.0,0,59.51,0,3.0,85.08
102667,88.0,14.0,27.0,0,36.3,0,0.0,82.99
102668,77.0,4.0,44.0,0,14.18,0,0.0,46.39
102669,32.0,4.0,57.0,0,44.47,0,0.0,47.92
102670,74.0,30.0,69.0,1,112.23,1,36.0,116.32
102671,38.0,9.0,40.0,1,20.26,0,0.0,54.94
102672,43.0,0.0,50.0,1,120.34,1,45.0,121.28
102673,75.0,15.0,45.0,0,54.96,0,5.0,62.96
102674,54.0,13.0,51.0,0,38.26,0,3.0,103.89
102675,83.0,18.0,18.0,1,84.66,1,41.0,105.28
102676,213.0,15.0,35.0,1,32.01,1,37.0,118.85
102677,82.0,28.0,44.0,1,35.07,0,0.0,61.17
102678,81.0,8.0,47.0,1,124.82,0,0.0,119.25
102679,42.0,11.0,30.0,1,46.46,0,0.0,71.12
102680,47.0,17.0,52.0,0,87.74,0,0.0,63.93
102681,39.0,19.0,55.0,1,40.08,0,1.0,75.63
102682,49.0,12.0,41.0,0,73.12,0,0.0,90.25
102683,39.0,28.0,38.0,0,29.56,0,1.0,56.08
102684,46.0,29.0,36.0,1,55.02,0,0.0,69.37
102685,56.0,11.0,42.0,0,96.59,0,0.0,100.64
102686,40.0,3.0,56.0,0,56.5,1,21.0,76.28
102687,34.0,1.0,61.0,0,41.98,1,25.0,74.55
102688,35.0,4.0,34.0,1,36.34,0,0.0,57.98
102689,72.0,14.0,28.0,1,33.08,0,0.0,68.46
102690,62.0,120.0,30.0,1,25.02,1,19.0,71.91
102691,91.0,4.0,54.0,0,82.49,0,5.0,88.78
102692,92.0,4.0,44.0,0,43.24,0,3.0,48.31
102693,53.0,17.0,45.0,0,200.07,1,44.0,143.68
102694,79.0,6.0,47.0,0,37.85,0,0.0,61.81
102695,34.0,4.0,46.0,1,57.48,0,2.0,64.67
102696,150.0,30.0,39.0,1,99.08,1,40.0,131.45
102697,97.0,14.0,27.0,1,103.7,1,40.0,125.35
102698,55.0,4.0,32.0,1,25.09,1,13.0,60.42
102699,38.0,37.0,42.0,1,153.62,1,44.0,139.04
102700,70.0,18.0,46.0,1,88.9,1,32.0,91.19
102701,29.0,37.0,36.0,0,97.74,0,4.0,62.96
102702,44.0,33.0,35.0,1,131.21,0,2.0,119.02
102703,81.0,1.0,59.0,0,66.47,0,3.0,76.85
102704,62.0,12.0,34.0,1,81.06,0,1.0,95.17
102705,50.0,18.0,44.0,1,75.32,0,0.0,90.06
102706,88.0,76.0,36.0,1,94.11,0,0.0,114.31
102707,40.0,13.0,29.0,1,33.99,0,0.0,56.94
102708,68.0,1.0,20.0,1,86.91,0,0.0,90.47
102709,49.0,8.0,33.0,1,32.3,0,1.0,39.28
102710,43.0,6.0,30.0,1,81.18,1,29.0,108.54
102711,73.0,33.0,52.0,1,170.52,1,48.0,140.99
102712,41.0,5.0,25.0,1,34.71,0,3.0,45.39
102713,129.0,22.0,35.0,1,61.11,1,34.0,120.38
102714,48.0,19.0,49.0,1,20.86,0,3.0,50.73
102715,134.0,54.0,39.0,1,39.8,0,0.0,84.32
102716,39.0,11.0,47.0,1,68.69,0,5.0,72.7
102717,77.0,4.0,52.0,1,76.47,0,0.0,110.39
102718,37.0,45.0,18.0,1,63.14,0,4.0,103.14
102719,35.0,13.0,35.0,1,37.25,1,24.0,85.52
102720,64.0,120.0,28.0,0,45.4,0,0.0,77.58
102721,79.0,6.0,58.0,1,168.68,1,29.0,113.08
102722,36.0,100.0,39.0,0,102.89,0,1.0,109.24
102723,97.0,10.0,47.0,1,87.71,1,37.0,130.4
102724,44.0,21.0,63.0,1,79.99,1,32.0,84.97
102725,64.0,42.0,36.0,0,125.9,1,39.0,138.57
102726,70.0,3.0,42.0,1,39.55,0,2.0,52.06
102727,77.0,4.0,46.0,1,179.32,1,59.0,182.63
102728,29.0,5.0,37.0,1,68.95,0,0.0,69.37
102729,115.0,24.0,57.0,0,98.92,1,45.0,143.61
102730,76.0,78.0,51.0,1,54.63,0,7.0,97.17
102731,51.0,12.0,54.0,1,77.3,1,30.0,97.39
102732,40.0,1.0,41.0,0,23.69,1,23.0,57.81
102733,31.0,0.0,36.0,1,129.8,1,41.0,121.34
102734,35.0,1.0,36.0,1,27.24,0,1.0,58.34
102735,75.0,17.0,36.0,0,35.07,1,21.0,82.01
102736,53.0,66.0,19.0,0,31.21,0,0.0,63.03
102737,38.0,6.0,45.0,0,37.57,0,1.0,55.93
102738,49.0,37.0,51.0,0,7.22,0,3.0,41.56
102739,113.0,32.0,40.0,1,66.47,1,31.0,105.47
102740,53.0,7.0,34.0,1,152.79,1,35.0,130.9
102741,48.0,3.0,41.0,1,32.96,0,0.0,55.75
102742,104.0,14.0,44.0,1,66.7,1,29.0,89.06
102743,73.0,40.0,45.0,1,15.22,0,0.0,52.14
102744,61.0,46.0,64.0,1,105.37,1,40.0,120.49
102745,47.0,22.0,29.0,1,6.47,0,1.0,40.61
102746,32.0,9.0,45.0,1,46.48,0,0.0,42.6
102747,38.0,54.0,50.0,1,25.13,1,15.0,60.06
102748,50.0,11.0,42.0,0,26.76,0,0.0,43.39
102749,55.0,14.0,37.0,1,73.56,0,1.0,86.78
102750,70.0,14.0,27.0,1,231.43,1,50.0,161.2
102751,75.0,5.0,33.0,0,52.71,0,2.0,73.13
102752,66.0,12.0,50.0,0,125.26,0,0.0,98.37
102753,66.0,18.0,60.0,0,49.73,0,2.0,66.4
102754,40.0,10.0,32.0,1,130.1,1,37.0,108.56
102755,25.0,4.0,47.0,1,43.34,0,0.0,41.87
102756,49.0,3.0,47.0,1,92.08,0,0.0,103.66
102757,41.0,7.0,54.0,0,26.98,0,0.0,24.51
102758,46.0,28.0,44.0,1,84.97,1,29.0,95.08
102759,54.0,3.0,46.0,0,44.77,0,0.0,53.46
102760,37.0,16.0,52.0,1,15.37,0,4.0,56.76
102761,39.0,18.0,25.0,1,168.07,1,43.0,136.45
102762,58.0,33.0,41.0,0,59.56,0,0.0,83.49
102763,63.0,5.0,18.0,1,43.33,0,0.0,56.19
102764,46.0,31.0,18.0,0,88.04,0,4.0,85.04
102765,74.0,1.0,30.0,0,68.28,0,5.0,71.35
102766,55.0,24.0,20.0,1,70.61,0,4.0,81.11
102767,40.0,32.0,47.0,1,96.17,1,30.0,105.12
102768,61.0,7.0,54.0,1,30.29,0,2.0,61.0
102769,128.0,4.0,36.0,1,12.42,0,0.0,56.42
102770,46.0,1.0,39.0,0,48.84,1,33.0,83.22
102771,96.0,27.0,37.0,1,17.85,0,6.0,73.67
102772,105.0,2.0,37.0,0,58.51,1,32.0,112.75
102773,110.0,22.0,42.0,1,59.84,0,1.0,68.32
102774,43.0,35.0,45.0,1,34.48,0,0.0,57.15
102775,135.0,9.0,34.0,0,3.26,0,1.0,49.53
102776,63.0,1.0,30.0,1,117.2,1,40.0,134.3
102777,55.0,9.0,34.0,0,30.78,0,0.0,53.6
102778,55.0,42.0,51.0,1,39.33,0,3.0,63.62
102779,77.0,48.0,35.0,1,53.65,1,31.0,95.29
102780,62.0,8.0,60.0,0,55.87,0,3.0,71.15
102781,56.0,31.0,37.0,0,57.77,0,2.0,82.07
102782,101.0,49.0,58.0,0,54.16,1,31.0,107.54
102783,45.0,26.0,25.0,1,64.01,0,0.0,113.91
102784,40.0,22.0,31.0,1,65.01,0,3.0,69.26
102785,83.0,39.0,47.0,1,93.93,0,3.0,84.26
102786,80.0,38.0,47.0,1,101.69,1,31.0,101.13
102787,93.0,20.0,38.0,0,128.8,1,66.0,190.63
102788,39.0,19.0,67.0,1,109.05,0,2.0,91.27
102789,93.0,8.0,41.0,0,20.57,0,5.0,41.52
102790,73.0,3.0,44.0,1,66.77,0,2.0,75.41
102791,122.0,11.0,33.0,0,63.51,0,4.0,89.65
102792,37.0,2.0,62.0,1,23.17,0,0.0,11.58
102793,66.0,40.0,52.0,1,57.41,0,0.0,109.13
102794,54.0,23.0,46.0,1,66.39,0,0.0,83.5
102795,32.0,49.0,19.0,0,269.48,1,44.0,137.64
102796,45.0,11.0,45.0,1,28.59,1,22.0,79.82
102797,95.0,4.0,34.0,1,19.61,0,1.0,67.17
102798,50.0,39.0,46.0,1,138.54,0,0.0,116.3
102799,45.0,52.0,52.0,0,63.84,0,0.0,67.11
102800,85.0,49.0,31.0,1,15.39,1,21.0,67.25
102801,90.0,48.0,43.0,1,62.95,0,0.0,71.9
102802,90.0,57.0,52.0,1,30.64,0,0.0,78.54
102803,44.0,30.0,43.0,0,60.7,0,5.0,65.59
102804,59.0,24.0,36.0,0,38.32,0,0.0,55.21
102805,91.0,38.0,27.0,1,9.54,0,4.0,49.28
102806,46.0,5.0,32.0,1,104.77,0,4.0,100.37
102807,45.0,29.0,24.0,0,53.15,0,3.0,72.12
102808,84.0,34.0,53.0,0,78.38,0,0.0,93.32
102809,113.0,21.0,42.0,0,73.6,0,0.0,73.2
102810,38.0,19.0,25.0,0,56.9,0,0.0,46.01
102811,21.0,28.0,40.0,0,104.88,0,0.0,94.03
102812,34.0,42.0,24.0,1,44.09,0,0.0,79.48
102813,40.0,48.0,18.0,1,36.54,0,0.0,85.16
102814,57.0,17.0,56.0,1,46.19,0,0.0,71.83
102815,77.0,29.0,56.0,0,103.99,0,3.0,112.21
102816,57.0,1.0,21.0,1,68.13,1,28.0,100.27
102817,46.0,8.0,31.0,1,105.46,1,41.0,120.54
102818,64.0,6.0,43.0,1,135.86,1,37.0,127.09
102819,41.0,11.0,35.0,1,30.19,0,8.0,48.69
102820,59.0,34.0,29.0,1,41.59,0,4.0,72.65
102821,47.0,52.0,34.0,1,30.26,0,6.0,51.6
102822,176.0,8.0,37.0,1,69.06,1,44.0,137.69
102823,84.0,13.0,33.0,0,240.19,1,39.0,133.38
102824,43.0,32.0,43.0,1,68.84,0,0.0,83.82
102825,40.0,2.0,37.0,1,54.76,0,0.0,76.07
102826,51.0,7.0,30.0,0,67.46,0,0.0,81.34
102827,31.0,16.0,41.0,0,101.77,1,35.0,103.46
102828,45.0,6.0,19.0,1,34.2,0,2.0,55.37
102829,45.0,28.0,59.0,0,79.15,0,0.0,80.91
102830,86.0,92.0,18.0,1,55.74,0,3.0,99.73
102831,51.0,6.0,39.0,0,94.8,1,34.0,105.17
102832,44.0,0.0,45.0,0,44.69,0,1.0,70.47
102833,35.0,3.0,46.0,1,133.18,1,38.0,114.75
102834,38.0,10.0,44.0,1,97.21,1,27.0,91.54
102835,59.0,35.0,57.0,0,67.42,0,0.0,64.65
102836,55.0,1.0,26.0,0,19.54,0,0.0,46.74
102837,95.0,6.0,39.0,0,193.1,1,50.0,155.6
102838,47.0,14.0,42.0,1,53.68,0,0.0,67.33
102839,92.0,64.0,34.0,0,67.08,0,4.0,34.87
102840,67.0,49.0,33.0,1,69.81,1,31.0,86.17
102841,60.0,4.0,57.0,0,20.45,0,0.0,48.04
102842,27.0,4.0,31.0,1,107.32,0,0.0,95.17
102843,36.0,16.0,34.0,0,179.9,1,33.0,105.14
102844,81.0,42.0,37.0,1,61.67,0,4.0,97.12
102845,106.0,25.0,38.0,1,121.52,1,44.0,134.88
102846,66.0,81.0,42.0,1,68.76,0,1.0,110.56
102847,82.0,74.0,38.0,1,47.84,1,34.0,84.37
102848,51.0,13.0,45.0,1,51.94,0,0.0,63.25
102849,52.0,31.0,42.0,0,73.41,0,1.0,82.96
102850,46.0,41.0,47.0,1,28.04,1,21.0,61.87
102851,89.0,39.0,58.0,1,18.89,1,25.0,71.67
102852,69.0,43.0,29.0,0,52.49,0,0.0,64.52
102853,55.0,83.0,62.0,0,80.99,0,4.0,81.7
102854,53.0,5.0,35.0,0,66.91,0,0.0,68.67
102855,75.0,19.0,49.0,0,129.96,1,30.0,109.13
102856,69.0,4.0,42.0,1,113.31,1,37.0,106.12
102857,43.0,9.0,36.0,1,133.27,1,45.0,130.98
102858,120.0,32.0,18.0,1,70.27,0,0.0,95.28
102859,67.0,10.0,61.0,0,77.42,1,29.0,97.99
102860,61.0,34.0,30.0,0,96.35,0,0.0,93.24
102861,109.0,3.0,30.0,1,87.02,1,42.0,125.04
102862,91.0,36.0,54.0,1,68.41,0,0.0,98.57
102863,58.0,1.0,41.0,0,116.8,0,1.0,88.21
102864,75.0,33.0,65.0,0,107.76,0,0.0,80.43
102865,39.0,17.0,62.0,0,39.43,0,3.0,75.44
102866,47.0,13.0,50.0,1,118.67,1,28.0,95.0
102867,24.0,2.0,44.0,0,43.72,0,1.0,47.09
102868,98.0,49.0,50.0,0,54.44,1,27.0,88.44
102869,28.0,16.0,23.0,1,121.7,1,32.0,101.74
102870,79.0,7.0,43.0,1,64.57,0,0.0,110.33
102871,43.0,11.0,42.0,1,66.15,1,31.0,85.08
102872,41.0,10.0,34.0,0,118.8,0,0.0,107.35
102873,56.0,8.0,44.0,0,39.13,1,24.0,65.81
102874,67.0,17.0,21.0,1,42.36,0,0.0,44.71
102875,77.0,47.0,52.0,0,36.83,1,14.0,44.84
102876,123.0,33.0,57.0,0,75.14,0,3.0,112.57
102877,70.0,3.0,24.0,1,47.56,1,10.0,40.6
102878,86.0,25.0,42.0,1,34.3,0,3.0,82.29
102879,47.0,24.0,60.0,0,79.2,0,0.0,74.26
102880,80.0,14.0,46.0,0,83.07,1,31.0,88.01
102881,64.0,8.0,27.0,1,74.86,0,3.0,77.77
102882,50.0,6.0,28.0,1,144.7,1,44.0,129.7
102883,58.0,1.0,51.0,0,127.33,1,38.0,125.03
102884,59.0,9.0,64.0,1,156.91,1,42.0,129.49
102885,65.0,9.0,26.0,0,72.04,0,0.0,90.61
102886,71.0,9.0,41.0,1,79.23,1,31.0,95.8
102887,49.0,33.0,30.0,1,14.78,0,0.0,42.82
102888,45.0,8.0,37.0,0,67.23,0,2.0,53.2
102889,81.0,2.0,44.0,1,175.22,1,56.0,151.28
102890,31.0,10.0,40.0,0,33.36,0,3.0,77.25
102891,47.0,1.0,31.0,1,128.68,1,38.0,131.7
102892,112.0,66.0,67.0,1,67.78,1,29.0,90.87
102893,20.0,7.0,38.0,1,217.43,1,34.0,108.57
102894,46.0,4.0,38.0,1,92.09,1,34.0,122.56
102895,79.0,6.0,55.0,0,34.24,0,0.0,87.34
102896,31.0,21.0,40.0,0,148.45,1,36.0,108.01
102897,171.0,10.0,38.0,1,71.57,1,39.0,137.09
102898,21.0,7.0,53.0,0,116.18,1,39.0,100.7
102899,107.0,6.0,27.0,1,34.44,1,20.0,79.12
102900,112.0,10.0,50.0,0,44.59,0,0.0,80.11
102901,87.0,18.0,54.0,1,23.8,1,31.0,80.28
102902,55.0,17.0,49.0,1,40.93,0,1.0,63.88
102903,70.0,1.0,38.0,1,110.19,1,44.0,129.32
102904,42.0,34.0,40.0,0,106.53,0,0.0,96.83
102905,83.0,4.0,18.0,1,49.16,1,29.0,93.39
102906,39.0,38.0,39.0,0,76.17,0,0.0,84.27
102907,54.0,7.0,44.0,1,34.87,0,0.0,48.01
102908,90.0,38.0,51.0,0,108.14,1,36.0,110.3
102909,39.0,1.0,42.0,1,27.64,0,0.0,43.13
102910,52.0,28.0,35.0,0,38.78,0,3.0,37.5
102911,64.0,120.0,29.0,1,32.24,0,0.0,69.27
102912,35.0,2.0,40.0,1,150.71,1,40.0,125.55
102913,96.0,3.0,42.0,0,27.26,0,0.0,51.01
102914,69.0,1.0,56.0,1,95.36,1,40.0,138.23
102915,33.0,13.0,40.0,1,62.73,0,0.0,81.61
102916,59.0,2.0,34.0,1,78.41,0,0.0,94.88
102917,44.0,58.0,39.0,1,18.41,0,4.0,36.23
102918,46.0,10.0,34.0,1,53.34,0,0.0,55.77
102919,62.0,41.0,37.0,1,74.97,0,1.0,99.54
102920,45.0,31.0,18.0,1,117.78,1,20.0,85.26
102921,89.0,21.0,20.0,0,43.33,0,2.0,78.68
102922,46.0,9.0,25.0,0,52.05,1,24.0,82.23
102923,89.0,32.0,46.0,1,209.39,1,47.0,155.91
102924,59.0,1.0,39.0,0,41.21,0,1.0,61.29
102925,85.0,54.0,42.0,1,62.89,0,0.0,91.59
102926,49.0,28.0,55.0,0,59.16,0,1.0,71.25
102927,49.0,12.0,27.0,0,71.97,1,27.0,85.85
102928,38.0,12.0,55.0,1,82.4,1,26.0,80.23
102929,76.0,8.0,45.0,0,81.31,0,0.0,84.2
102930,88.0,9.0,31.0,1,56.77,1,31.0,100.63
102931,141.0,4.0,59.0,1,62.44,0,0.0,101.02
102932,101.0,24.0,22.0,1,54.31,0,0.0,80.63
102933,67.0,5.0,26.0,0,34.13,0,1.0,48.64
102934,55.0,27.0,38.0,1,43.03,0,0.0,82.98
102935,70.0,3.0,45.0,1,105.07,1,37.0,128.54
102936,60.0,28.0,38.0,0,71.06,0,0.0,96.09
102937,108.0,5.0,18.0,0,22.41,0,1.0,38.8
102938,88.0,44.0,36.0,1,58.7,1,26.0,87.49
102939,43.0,56.0,39.0,1,142.22,1,41.0,124.79
102940,46.0,42.0,73.0,1,70.7,0,2.0,90.34
102941,104.0,3.0,58.0,1,182.36,1,40.0,139.51
102942,68.0,49.0,42.0,0,117.63,1,39.0,117.03
102943,55.0,67.0,26.0,1,60.77,0,4.0,61.81
102944,97.0,22.0,45.0,1,39.93,0,0.0,64.64
102945,52.0,6.0,25.0,1,36.01,0,2.0,66.65
102946,54.0,27.0,43.0,0,83.96,1,25.0,96.4
102947,50.0,27.0,45.0,1,13.23,0,0.0,31.36
102948,28.0,24.0,35.0,0,96.76,0,0.0,82.03
102949,85.0,4.0,43.0,0,109.02,0,0.0,107.92
102950,37.0,19.0,36.0,1,87.81,0,2.0,92.41
102951,48.0,4.0,33.0,1,56.34,1,35.0,93.2
102952,45.0,4.0,60.0,0,31.59,0,0.0,55.58
102953,81.0,6.0,48.0,1,29.85,0,0.0,50.4
102954,59.0,67.0,36.0,1,22.31,0,2.0,62.65
102955,61.0,14.0,30.0,1,43.99,1,24.0,68.31
102956,31.0,4.0,42.0,1,104.45,1,39.0,118.62
102957,58.0,11.0,47.0,0,80.11,0,0.0,96.96
102958,33.0,10.0,51.0,0,81.37,0,1.0,80.8
102959,68.0,60.0,59.0,0,9.81,0,0.0,42.45
102960,70.0,2.0,46.0,1,117.01,1,37.0,132.06
102961,60.0,9.0,26.0,0,110.13,1,34.0,113.73
102962,137.0,10.0,66.0,0,69.94,1,38.0,110.61
102963,75.0,23.0,55.0,0,116.45,1,38.0,127.74
102964,77.0,9.0,51.0,1,191.35,1,42.0,151.41
102965,64.0,19.0,57.0,1,42.8,0,1.0,57.48
102966,56.0,19.0,21.0,1,106.91,1,38.0,112.66
102967,89.0,32.0,35.0,1,51.3,1,31.0,101.99
102968,94.0,57.0,34.0,0,39.65,0,0.0,56.4
102969,36.0,25.0,55.0,0,79.43,0,0.0,78.13
102970,92.0,85.0,25.0,0,110.38,1,34.0,117.82
102971,74.0,14.0,36.0,1,129.67,1,38.0,118.84
102972,89.0,17.0,60.0,1,59.66,0,4.0,99.3
102973,73.0,24.0,49.0,0,126.45,1,38.0,114.34
102974,37.0,15.0,35.0,1,25.23,1,19.0,57.2
102975,38.0,43.0,64.0,0,17.96,0,0.0,42.39
102976,125.0,8.0,23.0,1,78.2,0,7.0,113.54
102977,67.0,1.0,46.0,1,63.76,0,0.0,107.41
102978,34.0,18.0,37.0,1,121.24,1,30.0,96.22
102979,69.0,17.0,47.0,0,59.12,0,0.0,57.27
102980,52.0,41.0,37.0,1,148.49,1,38.0,129.71
102981,29.0,8.0,29.0,0,137.56,1,32.0,104.41
102982,24.0,32.0,43.0,0,63.04,0,0.0,65.25
102983,32.0,6.0,23.0,1,64.01,0,4.0,77.95
102984,67.0,5.0,47.0,1,47.85,0,5.0,74.78
102985,59.0,18.0,36.0,1,20.39,1,23.0,60.26
102986,55.0,43.0,52.0,1,29.11,0,1.0,57.77
102987,68.0,23.0,34.0,1,37.63,0,0.0,61.98
102988,77.0,67.0,32.0,1,67.95,0,0.0,94.87
102989,26.0,50.0,45.0,0,25.97,0,5.0,41.13
102990,53.0,17.0,56.0,0,65.72,0,1.0,80.41
102991,43.0,10.0,18.0,1,158.31,1,42.0,153.79
102992,37.0,49.0,42.0,1,85.92,0,0.0,91.94
102993,48.0,71.0,48.0,1,65.3,1,25.0,94.27
102994,57.0,6.0,22.0,0,104.04,0,0.0,63.5
102995,54.0,65.0,29.0,1,63.82,0,3.0,88.78
102996,34.0,27.0,48.0,0,77.29,0,4.0,71.89
102997,50.0,8.0,30.0,1,125.11,1,36.0,116.51
102998,135.0,33.0,32.0,1,32.85,1,27.0,84.71
102999,40.0,7.0,62.0,0,56.79,0,0.0,45.64
103000,31.0,2.0,28.0,1,104.2,0,0.0,80.32
103001,67.0,18.0,29.0,0,37.39,0,0.0,61.69
103002,77.0,6.0,18.0,1,62.49,1,36.0,116.34
103003,73.0,4.0,26.0,1,42.73,0,0.0,71.09
103004,39.0,102.0,24.0,0,88.98,0,1.0,81.9
103005,90.0,36.0,62.0,1,58.12,1,32.0,102.94
103006,44.0,65.0,56.0,1,28.26,0,1.0,46.2
103007,38.0,57.0,24.0,1,41.66,0,0.0,71.03
103008,47.0,2.0,65.0,0,88.18,0,0.0,71.12
103009,58.0,23.0,50.0,1,80.54,0,0.0,98.15
103010,80.0,24.0,38.0,0,18.89,0,5.0,41.62
103011,77.0,96.0,50.0,1,118.99,1,41.0,136.56
103012,60.0,40.0,45.0,0,137.47,1,42.0,123.34
103013,88.0,8.0,30.0,1,70.0,1,32.0,101.53
103014,62.0,17.0,18.0,0,27.04,0,0.0,41.91
103015,86.0,3.0,28.0,1,44.69,1,26.0,77.94
103016,34.0,3.0,40.0,1,129.87,1,40.0,117.82
103017,32.0,42.0,36.0,1,41.57,0,0.0,34.95
103018,82.0,0.0,31.0,1,71.14,1,29.0,112.58
103019,35.0,5.0,53.0,1,120.93,1,41.0,117.85
103020,53.0,7.0,26.0,1,88.98,0,2.0,85.66
103021,58.0,34.0,52.0,1,73.89,1,28.0,75.72
103022,50.0,22.0,34.0,1,61.68,1,26.0,83.76
103023,50.0,14.0,42.0,1,79.42,0,4.0,82.34
103024,105.0,20.0,26.0,0,60.63,1,20.0,82.74
103025,22.0,43.0,40.0,1,5.59,0,0.0,55.63
103026,86.0,16.0,30.0,1,198.63,1,37.0,143.75
103027,151.0,3.0,18.0,0,41.71,0,3.0,107.57
103028,61.0,56.0,40.0,0,23.69,0,0.0,88.89
103029,60.0,10.0,39.0,1,74.56,0,1.0,93.17
103030,81.0,52.0,51.0,1,61.06,0,0.0,108.69
103031,125.0,9.0,44.0,1,42.96,0,0.0,111.06
103032,38.0,1.0,27.0,0,34.3,0,1.0,71.22
103033,62.0,13.0,32.0,1,39.32,0,0.0,62.61
103034,56.0,33.0,18.0,1,49.77,0,0.0,92.11
103035,75.0,14.0,26.0,0,78.74,1,19.0,59.9
103036,64.0,1.0,57.0,0,13.2,0,5.0,29.33
103037,79.0,49.0,60.0,0,175.95,1,46.0,137.41
103038,51.0,20.0,50.0,1,79.06,0,1.0,81.28
103039,62.0,24.0,44.0,1,69.25,1,27.0,82.24
103040,46.0,5.0,48.0,0,90.83,1,30.0,113.94
103041,46.0,4.0,46.0,1,181.95,1,47.0,143.55
103042,57.0,4.0,18.0,0,149.67,1,41.0,128.36
103043,57.0,7.0,29.0,1,102.69,1,42.0,128.98
103044,38.0,9.0,55.0,1,202.56,1,45.0,146.25
103045,113.0,30.0,55.0,0,17.24,0,0.0,53.55
103046,57.0,29.0,43.0,1,39.05,0,2.0,88.29
103047,35.0,0.0,36.0,0,42.82,0,0.0,67.17
103048,94.0,3.0,35.0,0,101.44,1,37.0,127.35
103049,45.0,12.0,33.0,1,97.09,1,41.0,131.69
103050,74.0,16.0,28.0,1,49.57,0,0.0,65.72
103051,60.0,6.0,18.0,1,129.14,1,36.0,120.32
103052,67.0,21.0,42.0,1,71.72,1,23.0,87.53
103053,65.0,45.0,34.0,0,32.98,1,26.0,69.32
103054,48.0,12.0,37.0,1,64.89,0,0.0,82.49
103055,61.0,10.0,62.0,1,23.16,0,4.0,50.94
103056,136.0,8.0,48.0,1,128.46,1,47.0,150.55
103057,25.0,29.0,31.0,0,95.37,0,0.0,65.46
103058,62.0,6.0,48.0,1,42.88,0,0.0,59.01
103059,72.0,9.0,21.0,1,80.13,1,32.0,104.13
103060,40.0,10.0,54.0,0,86.23,0,0.0,59.99
103061,35.0,32.0,43.0,1,73.96,1,28.0,89.49
103062,143.0,25.0,38.0,0,127.18,1,42.0,143.2
103063,52.0,26.0,47.0,1,138.09,0,2.0,115.14
103064,139.0,7.0,59.0,0,23.77,1,18.0,71.85
103065,75.0,5.0,34.0,1,55.66,1,24.0,82.11
103066,62.0,19.0,27.0,1,98.77,1,33.0,113.27
103067,73.0,4.0,67.0,1,25.65,0,5.0,48.81
103068,78.0,37.0,40.0,0,100.14,0,1.0,92.81
103069,97.0,39.0,59.0,1,5.96,0,1.0,76.97
103070,72.0,14.0,31.0,0,59.2,1,38.0,107.79
103071,64.0,29.0,45.0,0,74.01,1,29.0,97.58
103072,65.0,8.0,32.0,0,156.1,1,44.0,150.93
103073,104.0,19.0,48.0,1,81.7,1,41.0,125.21
103074,84.0,27.0,37.0,0,132.24,1,42.0,136.45
103075,40.0,5.0,31.0,1,83.04,1,37.0,106.56
103076,47.0,4.0,60.0,0,32.07,0,7.0,71.73
103077,69.0,1.0,44.0,1,122.75,1,41.0,127.82
103078,47.0,31.0,18.0,0,102.87,0,3.0,77.93
103079,52.0,21.0,37.0,0,57.56,1,17.0,52.85
103080,41.0,20.0,28.0,1,41.62,1,27.0,87.69
103081,54.0,82.0,24.0,0,43.03,0,1.0,73.81
103082,71.0,47.0,33.0,1,130.66,1,46.0,131.65
103083,90.0,41.0,34.0,1,168.46,1,48.0,151.01
103084,61.0,16.0,40.0,0,161.47,1,46.0,133.39
103085,138.0,26.0,30.0,1,103.97,1,42.0,134.96
103086,59.0,1.0,18.0,0,65.62,1,22.0,74.81
103087,216.0,19.0,33.0,1,183.56,1,59.0,195.73
103088,90.0,3.0,51.0,0,78.52,0,1.0,103.74
103089,74.0,3.0,22.0,1,56.64,1,23.0,74.58
103090,49.0,47.0,48.0,1,25.36,0,0.0,114.96
103091,19.0,15.0,46.0,0,28.5,0,0.0,43.03
103092,57.0,51.0,34.0,1,110.59,1,35.0,113.33
103093,65.0,7.0,44.0,1,54.11,0,3.0,67.3
103094,130.0,24.0,30.0,0,18.03,0,0.0,82.86
103095,35.0,120.0,35.0,1,152.84,1,45.0,126.6
103096,129.0,9.0,27.0,1,62.47,0,3.0,93.38
103097,55.0,22.0,46.0,1,28.26,0,3.0,45.72
103098,81.0,31.0,58.0,1,100.06,1,38.0,111.43
103099,22.0,23.0,31.0,0,25.61,1,32.0,81.98
103100,64.0,3.0,55.0,0,34.68,0,1.0,64.04
103101,53.0,22.0,18.0,0,30.7,1,30.0,98.02
103102,79.0,14.0,29.0,1,37.38,0,0.0,80.11
103103,63.0,12.0,27.0,1,28.3,0,3.0,74.28
103104,38.0,31.0,62.0,1,28.63,0,3.0,31.59
103105,88.0,58.0,32.0,1,97.98,1,42.0,129.25
103106,80.0,22.0,50.0,0,65.6,0,0.0,81.1
103107,77.0,27.0,18.0,0,51.24,0,2.0,112.3
103108,90.0,67.0,41.0,1,25.94,0,1.0,72.33
103109,94.0,4.0,47.0,1,100.08,1,47.0,158.95
103110,60.0,6.0,40.0,1,160.85,1,45.0,131.2
103111,35.0,33.0,18.0,0,73.66,0,0.0,71.48
103112,35.0,2.0,42.0,0,63.41,0,0.0,75.21
103113,104.0,110.0,50.0,1,43.46,0,1.0,65.76
103114,80.0,1.0,57.0,0,99.48,1,40.0,110.17
103115,63.0,107.0,45.0,0,97.47,1,36.0,119.83
103116,51.0,71.0,18.0,1,87.53,0,0.0,105.07
103117,61.0,37.0,37.0,0,113.63,1,34.0,111.68
103118,61.0,12.0,52.0,0,46.75,0,0.0,72.16
103119,53.0,87.0,29.0,0,39.78,0,0.0,61.72
103120,46.0,33.0,47.0,1,137.8,0,2.0,95.04
103121,143.0,40.0,34.0,0,99.17,1,40.0,132.11
103122,66.0,120.0,41.0,1,103.48,1,38.0,114.69
103123,47.0,18.0,50.0,1,30.81,0,5.0,63.48
103124,36.0,12.0,31.0,1,117.95,1,37.0,114.31
103125,45.0,14.0,77.0,0,134.43,1,38.0,120.41
103126,80.0,25.0,42.0,1,66.91,0,0.0,95.41
103127,82.0,7.0,44.0,0,41.82,1,33.0,102.52
103128,55.0,10.0,30.0,1,83.09,0,0.0,82.7
103129,62.0,112.0,41.0,0,38.2,0,0.0,75.1
103130,53.0,12.0,37.0,0,41.46,0,0.0,51.37
103131,39.0,1.0,21.0,0,116.61,1,33.0,102.7
103132,102.0,76.0,20.0,0,53.18,0,0.0,87.86
103133,70.0,77.0,44.0,1,14.92,1,20.0,62.83
103134,162.0,16.0,39.0,1,71.49,1,36.0,122.36
103135,45.0,20.0,18.0,1,74.86,1,25.0,87.25
103136,57.0,31.0,18.0,1,44.44,0,2.0,68.98
103137,86.0,20.0,36.0,1,33.02,0,3.0,66.84
103138,55.0,28.0,39.0,1,55.11,1,30.0,83.52
103139,35.0,27.0,48.0,1,37.36,1,16.0,39.24
103140,41.0,9.0,24.0,0,95.3,0,0.0,97.28
103141,63.0,17.0,48.0,0,160.85,1,32.0,127.28
103142,69.0,21.0,36.0,0,62.25,0,0.0,39.09
103143,58.0,73.0,33.0,1,116.36,1,41.0,120.41
103144,90.0,5.0,38.0,1,53.4,0,0.0,93.15
103145,90.0,13.0,53.0,1,138.63,1,43.0,157.92
103146,69.0,2.0,47.0,1,59.92,1,29.0,90.78
103147,61.0,88.0,52.0,1,39.5,1,15.0,48.43
103148,55.0,5.0,31.0,1,20.75,0,0.0,53.32
103149,75.0,5.0,36.0,0,75.08,1,30.0,83.48
103150,87.0,84.0,25.0,0,105.51,1,40.0,126.22
103151,62.0,4.0,33.0,0,144.12,1,34.0,112.87
103152,72.0,8.0,35.0,1,118.93,1,42.0,141.45
103153,53.0,2.0,34.0,0,77.13,1,26.0,87.36
103154,34.0,2.0,49.0,1,166.5,1,52.0,160.33
103155,40.0,22.0,46.0,0,41.87,1,22.0,67.59
103156,82.0,11.0,50.0,1,106.32,1,42.0,121.04
103157,72.0,37.0,42.0,1,54.9,0,0.0,74.63
103158,114.0,1.0,54.0,1,54.39,1,33.0,97.51
103159,62.0,32.0,41.0,1,131.44,1,40.0,127.23
103160,85.0,10.0,53.0,1,148.99,1,43.0,136.65
103161,102.0,5.0,47.0,1,39.44,1,34.0,98.93
103162,90.0,9.0,50.0,0,155.14,1,47.0,162.52
103163,47.0,3.0,39.0,1,146.19,1,41.0,134.32
103164,56.0,2.0,24.0,1,46.6,1,25.0,78.88
103165,64.0,3.0,21.0,0,77.14,0,2.0,42.57
103166,41.0,18.0,65.0,1,23.45,1,16.0,47.31
103167,73.0,13.0,45.0,1,8.18,0,0.0,0.0
103168,91.0,3.0,46.0,0,85.31,1,31.0,114.0
103169,50.0,50.0,38.0,0,63.11,0,0.0,60.24
103170,133.0,8.0,34.0,1,51.64,1,34.0,109.07
103171,54.0,27.0,77.0,0,87.49,0,1.0,99.09
103172,56.0,2.0,25.0,1,38.07,0,0.0,74.87
103173,55.0,30.0,39.0,1,80.46,0,1.0,91.69
103174,45.0,17.0,39.0,1,141.51,1,42.0,124.36
103175,71.0,61.0,25.0,0,191.11,1,47.0,145.38
103176,61.0,6.0,23.0,1,61.08,1,28.0,85.02
103177,117.0,12.0,31.0,0,35.83,0,1.0,73.09
103178,77.0,18.0,36.0,1,54.41,0,0.0,89.29
103179,75.0,23.0,34.0,1,73.89,1,21.0,79.2
103180,55.0,82.0,51.0,0,85.98,1,32.0,105.62
103181,34.0,27.0,25.0,1,25.05,0,0.0,82.61
103182,58.0,12.0,45.0,1,149.01,1,36.0,119.61
103183,43.0,34.0,59.0,0,163.18,1,41.0,125.37
103184,88.0,37.0,52.0,1,79.08,1,41.0,123.2
103185,60.0,46.0,25.0,0,51.66,0,0.0,77.07
103186,117.0,26.0,18.0,1,69.86,1,36.0,108.2
103187,81.0,4.0,51.0,1,156.18,1,48.0,136.72
103188,84.0,9.0,46.0,0,113.92,0,0.0,109.76
103189,66.0,8.0,32.0,1,97.65,1,37.0,113.62
103190,66.0,12.0,57.0,1,18.92,1,26.0,72.28
103191,78.0,19.0,35.0,1,42.54,1,19.0,69.11
103192,87.0,60.0,41.0,1,52.4,0,1.0,93.7
103193,45.0,6.0,27.0,0,22.76,0,2.0,64.0
103194,73.0,36.0,44.0,1,211.99,1,46.0,154.7
103195,172.0,23.0,34.0,0,56.36,0,1.0,91.4
103196,58.0,4.0,33.0,1,100.65,1,34.0,105.58
103197,54.0,8.0,54.0,1,87.48,0,3.0,106.48
103198,46.0,24.0,43.0,1,45.88,0,0.0,44.61
103199,34.0,15.0,21.0,1,63.2,0,2.0,61.42
103200,97.0,37.0,49.0,1,32.05,0,6.0,71.17
103201,62.0,57.0,51.0,1,98.67,1,32.0,117.54
103202,68.0,9.0,29.0,0,14.21,0,2.0,20.43
103203,126.0,57.0,35.0,1,21.09,0,6.0,61.6
103204,165.0,11.0,41.0,1,12.09,0,2.0,69.73
103205,42.0,27.0,37.0,0,32.17,0,2.0,55.63
103206,92.0,7.0,42.0,1,127.24,1,47.0,145.3
103207,77.0,5.0,48.0,1,68.98,1,29.0,99.48
103208,71.0,61.0,34.0,0,63.48,0,0.0,83.77
103209,73.0,13.0,67.0,1,84.63,1,29.0,101.0
103210,60.0,7.0,31.0,1,45.24,0,0.0,84.36
103211,114.0,56.0,33.0,0,33.67,0,1.0,82.2
103212,77.0,11.0,66.0,0,121.73,1,36.0,121.27
103213,69.0,8.0,71.0,0,23.32,1,21.0,54.58
103214,99.0,27.0,40.0,0,38.0,0,3.0,74.2
103215,86.0,4.0,38.0,1,149.23,1,46.0,153.67
103216,73.0,20.0,26.0,0,112.47,0,0.0,106.2
103217,69.0,39.0,55.0,1,75.15,1,0.0,0.0
103218,122.0,7.0,42.0,1,15.47,1,25.0,79.66
103219,74.0,5.0,29.0,0,125.5,0,0.0,93.35
103220,58.0,16.0,45.0,0,63.76,0,6.0,68.77
103221,43.0,8.0,58.0,0,80.17,1,25.0,82.64
103222,53.0,33.0,49.0,1,47.92,1,30.0,78.97
103223,40.0,0.0,69.0,1,89.24,1,34.0,98.43
103224,63.0,45.0,55.0,0,36.16,0,2.0,69.28
103225,67.0,0.0,46.0,1,102.76,1,42.0,126.27
103226,27.0,5.0,40.0,1,246.82,1,48.0,142.72
103227,61.0,20.0,47.0,0,56.5,0,0.0,56.9
103228,78.0,17.0,56.0,1,16.93,0,3.0,58.89
103229,65.0,0.0,51.0,0,51.45,0,0.0,56.46
103230,41.0,3.0,54.0,0,39.71,0,0.0,44.87
103231,100.0,20.0,43.0,1,98.91,1,39.0,121.5
103232,46.0,12.0,50.0,1,61.5,1,31.0,81.64
103233,37.0,4.0,56.0,0,88.85,0,2.0,72.98
103234,39.0,26.0,38.0,1,57.25,0,0.0,59.29
103235,60.0,26.0,23.0,0,45.85,0,0.0,50.7
103236,89.0,2.0,62.0,1,68.82,0,0.0,106.82
103237,96.0,58.0,48.0,0,106.42,1,39.0,111.72
103238,66.0,19.0,34.0,0,13.54,0,0.0,33.92
103239,37.0,11.0,43.0,0,150.55,1,38.0,121.62
103240,46.0,13.0,37.0,0,38.5,0,0.0,63.57
103241,42.0,28.0,18.0,1,13.58,0,0.0,54.27
103242,56.0,18.0,38.0,0,156.58,1,36.0,121.87
103243,30.0,12.0,21.0,1,215.87,1,47.0,134.49
103244,63.0,26.0,43.0,1,131.78,1,39.0,121.14
103245,78.0,35.0,39.0,0,80.52,0,0.0,96.26
103246,57.0,49.0,55.0,0,106.36,1,34.0,108.28
103247,73.0,12.0,38.0,1,68.13,1,39.0,96.25
103248,41.0,76.0,45.0,1,60.87,0,0.0,95.3
103249,34.0,10.0,36.0,1,35.28,1,26.0,70.2
103250,47.0,4.0,35.0,0,102.65,1,32.0,108.23
103251,96.0,16.0,22.0,1,64.92,1,30.0,95.32
103252,91.0,9.0,53.0,1,31.45,0,0.0,59.96
103253,50.0,12.0,42.0,0,35.95,0,0.0,48.97
103254,98.0,12.0,32.0,0,86.96,1,33.0,86.45
103255,53.0,39.0,43.0,1,30.87,0,0.0,66.16
103256,111.0,0.0,35.0,0,174.09,1,50.0,154.74
103257,73.0,6.0,31.0,0,215.84,1,48.0,161.95
103258,50.0,5.0,43.0,1,88.18,1,30.0,99.86
103259,83.0,34.0,56.0,0,227.63,1,47.0,153.07
103260,44.0,23.0,36.0,0,87.87,0,2.0,84.03
103261,42.0,12.0,21.0,0,40.15,0,0.0,54.13
103262,34.0,0.0,32.0,0,7.4,0,0.0,24.94
103263,67.0,8.0,63.0,1,30.82,0,0.0,46.55
103264,59.0,72.0,29.0,0,149.58,1,36.0,113.21
103265,59.0,13.0,55.0,1,30.45,0,0.0,69.64
103266,51.0,16.0,37.0,1,56.48,0,2.0,69.53
103267,107.0,116.0,50.0,1,108.0,1,38.0,133.54
103268,51.0,5.0,39.0,1,56.42,0,0.0,90.73
103269,45.0,42.0,19.0,1,79.86,0,1.0,70.31
103270,99.0,14.0,35.0,0,112.37,1,44.0,121.33
103271,107.0,41.0,67.0,1,66.63,0,6.0,111.18
103272,69.0,14.0,38.0,1,79.22,1,36.0,98.26
103273,30.0,12.0,47.0,0,52.47,0,0.0,51.17
103274,47.0,39.0,36.0,1,24.62,0,2.0,50.27
103275,77.0,39.0,38.0,1,89.23,1,24.0,95.22
103276,61.0,16.0,44.0,0,82.21,0,0.0,99.72
103277,112.0,8.0,46.0,0,45.62,0,8.0,84.14
103278,35.0,30.0,69.0,0,67.86,0,2.0,82.5
103279,79.0,21.0,40.0,1,53.72,0,1.0,82.46
103280,47.0,81.0,38.0,0,103.81,1,31.0,96.96
103281,102.0,16.0,31.0,0,206.22,1,49.0,151.18
103282,59.0,55.0,23.0,0,115.28,0,0.0,107.15
103283,91.0,10.0,19.0,1,66.34,1,32.0,118.3
103284,47.0,18.0,49.0,0,273.38,1,46.0,122.51
103285,34.0,22.0,18.0,1,29.36,1,17.0,49.79
103286,39.0,6.0,58.0,0,72.36,0,0.0,72.03
103287,47.0,0.0,51.0,1,26.02,0,0.0,76.36
103288,40.0,59.0,36.0,1,55.06,0,0.0,64.68
103289,98.0,23.0,25.0,1,134.35,1,43.0,135.23
103290,103.0,5.0,40.0,0,131.35,0,1.0,127.18
103291,67.0,41.0,40.0,0,73.4,0,0.0,85.1
103292,40.0,8.0,55.0,1,34.68,0,0.0,52.36
103293,58.0,4.0,30.0,1,91.26,0,0.0,98.76
103294,46.0,22.0,35.0,0,29.34,1,22.0,47.67
103295,108.0,13.0,39.0,0,62.05,1,33.0,91.78
103296,68.0,59.0,36.0,0,45.17,0,0.0,72.26
103297,73.0,34.0,32.0,1,139.97,1,36.0,110.76
103298,51.0,1.0,18.0,1,125.18,0,1.0,87.35
103299,27.0,29.0,19.0,0,57.3,0,0.0,66.38
103300,44.0,1.0,31.0,1,31.79,0,4.0,46.55
103301,39.0,47.0,37.0,0,22.47,0,2.0,47.93
103302,70.0,23.0,53.0,0,9.18,0,0.0,25.83
103303,63.0,24.0,70.0,0,68.62,0,0.0,74.16
103304,44.0,29.0,62.0,1,206.2,1,51.0,163.79
103305,52.0,16.0,45.0,1,67.15,0,0.0,77.68
103306,113.0,36.0,64.0,1,47.92,0,0.0,81.77
103307,41.0,27.0,39.0,1,68.19,0,0.0,48.8
103308,42.0,4.0,33.0,0,91.6,0,0.0,70.08
103309,55.0,62.0,70.0,1,40.18,0,4.0,103.49
103310,46.0,33.0,26.0,0,29.68,0,0.0,60.79
103311,51.0,3.0,35.0,1,3.68,0,0.0,47.67
103312,75.0,25.0,37.0,0,68.49,0,0.0,95.04
103313,121.0,30.0,59.0,0,49.56,0,0.0,94.04
103314,30.0,18.0,32.0,0,40.94,0,1.0,51.11
103315,60.0,86.0,50.0,1,76.31,1,31.0,84.97
103316,61.0,7.0,35.0,1,48.02,0,1.0,69.97
103317,58.0,17.0,24.0,1,83.04,1,42.0,120.77
103318,56.0,34.0,43.0,1,122.3,1,39.0,115.26
103319,53.0,1.0,42.0,1,84.29,0,1.0,86.29
103320,90.0,1.0,25.0,1,76.09,0,0.0,50.79
103321,50.0,0.0,29.0,1,140.3,1,53.0,146.17
103322,57.0,33.0,30.0,1,81.37,0,2.0,40.5
103323,60.0,17.0,53.0,0,48.02,0,0.0,60.38
103324,63.0,34.0,46.0,1,92.62,0,1.0,107.39
103325,56.0,8.0,43.0,1,34.73,0,2.0,72.52
103326,90.0,25.0,46.0,1,29.71,0,2.0,63.48
103327,60.0,19.0,34.0,1,17.92,0,1.0,44.67
103328,65.0,22.0,46.0,1,70.73,0,0.0,84.02
103329,59.0,91.0,32.0,0,29.31,0,1.0,9.05
103330,40.0,4.0,23.0,1,51.7,1,28.0,101.12
103331,43.0,6.0,31.0,0,55.32,0,2.0,33.75
103332,40.0,9.0,43.0,0,47.67,0,3.0,66.32
103333,65.0,19.0,41.0,0,103.26,0,1.0,103.36
103334,45.0,101.0,54.0,1,103.45,0,0.0,117.92
103335,39.0,120.0,18.0,1,43.53,0,0.0,91.54
103336,66.0,50.0,37.0,1,127.72,1,37.0,126.61
103337,74.0,15.0,45.0,0,13.26,0,0.0,58.22
103338,30.0,11.0,28.0,1,119.69,1,36.0,108.03
103339,119.0,41.0,43.0,1,59.33,1,37.0,108.58
103340,61.0,28.0,35.0,1,102.17,1,33.0,108.7
103341,58.0,3.0,25.0,0,155.07,1,44.0,133.21
103342,92.0,4.0,55.0,1,115.88,0,2.0,116.84
103343,62.0,3.0,22.0,1,7.59,1,11.0,29.93
103344,47.0,37.0,53.0,0,100.51,0,0.0,101.03
103345,145.0,15.0,35.0,0,12.93,0,2.0,60.65
103346,39.0,52.0,28.0,0,72.07,1,30.0,94.83
103347,58.0,15.0,29.0,0,75.54,0,6.0,80.93
103348,85.0,42.0,31.0,0,118.92,1,39.0,118.83
103349,39.0,25.0,29.0,1,23.82,0,0.0,38.52
103350,58.0,7.0,44.0,0,69.61,0,5.0,88.09
103351,70.0,6.0,18.0,1,71.34,0,0.0,70.77
103352,158.0,7.0,56.0,0,62.76,0,0.0,103.97
103353,42.0,13.0,51.0,1,10.83,0,0.0,59.95
103354,59.0,58.0,58.0,1,25.52,1,23.0,71.28
103355,79.0,81.0,27.0,1,40.96,1,28.0,84.11
103356,62.0,1.0,18.0,1,118.09,1,38.0,124.52
103357,37.0,20.0,32.0,0,38.55,0,0.0,47.12
103358,71.0,32.0,38.0,1,41.11,1,22.0,76.87
103359,63.0,6.0,44.0,0,9.56,0,0.0,50.8
103360,72.0,24.0,33.0,1,97.42,0,0.0,109.95
103361,95.0,36.0,39.0,1,67.78,1,39.0,128.26
103362,90.0,70.0,42.0,1,48.69,0,1.0,94.76
103363,71.0,27.0,20.0,1,68.49,0,0.0,85.67
103364,68.0,11.0,64.0,1,21.4,0,0.0,43.24
103365,39.0,4.0,26.0,0,126.14,0,0.0,85.05
103366,57.0,12.0,44.0,1,54.38,0,0.0,63.57
103367,66.0,1.0,54.0,1,167.43,1,54.0,158.23
103368,51.0,50.0,30.0,1,120.27,1,38.0,118.28
103369,63.0,3.0,40.0,1,111.62,1,35.0,122.56
103370,43.0,47.0,61.0,1,7.03,0,0.0,43.86
103371,111.0,8.0,36.0,0,59.53,0,0.0,86.49
103372,143.0,61.0,54.0,0,79.22,0,1.0,105.76
103373,52.0,25.0,44.0,1,85.68,0,0.0,110.13
103374,71.0,20.0,43.0,1,35.36,0,5.0,55.98
103375,55.0,33.0,49.0,0,67.9,0,1.0,106.69
103376,100.0,13.0,37.0,1,28.4,0,2.0,57.83
103377,72.0,20.0,37.0,1,42.22,0,2.0,44.61
103378,62.0,26.0,53.0,1,105.9,1,27.0,88.86
103379,55.0,41.0,44.0,0,11.95,0,1.0,55.51
103380,63.0,20.0,47.0,1,96.64,1,42.0,123.23
103381,40.0,2.0,25.0,1,80.96,1,39.0,119.22
103382,79.0,14.0,40.0,0,39.01,0,0.0,79.36
103383,45.0,13.0,56.0,1,330.47,1,52.0,153.88
103384,75.0,46.0,52.0,1,20.87,0,3.0,62.95
103385,64.0,0.0,45.0,0,84.71,0,0.0,90.84
103386,94.0,19.0,33.0,1,51.06,1,33.0,87.76
103387,60.0,19.0,32.0,0,166.06,1,41.0,119.05
103388,91.0,47.0,46.0,1,48.68,1,25.0,75.16
103389,42.0,7.0,59.0,0,44.79,0,0.0,70.57
103390,77.0,47.0,41.0,1,108.17,1,42.0,123.66
103391,55.0,12.0,57.0,1,55.55,0,0.0,83.86
103392,65.0,23.0,36.0,1,34.94,0,1.0,65.9
103393,62.0,3.0,56.0,0,181.14,1,39.0,140.33
103394,88.0,36.0,27.0,1,151.16,1,31.0,109.73
103395,27.0,8.0,43.0,0,77.46,1,31.0,93.46
103396,69.0,38.0,26.0,1,83.11,1,27.0,109.08
103397,33.0,24.0,49.0,0,92.94,1,34.0,99.28
103398,98.0,10.0,48.0,1,47.16,1,35.0,89.4
103399,27.0,19.0,28.0,1,86.38,0,1.0,78.16
103400,40.0,19.0,31.0,1,62.33,1,14.0,41.73
103401,31.0,0.0,34.0,0,61.23,0,0.0,51.51
103402,116.0,39.0,21.0,0,67.36,0,0.0,107.61
103403,36.0,19.0,28.0,1,55.5,0,3.0,67.73
103404,63.0,85.0,29.0,0,126.53,0,1.0,126.01
103405,49.0,24.0,50.0,1,97.83,0,0.0,83.69
103406,29.0,0.0,58.0,0,105.34,0,4.0,97.54
103407,53.0,24.0,34.0,1,50.45,1,30.0,94.66
103408,79.0,38.0,36.0,0,30.83,1,23.0,72.03
103409,56.0,6.0,43.0,0,195.81,1,42.0,145.38
103410,88.0,1.0,33.0,1,57.54,0,3.0,67.74
103411,52.0,17.0,37.0,0,55.41,0,0.0,52.43
103412,61.0,16.0,51.0,1,81.16,1,34.0,106.04
103413,52.0,5.0,43.0,1,116.17,1,37.0,118.83
103414,69.0,1.0,39.0,1,49.54,0,3.0,78.69
103415,129.0,10.0,33.0,0,89.03,0,5.0,109.01
103416,70.0,31.0,59.0,0,48.51,0,6.0,73.19
103417,65.0,17.0,32.0,1,39.4,0,0.0,86.8
103418,47.0,23.0,42.0,1,108.64,1,32.0,109.32
103419,45.0,16.0,27.0,1,160.06,1,40.0,146.05
103420,108.0,27.0,32.0,0,21.21,0,7.0,63.86
103421,39.0,93.0,41.0,0,17.25,0,3.0,29.08
103422,42.0,1.0,35.0,1,54.66,0,0.0,94.89
103423,58.0,5.0,47.0,1,65.11,1,35.0,99.14
103424,51.0,16.0,41.0,1,62.69,0,0.0,96.35
103425,132.0,13.0,22.0,1,12.8,0,2.0,39.18
103426,23.0,12.0,18.0,1,120.54,1,18.0,60.68
103427,70.0,25.0,53.0,1,28.81,0,0.0,50.34
103428,80.0,7.0,33.0,1,67.11,0,0.0,87.89
103429,39.0,1.0,59.0,1,41.9,0,0.0,88.43
103430,47.0,17.0,40.0,1,79.03,0,3.0,84.88
103431,72.0,13.0,30.0,1,62.38,1,25.0,80.31
103432,116.0,8.0,47.0,0,78.41,0,6.0,129.2
103433,42.0,25.0,37.0,0,81.43,0,0.0,88.44
103434,32.0,12.0,40.0,1,51.85,1,19.0,55.28
103435,89.0,46.0,28.0,0,30.58,0,0.0,55.93
103436,111.0,16.0,48.0,1,17.89,1,26.0,79.41
103437,53.0,18.0,54.0,0,22.87,0,3.0,41.04
103438,25.0,6.0,33.0,1,54.66,0,0.0,66.62
103439,108.0,38.0,63.0,1,86.95,0,0.0,98.81
103440,56.0,103.0,33.0,0,72.46,0,0.0,96.87
103441,95.0,37.0,43.0,1,80.46,0,3.0,110.48
103442,59.0,62.0,19.0,1,51.83,0,5.0,65.83
103443,52.0,41.0,18.0,1,37.38,0,0.0,64.41
103444,50.0,6.0,67.0,0,141.2,1,43.0,134.17
103445,109.0,11.0,59.0,1,170.5,1,57.0,180.92
103446,107.0,14.0,55.0,1,95.36,0,0.0,104.4
103447,26.0,9.0,18.0,0,56.38,0,3.0,58.59
103448,41.0,98.0,43.0,1,171.35,1,46.0,149.43
103449,123.0,10.0,46.0,0,62.6,1,35.0,107.89
103450,52.0,97.0,41.0,0,126.95,1,35.0,119.32
103451,35.0,9.0,44.0,1,11.75,0,2.0,46.79
103452,60.0,6.0,28.0,1,13.38,1,19.0,71.73
103453,58.0,12.0,38.0,0,116.54,1,40.0,118.39
103454,58.0,30.0,25.0,1,38.52,0,4.0,56.23
103455,50.0,25.0,36.0,1,100.87,1,19.0,57.66
103456,53.0,51.0,45.0,1,44.99,1,20.0,73.54
103457,50.0,24.0,30.0,0,16.22,0,4.0,47.33
103458,69.0,15.0,37.0,1,72.91,1,34.0,110.97
103459,44.0,3.0,35.0,0,62.65,0,0.0,55.72
103460,54.0,20.0,40.0,1,44.83,0,7.0,56.58
103461,57.0,40.0,52.0,1,41.24,1,21.0,72.4
103462,102.0,37.0,43.0,0,84.81,0,0.0,95.3
103463,70.0,3.0,45.0,1,65.0,1,31.0,98.1
103464,58.0,49.0,21.0,1,41.84,1,26.0,79.56
103465,75.0,6.0,35.0,1,95.79,1,34.0,118.9
103466,71.0,1.0,51.0,1,45.21,1,32.0,79.72
103467,93.0,13.0,29.0,1,58.5,0,0.0,87.4
103468,74.0,17.0,35.0,1,35.52,0,0.0,58.91
103469,124.0,32.0,28.0,1,64.11,1,34.0,103.46
103470,103.0,76.0,57.0,1,273.84,1,48.0,149.9
103471,59.0,4.0,34.0,1,97.21,0,0.0,97.71
103472,51.0,8.0,31.0,1,278.95,1,42.0,143.57
103473,86.0,24.0,48.0,1,49.5,0,0.0,80.14
103474,74.0,16.0,54.0,1,130.92,1,38.0,130.56
103475,58.0,3.0,47.0,1,29.54,0,0.0,59.22
103476,33.0,17.0,53.0,0,97.0,0,0.0,100.58
103477,29.0,17.0,43.0,1,53.27,0,0.0,68.53
103478,69.0,3.0,38.0,1,70.68,0,3.0,84.57
103479,82.0,8.0,34.0,0,69.57,0,1.0,101.28
103480,83.0,43.0,34.0,1,87.01,0,3.0,85.69
103481,36.0,73.0,32.0,1,27.91,0,4.0,58.16
103482,91.0,4.0,45.0,1,102.24,1,44.0,131.49
103483,49.0,18.0,39.0,1,27.88,0,0.0,54.08
103484,70.0,83.0,41.0,0,79.57,0,0.0,93.6
103485,71.0,20.0,48.0,1,31.81,1,38.0,128.95
103486,44.0,1.0,39.0,0,88.52,1,37.0,96.28
103487,48.0,65.0,22.0,0,61.04,0,5.0,57.58
103488,26.0,18.0,30.0,1,50.34,0,0.0,50.96
103489,42.0,26.0,26.0,0,115.58,0,4.0,92.26
103490,29.0,14.0,18.0,0,134.43,1,34.0,113.92
103491,72.0,58.0,41.0,1,85.94,1,35.0,121.56
103492,62.0,14.0,25.0,0,44.38,1,27.0,86.95
103493,87.0,2.0,23.0,0,73.28,0,0.0,93.27
103494,70.0,17.0,26.0,1,30.59,0,0.0,72.01
103495,47.0,11.0,51.0,1,43.9,0,0.0,78.11
103496,69.0,7.0,36.0,0,59.83,0,6.0,59.92
103497,52.0,8.0,53.0,0,54.87,0,2.0,61.93
103498,77.0,47.0,39.0,0,26.06,0,5.0,42.92
103499,68.0,9.0,34.0,1,127.62,1,42.0,130.34
103500,41.0,23.0,47.0,1,73.41,0,0.0,77.23
103501,60.0,120.0,48.0,1,95.31,0,0.0,103.53
103502,62.0,42.0,42.0,1,39.59,0,0.0,77.41
103503,53.0,17.0,27.0,0,83.33,1,22.0,82.29
103504,86.0,6.0,34.0,1,10.16,0,0.0,36.22
103505,120.0,1.0,25.0,1,71.86,0,0.0,107.65
103506,52.0,15.0,37.0,1,41.32,1,30.0,73.79
103507,52.0,12.0,41.0,1,12.72,0,1.0,42.71
103508,25.0,12.0,59.0,0,67.66,0,2.0,67.55
103509,57.0,25.0,58.0,0,58.32,0,3.0,64.72
103510,51.0,2.0,49.0,1,31.33,1,19.0,55.55
103511,25.0,50.0,52.0,1,16.84,1,19.0,58.88
103512,68.0,0.0,43.0,1,128.23,1,33.0,124.75
103513,76.0,17.0,76.0,0,43.56,0,0.0,57.05
103514,45.0,9.0,60.0,0,21.68,0,0.0,50.5
103515,52.0,1.0,74.0,0,22.2,0,0.0,57.21
103516,41.0,1.0,45.0,1,41.4,0,2.0,70.57
103517,82.0,7.0,45.0,1,63.13,0,0.0,65.25
103518,33.0,13.0,54.0,0,101.55,1,26.0,73.96
103519,53.0,5.0,42.0,1,60.47,1,27.0,78.17
103520,132.0,93.0,44.0,0,51.56,0,2.0,99.78
103521,62.0,32.0,27.0,1,99.06,1,28.0,92.15
103522,73.0,4.0,52.0,1,17.12,0,7.0,46.25
103523,57.0,1.0,42.0,1,78.52,1,33.0,102.31
103524,38.0,92.0,51.0,0,61.25,0,0.0,96.79
103525,60.0,4.0,37.0,1,59.98,0,5.0,60.97
103526,71.0,19.0,18.0,0,75.24,0,4.0,68.44
103527,40.0,58.0,47.0,0,59.28,0,2.0,64.36
103528,69.0,30.0,55.0,0,99.42,0,0.0,98.83
103529,99.0,6.0,23.0,1,110.87,1,39.0,125.67
103530,93.0,24.0,27.0,0,123.34,1,40.0,124.16
103531,32.0,1.0,36.0,1,64.73,1,31.0,88.99
103532,41.0,20.0,37.0,0,24.16,0,0.0,37.17
103533,32.0,13.0,18.0,1,27.4,0,4.0,46.2
103534,93.0,11.0,63.0,1,144.44,1,43.0,142.98
103535,77.0,17.0,53.0,1,14.04,1,16.0,41.62
103536,80.0,19.0,32.0,0,45.11,1,27.0,76.47
103537,42.0,68.0,18.0,0,60.31,1,24.0,75.32
103538,38.0,4.0,45.0,1,95.01,1,40.0,118.56
103539,62.0,5.0,66.0,1,40.54,0,2.0,55.55
103540,63.0,12.0,51.0,1,25.48,0,0.0,58.23
103541,43.0,32.0,55.0,0,14.51,0,0.0,41.3
103542,64.0,6.0,28.0,1,182.53,1,46.0,146.28
103543,78.0,9.0,43.0,1,37.88,0,5.0,56.15
103544,66.0,7.0,21.0,0,28.08,0,6.0,53.51
103545,40.0,16.0,66.0,1,115.73,1,31.0,104.69
103546,26.0,11.0,47.0,0,60.08,0,1.0,56.7
103547,54.0,29.0,18.0,1,74.78,1,29.0,78.43
103548,64.0,4.0,18.0,0,51.06,0,1.0,63.41
103549,54.0,31.0,46.0,1,66.33,0,4.0,116.22
103550,51.0,48.0,42.0,1,151.42,1,37.0,120.13
103551,46.0,1.0,36.0,1,16.33,0,0.0,44.87
103552,80.0,104.0,48.0,1,84.36,0,0.0,99.97
103553,59.0,36.0,66.0,0,51.04,0,0.0,80.99
103554,63.0,2.0,45.0,0,118.09,1,43.0,134.95
103555,41.0,5.0,18.0,1,61.64,1,22.0,95.65
103556,47.0,1.0,38.0,0,147.85,1,38.0,131.93
103557,64.0,24.0,23.0,0,44.02,0,0.0,62.98
103558,40.0,19.0,30.0,0,61.16,0,0.0,91.38
103559,36.0,19.0,44.0,1,222.06,1,60.0,174.89
103560,53.0,2.0,38.0,0,47.63,0,0.0,20.57
103561,98.0,5.0,26.0,1,29.25,0,0.0,101.81
103562,65.0,4.0,40.0,0,35.36,1,27.0,79.6
103563,108.0,54.0,29.0,0,77.74,0,5.0,103.71
103564,57.0,82.0,47.0,0,29.48,0,0.0,43.27
103565,53.0,24.0,37.0,1,54.7,0,0.0,86.47
103566,35.0,62.0,45.0,1,61.36,0,0.0,82.85
103567,48.0,36.0,36.0,1,65.7,0,0.0,83.14
103568,107.0,25.0,50.0,0,130.95,1,44.0,127.12
103569,69.0,7.0,38.0,0,59.24,0,1.0,84.51
103570,81.0,4.0,40.0,0,4.3,0,2.0,34.57
103571,80.0,24.0,33.0,0,62.41,0,3.0,84.78
103572,60.0,38.0,42.0,1,53.78,0,0.0,44.39
103573,56.0,9.0,18.0,1,94.92,1,28.0,99.76
103574,63.0,22.0,75.0,1,41.75,0,0.0,108.19
103575,79.0,13.0,31.0,1,91.14,1,30.0,95.53
103576,72.0,29.0,41.0,1,54.29,0,0.0,81.47
103577,73.0,14.0,34.0,1,80.16,0,0.0,96.65
103578,64.0,0.0,34.0,1,11.64,0,0.0,44.5
103579,44.0,2.0,45.0,1,51.76,0,1.0,80.91
103580,54.0,5.0,33.0,1,44.39,0,1.0,84.49
103581,41.0,1.0,34.0,1,54.16,0,3.0,70.44
103582,90.0,41.0,22.0,0,32.75,0,1.0,116.87
103583,26.0,23.0,28.0,0,56.61,0,0.0,63.93
103584,55.0,4.0,25.0,0,94.97,0,0.0,87.31
103585,157.0,2.0,63.0,0,85.81,1,48.0,153.33
103586,53.0,16.0,22.0,0,54.72,0,0.0,71.78
103587,38.0,65.0,26.0,0,289.99,1,49.0,153.4
103588,60.0,3.0,42.0,1,6.12,0,3.0,46.38
103589,101.0,9.0,58.0,1,85.69,0,0.0,106.76
103590,57.0,29.0,18.0,1,40.6,0,2.0,72.78
103591,77.0,34.0,20.0,1,173.2,1,37.0,132.6
103592,63.0,15.0,41.0,0,36.02,0,2.0,66.62
103593,52.0,9.0,44.0,1,39.8,1,32.0,90.82
103594,213.0,1.0,21.0,0,57.97,0,0.0,123.81
103595,62.0,2.0,18.0,0,70.5,1,35.0,99.01
103596,49.0,29.0,27.0,0,149.9,1,41.0,128.03
103597,50.0,14.0,50.0,1,16.19,0,0.0,46.55
103598,70.0,13.0,39.0,1,31.31,1,27.0,82.38
103599,71.0,45.0,49.0,0,71.47,0,2.0,89.42
103600,82.0,7.0,38.0,1,67.06,0,0.0,78.45
103601,64.0,4.0,39.0,1,22.44,1,23.0,69.16
103602,34.0,6.0,48.0,1,77.68,0,0.0,79.63
103603,75.0,9.0,38.0,0,72.76,1,25.0,82.52
103604,53.0,43.0,43.0,1,91.76,0,2.0,95.94
103605,54.0,83.0,28.0,1,22.14,0,0.0,60.82
103606,33.0,13.0,32.0,1,103.71,1,31.0,88.74
103607,48.0,51.0,46.0,0,98.97,0,2.0,98.5
103608,45.0,8.0,37.0,0,91.74,0,0.0,76.19
103609,59.0,16.0,30.0,1,50.77,0,0.0,71.55
103610,34.0,1.0,48.0,0,134.92,1,36.0,119.84
103611,62.0,64.0,47.0,1,25.34,0,0.0,63.97
103612,63.0,69.0,40.0,0,141.03,0,4.0,105.69
103613,39.0,22.0,30.0,1,186.16,1,49.0,138.4
103614,47.0,34.0,51.0,0,76.52,0,0.0,112.25
103615,43.0,17.0,72.0,1,41.22,0,0.0,69.09
103616,87.0,27.0,29.0,1,60.85,1,33.0,109.62
103617,22.0,2.0,20.0,1,83.72,0,0.0,85.79
103618,53.0,69.0,30.0,0,26.67,0,0.0,65.26
103619,31.0,20.0,28.0,1,90.4,0,2.0,95.06
103620,51.0,3.0,23.0,1,68.48,1,37.0,100.1
103621,85.0,59.0,24.0,1,32.93,0,0.0,73.35
103622,47.0,2.0,51.0,0,166.4,1,40.0,124.87
103623,64.0,14.0,51.0,1,139.24,1,29.0,113.07
103624,43.0,9.0,59.0,1,90.99,1,32.0,104.62
103625,131.0,102.0,49.0,0,54.38,0,0.0,97.63
103626,87.0,27.0,33.0,0,117.07,1,38.0,134.94
103627,95.0,4.0,54.0,1,31.49,0,2.0,72.92
103628,35.0,4.0,32.0,0,49.08,0,0.0,40.19
103629,39.0,1.0,35.0,1,57.18,1,27.0,82.37
103630,93.0,4.0,24.0,1,13.56,1,19.0,57.67
103631,56.0,16.0,56.0,1,46.73,1,25.0,73.89
103632,54.0,13.0,53.0,1,43.32,1,21.0,71.18
103633,69.0,23.0,34.0,1,174.9,1,26.0,97.35
103634,37.0,20.0,36.0,1,143.69,1,39.0,110.13
103635,82.0,40.0,40.0,1,87.74,0,0.0,83.99
103636,61.0,19.0,42.0,1,103.92,1,33.0,108.27
103637,73.0,36.0,51.0,1,49.4,0,4.0,83.43
103638,46.0,0.0,41.0,1,119.1,1,31.0,113.36
103639,74.0,19.0,45.0,0,41.91,0,1.0,67.3
103640,46.0,46.0,20.0,0,76.36,0,0.0,61.17
103641,88.0,6.0,36.0,0,70.97,1,34.0,104.05
103642,95.0,18.0,18.0,1,51.33,0,1.0,75.52
103643,87.0,1.0,63.0,0,58.4,1,26.0,91.06
103644,74.0,24.0,58.0,1,88.26,1,34.0,117.94
103645,78.0,12.0,49.0,1,82.13,1,32.0,101.88
103646,20.0,6.0,54.0,1,187.17,1,46.0,144.87
103647,84.0,12.0,66.0,1,70.09,0,1.0,105.37
103648,54.0,14.0,52.0,1,130.18,0,0.0,109.11
103649,63.0,26.0,19.0,1,106.03,1,28.0,87.77
103650,54.0,14.0,37.0,0,111.24,0,0.0,91.9
103651,35.0,77.0,18.0,0,73.66,0,2.0,67.83
103652,49.0,23.0,29.0,1,201.58,1,45.0,121.91
103653,79.0,47.0,23.0,0,9.98,0,0.0,48.98
103654,106.0,16.0,40.0,1,119.27,1,41.0,124.33
103655,47.0,45.0,45.0,0,27.86,0,0.0,69.68
103656,42.0,1.0,28.0,1,143.66,1,41.0,135.13
103657,108.0,15.0,36.0,1,85.33,1,44.0,121.3
103658,42.0,31.0,43.0,0,53.86,0,0.0,66.35
103659,138.0,2.0,38.0,1,37.88,1,38.0,102.01
103660,62.0,21.0,37.0,1,95.81,1,36.0,103.9
103661,42.0,58.0,18.0,0,111.65,0,4.0,94.97
103662,89.0,10.0,34.0,0,131.46,1,43.0,146.72
103663,119.0,8.0,50.0,1,57.79,0,0.0,86.17
103664,34.0,1.0,43.0,1,90.03,0,6.0,98.53
103665,113.0,75.0,20.0,1,49.72,0,0.0,59.67
103666,54.0,3.0,36.0,0,206.56,1,40.0,129.66
103667,109.0,20.0,43.0,1,41.6,1,34.0,106.92
103668,52.0,6.0,27.0,1,26.0,0,0.0,52.58
103669,32.0,13.0,48.0,0,47.9,0,0.0,73.54
103670,74.0,70.0,29.0,1,46.64,1,32.0,84.39
103671,87.0,120.0,35.0,1,61.95,0,0.0,103.86
103672,140.0,34.0,38.0,0,272.06,1,58.0,177.29
103673,120.0,6.0,68.0,1,67.89,1,43.0,119.63
103674,80.0,78.0,35.0,1,44.65,0,2.0,98.75
103675,55.0,5.0,32.0,1,34.61,0,0.0,50.65
103676,49.0,14.0,49.0,0,45.84,0,2.0,49.72
103677,54.0,32.0,33.0,1,40.76,1,22.0,71.67
103678,43.0,28.0,42.0,1,83.38,0,1.0,99.69
103679,54.0,49.0,18.0,1,8.25,0,0.0,36.1
103680,22.0,11.0,43.0,1,107.59,0,0.0,101.24
103681,65.0,102.0,39.0,0,27.59,0,0.0,62.57
103682,60.0,46.0,23.0,1,93.02,1,25.0,93.12
103683,168.0,79.0,57.0,1,47.31,1,37.0,112.5
103684,82.0,1.0,36.0,1,48.36,0,0.0,106.45
103685,50.0,18.0,37.0,0,114.0,1,34.0,101.25
103686,76.0,2.0,22.0,1,85.34,1,30.0,99.17
103687,37.0,22.0,18.0,0,34.12,0,0.0,48.62
103688,47.0,1.0,32.0,1,81.03,1,32.0,88.48
103689,29.0,59.0,20.0,1,157.7,0,0.0,108.3
103690,107.0,66.0,46.0,1,48.11,0,0.0,99.35
103691,77.0,58.0,51.0,1,73.78,0,1.0,72.55
103692,38.0,2.0,31.0,1,112.83,1,30.0,90.17
103693,59.0,19.0,19.0,1,153.49,1,39.0,128.89
103694,88.0,9.0,34.0,0,20.68,0,0.0,76.7
103695,74.0,14.0,26.0,0,65.71,0,0.0,72.54
103696,70.0,1.0,42.0,0,25.42,0,5.0,36.08
103697,43.0,6.0,42.0,0,62.6,0,0.0,68.93
103698,47.0,4.0,34.0,1,17.29,0,2.0,43.86
103699,63.0,0.0,40.0,1,60.83,1,24.0,85.54
103700,87.0,41.0,53.0,1,170.74,1,45.0,148.89
103701,43.0,11.0,62.0,1,39.07,0,0.0,67.24
103702,39.0,17.0,33.0,1,141.21,1,32.0,108.43
103703,95.0,46.0,49.0,1,125.14,1,42.0,142.56
103704,42.0,9.0,36.0,0,103.14,0,2.0,81.96
103705,93.0,24.0,26.0,1,64.99,1,27.0,89.21
103706,67.0,36.0,56.0,0,9.8,0,0.0,39.57
103707,86.0,25.0,45.0,1,106.34,1,42.0,121.75
103708,121.0,10.0,41.0,1,44.99,0,2.0,102.51
103709,79.0,1.0,44.0,1,102.81,1,35.0,109.61
103710,82.0,5.0,37.0,1,48.02,0,1.0,96.73
103711,42.0,38.0,26.0,1,71.63,1,28.0,86.15
103712,46.0,1.0,63.0,0,52.99,0,0.0,68.52
103713,78.0,50.0,51.0,0,99.52,1,36.0,106.75
103714,111.0,27.0,43.0,1,36.75,0,1.0,80.95
103715,105.0,38.0,52.0,1,67.21,1,34.0,106.27
103716,152.0,13.0,56.0,0,58.68,0,2.0,109.84
103717,68.0,10.0,37.0,1,95.42,1,34.0,106.06
103718,65.0,65.0,47.0,1,106.02,1,35.0,118.18
103719,90.0,23.0,35.0,0,173.79,1,48.0,146.34
103720,61.0,44.0,48.0,0,32.26,0,0.0,77.7
103721,59.0,2.0,36.0,1,155.31,1,39.0,137.25
103722,40.0,6.0,71.0,1,138.94,1,45.0,131.43
103723,90.0,30.0,35.0,0,100.93,1,33.0,111.1
103724,39.0,34.0,46.0,1,70.55,0,0.0,75.21
103725,74.0,27.0,45.0,0,115.24,1,38.0,109.38
103726,34.0,8.0,35.0,1,34.73,0,0.0,44.72
103727,94.0,29.0,52.0,1,44.49,1,24.0,70.83
103728,40.0,82.0,38.0,0,98.95,0,0.0,95.51
103729,85.0,93.0,34.0,0,91.47,0,0.0,115.45
103730,32.0,17.0,39.0,0,60.5,0,0.0,64.24
103731,51.0,37.0,30.0,0,47.99,0,1.0,72.18
103732,97.0,20.0,55.0,0,5.59,0,0.0,38.71
103733,44.0,56.0,48.0,1,33.93,1,18.0,59.42
103734,62.0,10.0,52.0,1,29.43,1,30.0,90.89
103735,50.0,24.0,22.0,0,50.93,0,0.0,78.1
103736,24.0,26.0,43.0,1,34.41,1,21.0,59.47
103737,68.0,50.0,29.0,1,70.67,1,31.0,87.01
103738,72.0,24.0,41.0,1,33.4,1,15.0,36.56
103739,39.0,24.0,56.0,1,66.18,1,33.0,90.03
103740,76.0,10.0,43.0,1,13.34,1,20.0,61.26
103741,44.0,1.0,37.0,0,55.05,0,0.0,61.25
103742,40.0,17.0,54.0,0,12.98,0,0.0,42.01
103743,61.0,63.0,53.0,0,40.11,1,19.0,62.55
103744,46.0,8.0,63.0,0,8.98,0,0.0,31.16
103745,151.0,33.0,18.0,0,144.47,1,40.0,118.26
103746,32.0,3.0,44.0,1,68.5,1,31.0,98.91
103747,81.0,32.0,34.0,1,148.15,1,40.0,121.55
103748,90.0,24.0,28.0,1,19.93,0,3.0,56.73
103749,27.0,40.0,41.0,0,40.15,0,0.0,54.63
103750,30.0,16.0,24.0,0,108.06,0,0.0,80.55
103751,76.0,4.0,18.0,1,30.25,0,0.0,54.01
103752,50.0,35.0,28.0,1,123.91,0,0.0,99.65
103753,70.0,25.0,36.0,1,104.15,1,43.0,147.22
103754,95.0,28.0,64.0,1,46.05,0,1.0,94.2
103755,52.0,29.0,30.0,1,34.38,0,0.0,130.77
103756,39.0,71.0,24.0,1,20.74,0,0.0,14.01
103757,20.0,14.0,18.0,1,78.69,0,0.0,67.51
103758,65.0,57.0,35.0,1,109.75,1,35.0,124.24
103759,42.0,41.0,36.0,0,63.46,0,0.0,68.57
103760,68.0,4.0,41.0,1,30.63,0,1.0,77.09
103761,66.0,7.0,21.0,1,58.92,1,25.0,90.01
103762,35.0,46.0,30.0,0,98.98,0,0.0,61.4
103763,120.0,53.0,18.0,1,38.78,0,1.0,83.47
103764,93.0,6.0,42.0,0,140.03,1,42.0,143.37
103765,85.0,18.0,19.0,1,80.23,0,0.0,105.97
103766,38.0,43.0,18.0,0,14.14,0,3.0,42.29
103767,51.0,12.0,55.0,1,63.35,0,4.0,99.57
103768,48.0,17.0,46.0,0,100.0,1,37.0,95.89
103769,51.0,42.0,44.0,1,30.53,0,1.0,53.5
103770,38.0,12.0,44.0,0,20.56,0,2.0,50.03
103771,72.0,46.0,26.0,1,32.86,0,0.0,75.15
103772,66.0,36.0,53.0,1,11.09,0,0.0,47.89
103773,70.0,12.0,26.0,0,14.51,0,1.0,40.35
103774,49.0,22.0,64.0,1,96.27,1,38.0,128.92
103775,101.0,13.0,42.0,0,32.76,0,0.0,65.29
103776,65.0,12.0,18.0,1,69.27,0,4.0,73.14
103777,20.0,8.0,51.0,1,143.19,1,36.0,118.35
103778,47.0,2.0,65.0,1,199.28,1,40.0,127.62
103779,59.0,120.0,36.0,1,16.93,0,0.0,49.34
103780,89.0,63.0,53.0,0,74.56,0,1.0,101.88
103781,54.0,61.0,37.0,1,25.83,0,2.0,71.87
103782,55.0,1.0,31.0,1,44.27,0,1.0,74.66
103783,46.0,2.0,18.0,0,126.21,0,0.0,104.48
103784,79.0,2.0,56.0,1,12.6,0,0.0,28.89
103785,50.0,58.0,34.0,1,176.85,1,46.0,136.08
103786,47.0,3.0,44.0,0,136.46,0,7.0,91.74
103787,45.0,5.0,25.0,1,36.35,0,3.0,59.37
103788,75.0,22.0,28.0,1,188.2,1,57.0,158.27
103789,49.0,38.0,54.0,0,90.2,1,31.0,102.89
103790,31.0,91.0,34.0,0,73.46,0,1.0,76.03
103791,77.0,38.0,34.0,0,88.2,0,0.0,104.22
103792,46.0,17.0,23.0,0,18.09,0,3.0,55.85
103793,70.0,6.0,42.0,1,84.56,1,36.0,108.9
103794,70.0,42.0,50.0,1,152.9,1,44.0,149.52
103795,98.0,11.0,34.0,1,140.62,1,46.0,157.21
103796,92.0,52.0,37.0,0,124.65,1,37.0,125.02
103797,48.0,16.0,24.0,0,39.31,0,1.0,34.05
103798,56.0,58.0,58.0,1,76.02,0,0.0,83.99
103799,36.0,25.0,31.0,0,116.79,1,25.0,82.5
103800,118.0,12.0,37.0,0,105.08,1,36.0,121.21
103801,72.0,85.0,61.0,1,115.17,0,0.0,101.79
103802,105.0,10.0,37.0,0,35.28,0,0.0,71.65
103803,53.0,30.0,19.0,1,50.74,1,28.0,88.57
103804,27.0,5.0,27.0,1,15.0,0,0.0,24.04
103805,111.0,1.0,35.0,1,26.73,0,3.0,57.8
103806,63.0,30.0,63.0,1,37.86,1,16.0,60.46
103807,64.0,1.0,42.0,1,32.47,1,25.0,76.14
103808,62.0,23.0,37.0,0,155.47,1,40.0,123.34
103809,78.0,35.0,50.0,1,104.86,0,0.0,69.83
103810,75.0,44.0,57.0,1,48.1,0,0.0,79.32
103811,32.0,59.0,30.0,1,49.48,0,3.0,59.25
103812,93.0,6.0,58.0,1,51.96,1,25.0,87.28
103813,49.0,68.0,51.0,0,91.91,0,3.0,102.1
103814,50.0,47.0,45.0,1,91.98,1,28.0,104.07
103815,120.0,27.0,18.0,0,43.23,0,0.0,64.36
103816,87.0,44.0,42.0,0,38.07,0,1.0,77.97
103817,53.0,13.0,58.0,1,60.41,0,4.0,86.89
103818,29.0,4.0,36.0,1,10.73,0,9.0,44.16
103819,64.0,4.0,70.0,1,68.13,1,30.0,113.22
103820,75.0,14.0,41.0,1,75.9,1,27.0,91.37
103821,58.0,14.0,26.0,1,37.69,0,1.0,83.5
103822,37.0,6.0,47.0,1,19.98,0,3.0,15.69
103823,44.0,52.0,43.0,1,65.59,0,0.0,93.58
103824,37.0,5.0,51.0,0,200.45,1,52.0,147.18
103825,66.0,17.0,37.0,1,71.33,1,31.0,93.29
103826,84.0,1.0,57.0,0,78.52,0,0.0,112.19
103827,91.0,14.0,32.0,1,32.35,0,0.0,70.46
103828,45.0,8.0,41.0,1,42.37,0,0.0,62.36
103829,66.0,48.0,23.0,0,49.07,0,1.0,70.34
103830,75.0,17.0,29.0,1,7.93,1,23.0,65.89
103831,49.0,18.0,42.0,0,26.59,0,0.0,41.88
103832,57.0,9.0,31.0,1,249.53,1,49.0,159.43
103833,141.0,5.0,34.0,1,54.71,1,33.0,104.59
103834,65.0,34.0,37.0,0,56.04,0,0.0,73.25
103835,86.0,13.0,43.0,0,160.31,1,39.0,125.06
103836,51.0,7.0,50.0,1,60.74,1,25.0,95.14
103837,61.0,45.0,50.0,1,111.82,1,40.0,123.24
103838,30.0,1.0,53.0,1,67.68,1,17.0,71.59
103839,60.0,64.0,42.0,1,81.69,0,0.0,108.0
103840,97.0,9.0,33.0,1,24.29,0,6.0,73.03
103841,140.0,23.0,19.0,1,65.52,1,32.0,109.18
103842,97.0,82.0,35.0,1,96.95,1,41.0,142.29
103843,79.0,17.0,29.0,1,80.15,1,31.0,94.3
103844,62.0,21.0,18.0,0,33.44,1,20.0,55.05
103845,47.0,25.0,61.0,0,94.08,0,7.0,90.88
103846,57.0,19.0,18.0,1,17.99,0,0.0,75.05
103847,77.0,35.0,44.0,0,29.32,0,1.0,58.83
103848,44.0,5.0,47.0,0,139.94,1,35.0,124.77
103849,88.0,10.0,37.0,1,17.81,0,1.0,58.79
103850,41.0,41.0,74.0,1,127.06,1,43.0,134.46
103851,30.0,18.0,40.0,1,47.26,0,0.0,75.69
103852,40.0,18.0,30.0,1,79.41,1,33.0,92.13
103853,31.0,6.0,63.0,1,125.66,1,24.0,70.38
103854,35.0,20.0,29.0,1,286.46,1,45.0,134.11
103855,95.0,70.0,21.0,1,71.85,0,0.0,103.55
103856,56.0,12.0,26.0,1,52.62,0,1.0,59.01
103857,66.0,28.0,31.0,1,25.13,0,0.0,64.24
103858,96.0,4.0,40.0,1,42.19,1,23.0,65.69
103859,100.0,29.0,44.0,1,119.38,1,49.0,144.65
103860,49.0,52.0,20.0,1,78.76,0,0.0,92.75
103861,103.0,78.0,44.0,0,64.27,0,0.0,117.85
103862,70.0,17.0,69.0,1,145.12,1,42.0,131.63
103863,60.0,73.0,30.0,1,63.41,0,0.0,85.01
103864,72.0,4.0,38.0,1,79.27,1,30.0,99.32
103865,34.0,54.0,49.0,0,76.37,0,7.0,80.6
103866,44.0,19.0,56.0,1,55.83,1,26.0,80.11
103867,58.0,13.0,31.0,1,59.55,1,26.0,84.17
103868,77.0,96.0,27.0,0,138.0,1,39.0,123.16
103869,52.0,2.0,26.0,0,116.15,0,3.0,108.02
103870,57.0,0.0,54.0,1,111.14,1,37.0,138.85
103871,89.0,11.0,52.0,1,55.37,0,0.0,91.92
103872,106.0,41.0,18.0,1,41.45,0,0.0,71.53
103873,82.0,97.0,18.0,0,71.63,0,2.0,82.69
103874,100.0,120.0,23.0,1,203.81,1,53.0,167.4
103875,51.0,0.0,20.0,1,77.93,1,25.0,80.75
103876,53.0,13.0,45.0,0,36.58,0,0.0,77.93
103877,69.0,8.0,43.0,0,83.76,0,0.0,88.6
103878,53.0,14.0,66.0,0,169.56,1,39.0,117.59
103879,49.0,15.0,50.0,1,19.57,0,0.0,29.82
103880,117.0,17.0,41.0,0,129.72,1,41.0,151.45
103881,56.0,0.0,55.0,1,102.03,1,25.0,90.05
103882,41.0,11.0,28.0,1,36.44,0,0.0,73.77
103883,73.0,8.0,21.0,1,98.01,1,42.0,118.46
103884,126.0,29.0,40.0,1,20.68,1,17.0,60.82
103885,62.0,21.0,52.0,1,124.57,1,37.0,119.72
103886,99.0,9.0,18.0,0,85.41,0,0.0,84.88
103887,51.0,4.0,52.0,1,9.62,1,17.0,51.46
103888,50.0,7.0,51.0,1,34.58,0,0.0,52.24
103889,46.0,34.0,33.0,1,24.94,0,2.0,53.67
103890,57.0,34.0,42.0,1,77.01,0,0.0,85.13
103891,126.0,12.0,36.0,0,25.03,0,0.0,79.04
103892,38.0,44.0,41.0,1,120.1,0,1.0,106.81
103893,116.0,15.0,50.0,1,145.7,1,42.0,140.45
103894,40.0,15.0,29.0,1,131.68,1,38.0,128.3
103895,55.0,0.0,53.0,0,36.88,0,3.0,60.26
103896,84.0,86.0,51.0,1,108.17,1,36.0,116.83
103897,78.0,2.0,52.0,0,12.48,0,3.0,35.08
103898,68.0,36.0,18.0,1,81.02,0,0.0,106.4
103899,31.0,2.0,18.0,1,63.55,1,26.0,77.3
103900,70.0,29.0,49.0,0,132.18,1,42.0,127.08
103901,40.0,79.0,32.0,0,74.95,0,0.0,91.32
103902,169.0,61.0,31.0,1,78.34,0,0.0,133.09
103903,55.0,6.0,30.0,1,61.01,1,22.0,87.38
103904,65.0,17.0,22.0,1,27.0,0,5.0,66.64
103905,38.0,2.0,36.0,0,56.92,0,0.0,57.33
103906,50.0,8.0,30.0,1,15.62,0,0.0,39.21
103907,36.0,80.0,31.0,0,55.2,0,0.0,67.73
103908,89.0,25.0,46.0,0,85.52,0,5.0,94.23
103909,54.0,1.0,24.0,0,96.86,1,34.0,104.58
103910,76.0,15.0,55.0,1,116.64,1,44.0,129.52
103911,46.0,7.0,18.0,1,58.64,1,30.0,89.34
103912,49.0,2.0,73.0,1,62.94,0,0.0,75.59
103913,101.0,16.0,22.0,0,76.24,0,1.0,91.48
103914,41.0,70.0,47.0,1,73.41,0,0.0,89.27
103915,29.0,27.0,52.0,1,96.52,0,1.0,106.38
103916,71.0,21.0,40.0,0,32.38,0,0.0,61.73
103917,38.0,8.0,50.0,0,94.92,1,35.0,108.48
103918,51.0,17.0,38.0,1,96.69,1,25.0,70.68
103919,87.0,29.0,18.0,1,91.57,1,32.0,103.83
103920,43.0,3.0,44.0,0,38.04,0,1.0,52.11
103921,86.0,24.0,55.0,0,39.23,0,1.0,74.21
103922,46.0,11.0,32.0,0,57.85,1,22.0,79.37
103923,110.0,45.0,18.0,0,68.58,0,0.0,91.79
103924,103.0,32.0,32.0,0,103.57,1,39.0,115.2
103925,50.0,54.0,44.0,1,73.06,0,0.0,44.45
103926,55.0,12.0,44.0,1,70.2,1,23.0,63.2
103927,43.0,1.0,54.0,0,182.79,1,45.0,131.06
103928,65.0,2.0,47.0,1,62.26,0,1.0,72.69
103929,96.0,8.0,46.0,1,74.88,1,40.0,108.26
103930,34.0,7.0,18.0,0,82.28,0,1.0,68.15
103931,87.0,74.0,69.0,0,76.45,1,32.0,92.94
103932,36.0,3.0,40.0,0,64.1,0,3.0,67.3
103933,43.0,38.0,51.0,1,66.94,1,30.0,94.46
103934,30.0,53.0,35.0,1,84.24,0,0.0,87.44
103935,140.0,9.0,38.0,1,89.6,1,45.0,146.11
103936,62.0,12.0,40.0,1,35.04,0,3.0,63.4
103937,67.0,12.0,61.0,0,28.64,0,0.0,57.87
103938,46.0,9.0,60.0,0,52.42,0,0.0,72.62
103939,92.0,4.0,48.0,1,86.24,1,35.0,121.12
103940,26.0,5.0,66.0,1,144.95,1,44.0,123.12
103941,61.0,47.0,34.0,1,49.66,0,0.0,57.85
103942,146.0,14.0,47.0,1,40.99,1,12.0,41.32
103943,52.0,32.0,34.0,0,125.86,1,24.0,81.48
103944,61.0,85.0,57.0,0,90.83,1,33.0,100.92
103945,79.0,3.0,40.0,0,8.36,1,17.0,55.1
103946,44.0,5.0,53.0,0,43.5,0,1.0,70.02
103947,61.0,4.0,63.0,0,58.23,0,0.0,68.71
103948,89.0,2.0,18.0,0,37.35,0,0.0,81.09
103949,65.0,2.0,69.0,0,99.06,0,1.0,97.61
103950,70.0,3.0,44.0,1,62.85,0,5.0,90.87
103951,52.0,46.0,36.0,0,93.03,1,25.0,86.76
103952,68.0,6.0,18.0,0,52.37,0,0.0,58.77
103953,62.0,0.0,36.0,1,103.61,1,44.0,124.69
103954,108.0,24.0,18.0,1,51.09,1,31.0,83.67
103955,81.0,20.0,41.0,1,81.27,1,31.0,101.92
103956,55.0,36.0,38.0,0,172.77,1,39.0,114.54
103957,23.0,10.0,64.0,0,24.18,0,0.0,25.3
103958,80.0,22.0,35.0,1,39.36,0,2.0,82.86
103959,82.0,1.0,54.0,1,129.17,1,35.0,124.36
103960,42.0,16.0,55.0,1,15.35,0,1.0,43.15
103961,27.0,67.0,67.0,1,89.22,0,6.0,89.32
103962,38.0,5.0,37.0,1,20.68,0,0.0,44.07
103963,87.0,10.0,50.0,0,41.97,0,0.0,64.34
103964,39.0,1.0,20.0,1,24.22,0,1.0,45.13
103965,50.0,26.0,25.0,1,10.95,0,0.0,55.09
103966,66.0,3.0,36.0,0,127.75,1,42.0,122.41
103967,98.0,3.0,40.0,0,43.57,1,26.0,92.99
103968,60.0,2.0,24.0,1,76.18,0,0.0,90.97
103969,58.0,41.0,34.0,1,82.87,1,38.0,110.72
103970,48.0,28.0,49.0,0,72.65,1,31.0,91.85
103971,116.0,10.0,34.0,1,132.46,1,52.0,153.03
103972,92.0,5.0,38.0,1,115.27,1,39.0,130.75
103973,58.0,14.0,28.0,0,12.08,0,0.0,43.93
103974,35.0,7.0,58.0,1,73.37,0,0.0,89.88
103975,44.0,10.0,64.0,1,29.97,0,5.0,50.2
103976,76.0,10.0,43.0,0,28.43,0,0.0,37.86
103977,45.0,1.0,38.0,1,62.58,1,34.0,105.66
103978,86.0,15.0,62.0,1,81.03,1,35.0,103.92
103979,70.0,65.0,46.0,1,64.87,0,0.0,93.11
103980,68.0,13.0,31.0,1,161.3,1,46.0,139.66
103981,78.0,16.0,22.0,0,110.46,1,39.0,112.26
103982,74.0,1.0,32.0,1,174.57,1,43.0,155.01
103983,43.0,4.0,69.0,0,40.89,0,5.0,57.9
103984,53.0,13.0,32.0,1,80.56,0,0.0,93.06
103985,154.0,38.0,78.0,0,79.44,1,43.0,135.36
103986,37.0,35.0,40.0,1,86.5,0,4.0,102.1
103987,50.0,46.0,37.0,1,86.51,1,29.0,93.85
103988,92.0,61.0,58.0,1,9.81,0,4.0,67.37
103989,57.0,67.0,37.0,0,63.22,0,4.0,83.2
103990,44.0,9.0,45.0,1,41.99,0,0.0,59.01
103991,36.0,36.0,26.0,1,37.6,0,4.0,50.44
103992,75.0,20.0,23.0,1,100.85,0,4.0,113.74
103993,91.0,33.0,30.0,1,22.77,0,0.0,52.11
103994,106.0,14.0,43.0,0,28.64,0,2.0,76.03
103995,62.0,72.0,31.0,1,94.6,0,2.0,82.56
103996,92.0,1.0,18.0,1,63.27,1,33.0,125.58
103997,40.0,27.0,46.0,0,42.01,0,0.0,60.65
103998,65.0,33.0,38.0,0,42.12,0,0.0,44.5
103999,46.0,30.0,36.0,1,55.78,1,21.0,69.87
104000,65.0,2.0,32.0,1,85.39,0,2.0,85.6
