emp,cohort,yrs,q_score,slot_open,flag_t,usage_idx,kudos,out_m
70001,eng,18.2,72.8,0,1,4.58,30.2,89.1
70002,sales,12.5,45.8,0,1,6.35,25.6,75.1
70003,sales,5.9,47.4,1,0,0.0,23.2,61.0
70004,eng,2.7,50.6,1,1,5.15,23.7,76.0
70005,eng,17.8,79.5,1,1,7.01,36.3,104.0
70006,ops,8.6,61.4,1,1,4.92,30.6,86.6
70007,ops,3.8,48.2,1,1,7.35,22.1,72.1
70008,eng,3.7,66.7,0,0,1.95,21.5,71.6
70009,sales,4.1,56.6,0,1,4.4,20.2,73.9
70010,eng,1.0,45.6,0,1,3.07,27.3,73.8
70011,ops,8.1,38.3,0,0,1.49,21.9,56.6
70012,ops,2.8,45.2,0,1,5.75,24.9,64.9
70013,sales,1.1,39.5,0,0,4.5,20.2,63.0
70014,ops,1.2,54.4,0,0,1.63,19.3,64.5
70015,sales,10.3,76.7,1,1,4.37,26.9,90.8
70016,ops,4.6,46.9,1,1,5.24,21.3,59.8
70017,sales,14.9,53.7,0,0,2.28,21.4,57.2
70018,eng,1.5,45.2,0,1,4.79,23.2,65.7
70019,eng,5.4,68.7,1,0,2.78,21.5,80.7
70020,eng,6.9,46.1,0,1,5.4,13.0,61.4
70021,sales,14.0,54.9,1,1,1.56,24.7,78.0
70022,sales,0.8,62.7,0,0,3.56,29.9,78.9
70023,sales,7.2,54.1,0,0,2.36,23.1,75.5
70024,eng,12.0,50.2,1,1,4.98,23.5,69.0
70025,sales,0.9,53.9,1,1,4.53,27.1,73.7
70026,eng,3.0,54.6,0,0,1.27,24.5,74.9
70027,eng,7.8,62.3,0,1,4.37,33.0,77.0
70028,sales,1.2,47.4,0,1,5.97,25.2,70.0
70029,sales,7.1,48.8,0,1,3.4,29.8,73.7
70030,eng,2.2,64.4,0,1,6.11,30.5,85.2
70031,eng,6.9,50.7,0,1,4.93,26.4,83.0
70032,ops,6.8,53.8,0,0,0.79,23.7,69.5
70033,ops,5.2,43.5,0,1,5.52,24.9,66.5
70034,sales,5.4,57.5,0,0,1.02,15.4,64.2
70035,eng,2.1,61.6,0,0,3.22,28.1,78.0
70036,ops,11.3,52.4,0,0,3.67,20.3,63.3
70037,sales,2.3,54.4,0,0,3.26,16.9,68.1
70038,sales,4.5,52.2,0,1,4.73,26.2,71.8
70039,ops,8.7,51.4,1,1,3.95,22.3,66.7
70040,eng,2.7,49.5,0,0,1.24,17.6,72.8
70041,sales,2.1,52.5,1,1,3.29,24.8,77.0
70042,eng,2.6,71.0,0,1,5.23,24.4,92.8
70043,eng,8.5,57.8,1,1,4.0,25.8,67.9
70044,sales,9.5,40.5,1,1,4.39,23.5,58.9
70045,eng,0.7,68.2,1,1,5.58,33.6,88.0
70046,sales,4.6,38.2,1,1,3.68,24.9,62.0
70047,sales,0.9,54.8,1,1,3.62,25.8,75.8
70048,eng,2.3,37.8,1,1,5.87,26.0,52.2
70049,sales,3.5,55.3,0,1,4.09,27.0,78.0
70050,sales,6.6,80.2,1,0,2.88,33.0,94.0
70051,sales,2.7,56.0,1,1,4.75,27.9,80.1
70052,eng,6.2,68.7,1,0,1.59,20.1,83.9
70053,sales,1.9,51.2,0,0,0.98,20.8,58.2
70054,sales,1.7,53.7,0,1,5.5,27.2,76.9
70055,sales,0.9,49.3,0,1,5.89,21.0,62.6
70056,sales,4.3,64.4,1,0,1.75,21.9,75.5
70057,sales,5.3,61.9,0,0,1.2,16.4,71.8
70058,sales,0.3,52.6,0,1,5.69,23.7,62.3
70059,eng,8.8,53.5,1,1,4.85,28.6,80.4
70060,ops,6.3,36.0,0,0,1.16,13.6,49.2
70061,sales,2.7,54.4,0,1,5.88,31.0,74.8
70062,eng,3.4,61.7,1,1,5.11,23.2,79.5
70063,sales,6.0,39.6,0,0,2.45,24.1,58.7
70064,eng,8.2,60.7,1,0,2.11,26.4,78.6
70065,ops,7.2,41.4,0,0,2.84,21.8,67.3
70066,ops,1.3,32.1,1,1,4.78,15.7,44.3
70067,eng,5.1,39.1,1,1,5.13,21.3,62.8
70068,eng,3.2,56.0,1,1,4.91,26.6,77.3
70069,sales,9.5,65.0,0,0,3.89,26.0,81.3
70070,eng,4.9,72.3,1,0,2.42,28.1,98.4
70071,sales,6.2,35.7,0,1,4.61,19.0,55.8
70072,sales,1.9,60.3,1,0,2.62,28.8,73.4
70073,ops,14.2,56.2,0,1,3.45,30.4,77.7
70074,ops,8.6,47.4,1,0,1.97,24.7,69.5
70075,ops,13.2,61.1,0,0,2.82,21.7,81.7
70076,sales,3.8,47.0,1,1,5.54,16.2,59.9
70077,eng,12.7,58.4,1,1,5.81,33.3,94.1
70078,ops,1.5,49.1,0,0,3.46,14.3,55.5
70079,eng,3.4,57.8,0,0,1.04,25.9,70.2
70080,eng,3.2,51.4,0,1,5.73,25.1,75.3
70081,eng,2.8,52.9,0,0,4.53,25.5,75.5
70082,sales,1.5,50.8,1,0,1.9,19.1,64.8
70083,sales,0.4,61.3,0,0,1.37,20.8,65.0
70084,eng,5.1,40.2,0,1,5.3,21.9,68.0
70085,eng,7.3,53.4,0,1,7.22,21.2,74.0
70086,sales,12.0,64.0,1,0,-0.12,32.7,86.3
70087,sales,6.4,58.7,1,1,6.01,27.7,85.2
70088,sales,9.2,47.7,1,1,3.48,19.6,58.1
70089,sales,3.3,57.5,1,0,1.46,25.5,70.8
70090,ops,1.9,37.7,0,0,1.77,14.0,39.8
70091,ops,0.8,50.1,0,1,3.79,24.0,66.6
70092,eng,3.9,70.3,1,0,2.66,25.6,89.4
70093,ops,2.9,32.1,0,1,3.47,21.3,50.4
70094,ops,4.0,53.0,0,1,3.93,22.6,59.0
70095,sales,1.8,57.7,0,1,5.97,26.6,77.7
70096,sales,3.4,40.4,0,1,6.43,21.4,56.8
70097,sales,3.1,56.1,0,0,3.0,23.4,71.0
70098,ops,3.4,51.6,1,1,5.47,28.0,75.3
70099,eng,7.1,59.8,1,1,5.22,28.7,80.2
70100,sales,4.3,54.2,1,1,5.58,24.9,69.4
70101,ops,3.9,43.4,1,1,5.02,27.8,66.5
70102,eng,2.6,54.3,0,0,2.33,17.0,62.8
70103,sales,12.5,59.9,0,1,5.99,30.7,79.1
70104,sales,1.8,63.3,0,1,6.33,26.4,81.1
70105,ops,12.9,61.4,0,0,0.74,25.1,70.7
70106,eng,11.1,72.5,0,1,4.1,33.6,86.0
70107,sales,3.7,58.4,0,0,-0.07,18.0,64.1
70108,ops,5.3,54.1,0,0,3.12,23.8,73.6
70109,sales,13.0,61.9,1,0,2.14,19.7,70.7
70110,eng,4.7,73.4,0,1,4.79,32.9,95.9
70111,sales,2.1,42.0,0,0,1.52,15.5,61.7
70112,eng,10.1,61.1,0,1,4.83,31.1,82.6
70113,sales,9.8,64.7,1,0,2.93,29.8,82.7
70114,eng,5.0,72.3,1,0,1.95,23.2,84.1
70115,eng,6.2,71.3,0,0,4.07,22.7,79.2
70116,eng,0.5,54.4,1,1,6.58,25.6,74.1
70117,eng,8.0,60.2,0,1,5.77,28.7,91.1
70118,sales,3.9,63.8,1,1,4.57,25.6,77.8
70119,eng,1.6,68.4,0,1,5.25,31.3,84.5
70120,sales,3.1,49.8,0,0,2.44,25.4,68.8
70121,sales,7.6,54.7,0,0,2.69,13.6,67.2
70122,ops,5.3,60.6,0,0,2.56,18.8,77.4
70123,eng,3.9,68.1,1,1,5.54,26.7,79.3
70124,eng,6.7,63.7,1,1,5.59,29.0,95.9
70125,eng,5.7,59.9,1,1,6.23,31.3,90.9
70126,eng,2.1,69.8,0,0,1.96,23.9,74.6
70127,sales,5.3,62.3,1,1,4.66,27.1,92.0
70128,ops,4.9,35.7,0,0,2.16,18.2,53.7
70129,sales,13.2,45.9,0,1,4.53,26.8,74.8
70130,sales,1.0,44.0,1,1,4.41,22.8,58.8
70131,ops,1.2,40.9,0,1,4.76,18.4,54.8
70132,sales,12.5,43.9,1,1,4.61,22.0,76.8
70133,sales,1.3,57.2,0,0,2.34,25.7,72.7
70134,ops,1.3,43.7,1,1,5.27,21.5,58.5
70135,eng,15.1,63.0,1,1,5.25,34.2,89.5
70136,sales,3.5,53.6,1,1,5.27,24.1,63.2
70137,sales,2.0,67.7,1,0,2.34,23.6,68.5
70138,ops,6.1,45.0,1,1,5.09,22.5,63.4
70139,eng,3.1,47.8,0,0,1.65,15.9,53.9
70140,sales,4.5,50.0,0,1,4.52,30.3,72.1
70141,sales,2.8,37.0,0,0,1.08,19.0,62.6
70142,sales,5.9,36.4,1,1,4.5,20.9,52.6
70143,eng,3.5,50.0,1,1,5.27,30.4,83.0
70144,eng,3.9,69.8,1,1,5.05,36.2,99.9
70145,ops,0.6,62.6,0,0,1.9,25.6,83.8
70146,eng,6.6,60.7,1,1,4.71,26.8,79.9
70147,eng,2.5,56.5,0,1,4.76,28.4,93.9
70148,eng,8.2,51.5,1,1,4.94,33.9,76.0
70149,eng,5.9,56.8,0,1,4.65,24.6,73.6
70150,eng,0.4,58.7,0,1,3.8,29.8,82.9
70151,ops,1.1,57.9,0,0,1.0,21.9,72.4
70152,eng,1.0,69.7,1,0,1.19,25.5,80.9
70153,sales,17.5,58.2,0,1,6.01,29.2,83.8
70154,eng,1.8,49.2,1,1,6.16,24.9,83.5
70155,sales,1.6,42.8,0,1,4.54,20.9,60.5
70156,eng,4.3,45.3,1,1,3.4,23.5,69.6
70157,ops,3.4,51.5,1,1,4.93,30.1,69.8
70158,sales,6.4,52.8,0,0,1.02,18.8,61.5
70159,eng,5.6,55.6,0,0,0.73,22.5,68.2
70160,ops,0.7,52.1,0,0,0.2,14.3,55.9
70161,sales,10.0,32.4,1,1,5.44,25.6,67.5
70162,sales,4.8,49.2,1,1,4.62,25.6,68.7
70163,eng,0.8,58.1,1,1,5.09,24.7,78.3
70164,ops,5.7,41.9,0,1,6.54,25.5,59.6
70165,eng,8.6,43.8,0,1,3.4,19.5,69.1
70166,eng,6.4,58.9,1,1,4.5,20.5,78.0
70167,ops,10.7,52.9,0,0,2.48,19.6,67.5
70168,eng,5.4,52.4,0,0,2.6,16.2,57.9
70169,eng,9.9,82.1,1,1,6.06,39.0,109.2
70170,sales,7.2,36.6,0,1,3.58,20.8,57.1
70171,eng,9.5,44.9,1,1,6.66,23.6,76.3
70172,eng,11.8,51.0,0,0,-0.41,19.4,61.6
70173,sales,8.1,68.6,0,0,2.3,23.7,72.3
70174,ops,9.4,36.8,0,1,5.13,25.6,67.9
70175,ops,5.0,41.9,1,1,7.62,23.5,62.2
70176,eng,0.1,46.4,1,1,4.72,21.1,62.9
70177,ops,2.1,58.2,0,0,3.04,15.7,61.0
70178,eng,3.8,49.7,0,1,5.9,29.8,80.2
70179,ops,4.9,50.9,1,1,4.93,25.7,70.5
70180,eng,7.8,74.4,1,1,5.45,35.0,96.6
70181,sales,6.4,50.4,1,1,4.52,27.8,75.5
70182,sales,3.1,31.3,0,1,5.24,21.7,54.6
70183,ops,12.1,53.4,1,1,4.82,29.0,74.0
70184,ops,2.3,64.1,0,0,1.52,23.5,78.1
70185,eng,2.2,54.9,0,1,5.68,32.3,84.0
70186,sales,1.9,57.6,1,0,1.69,16.3,65.6
70187,sales,1.1,57.9,1,1,3.13,25.0,61.9
70188,eng,9.6,62.3,1,0,0.39,23.0,75.2
70189,sales,6.0,68.3,0,0,1.42,20.2,74.5
70190,eng,0.3,46.6,1,1,6.78,32.3,76.3
70191,eng,2.3,54.5,1,1,5.86,31.3,86.6
70192,sales,0.5,44.0,1,1,3.96,20.1,59.9
70193,sales,6.4,49.5,1,1,4.56,26.4,72.4
70194,sales,5.2,73.2,1,1,6.19,35.4,90.7
70195,sales,4.5,54.9,0,1,4.6,31.1,77.8
70196,sales,0.6,66.4,1,0,3.61,25.0,89.3
70197,ops,6.6,49.3,1,0,3.5,20.4,64.9
70198,eng,9.8,68.5,0,1,3.06,28.5,85.0
70199,eng,6.6,51.1,0,1,5.37,25.2,77.4
70200,eng,2.4,44.5,0,1,4.53,22.4,69.4
70201,ops,1.1,36.8,0,1,5.13,23.5,64.4
70202,sales,1.0,65.5,1,0,1.05,18.5,68.9
70203,eng,5.0,46.1,1,1,5.78,21.3,63.5
70204,sales,4.5,31.5,1,1,4.02,22.0,57.6
70205,ops,1.7,37.0,1,0,2.43,10.9,31.9
70206,ops,5.3,75.8,0,1,5.92,32.6,86.5
70207,eng,1.7,64.9,0,0,2.52,27.2,77.3
70208,eng,5.3,44.6,1,1,6.2,32.9,79.9
70209,ops,9.8,66.3,1,0,1.75,19.8,78.5
70210,ops,3.6,42.3,1,1,6.6,15.7,64.2
70211,eng,8.8,50.5,0,1,3.81,26.3,78.2
70212,sales,7.5,32.3,0,1,4.11,21.3,67.6
70213,eng,6.5,63.2,0,1,6.72,25.4,89.4
70214,sales,6.3,42.7,1,1,5.8,20.1,61.2
70215,eng,5.6,85.2,0,1,4.33,32.9,106.2
70216,eng,5.7,58.0,0,0,2.28,21.1,73.6
70217,eng,2.0,47.9,1,1,5.45,22.7,65.5
70218,ops,2.0,54.3,1,1,5.54,23.6,68.7
70219,sales,5.3,48.7,1,1,3.39,23.0,60.0
70220,eng,6.7,57.8,0,1,4.03,30.9,83.2
70221,sales,1.2,48.6,1,1,4.93,27.1,69.3
70222,sales,0.5,57.3,1,1,5.5,34.5,90.9
70223,sales,4.3,56.9,0,0,1.88,25.0,84.7
70224,sales,3.9,53.3,1,0,2.23,20.2,65.3
70225,sales,0.5,31.6,0,1,4.49,24.2,55.9
70226,eng,12.9,69.2,1,0,2.65,28.8,89.6
70227,sales,2.9,56.9,0,1,3.82,25.4,72.5
70228,ops,5.4,24.2,0,1,4.96,21.7,50.1
70229,sales,14.6,49.9,0,1,5.52,30.7,78.1
70230,ops,2.4,40.9,1,1,5.62,24.7,56.7
70231,eng,9.0,57.0,1,1,5.09,30.6,74.9
70232,eng,2.8,62.5,0,0,1.82,23.2,77.5
70233,ops,8.3,56.7,1,1,3.95,27.5,82.4
70234,sales,4.8,44.1,1,0,3.07,9.3,60.7
70235,sales,2.7,48.3,1,1,5.66,27.8,70.3
70236,eng,4.0,57.3,1,1,4.26,27.7,73.5
70237,eng,6.4,63.5,0,0,2.8,27.0,83.2
70238,sales,10.1,70.0,0,1,5.91,34.7,88.0
70239,eng,3.8,80.1,1,1,3.96,32.5,90.1
70240,sales,11.5,62.2,1,1,4.27,27.9,87.3
70241,ops,1.2,48.8,1,1,4.65,27.9,65.1
70242,ops,7.8,40.0,0,1,5.9,24.8,64.9
70243,ops,6.2,63.7,0,0,4.2,22.7,64.7
70244,sales,2.6,48.5,1,1,6.35,31.1,79.3
70245,eng,3.4,68.2,1,0,2.68,28.5,83.9
70246,eng,0.8,67.9,0,0,1.96,27.4,87.0
70247,sales,2.6,34.3,0,1,4.45,27.3,66.3
70248,eng,12.3,56.9,1,1,4.29,27.9,78.2
70249,eng,2.0,56.4,0,0,1.62,20.7,61.5
70250,eng,2.7,58.6,0,1,4.35,23.1,75.4
70251,ops,6.2,49.4,0,0,2.99,21.8,67.6
70252,eng,8.0,62.9,0,1,6.43,31.2,82.9
70253,eng,4.1,38.8,0,0,3.0,16.9,55.6
70254,ops,7.5,55.4,1,0,4.1,16.7,75.2
70255,sales,3.6,54.9,0,0,2.48,21.1,74.8
70256,sales,7.4,50.4,0,0,3.97,17.5,69.5
70257,eng,2.2,54.9,1,1,5.75,27.5,68.0
70258,ops,3.0,35.1,1,1,5.4,21.8,57.8
70259,ops,6.0,63.1,0,0,1.92,20.1,72.6
70260,sales,3.9,58.2,0,1,5.41,27.5,79.4
70261,ops,8.4,51.6,1,1,4.11,23.2,72.6
70262,sales,8.3,53.2,0,1,5.04,20.2,68.5
70263,sales,3.7,72.6,1,0,1.87,22.7,86.6
70264,ops,2.3,56.9,0,0,2.44,18.0,54.5
70265,sales,6.2,56.4,1,1,5.75,28.4,87.4
70266,eng,8.8,57.3,0,0,2.64,24.4,78.3
70267,sales,5.0,51.7,1,0,2.41,22.2,77.1
70268,eng,5.1,58.7,0,1,4.87,26.6,81.8
70269,ops,1.6,37.5,1,1,1.86,19.5,64.8
70270,sales,4.1,49.7,0,1,6.21,29.4,74.0
70271,eng,3.4,62.0,1,1,3.69,25.8,84.9
70272,ops,1.8,46.9,0,0,2.7,14.8,52.0
70273,ops,3.4,48.8,0,1,5.27,27.5,60.9
70274,sales,1.9,54.5,1,1,5.4,25.9,71.9
70275,sales,6.8,42.7,0,0,2.16,18.9,58.4
70276,sales,9.0,65.4,0,0,2.85,23.1,75.0
70277,eng,5.2,50.1,0,0,2.95,23.2,72.9
70278,eng,3.5,68.0,1,1,6.81,32.1,85.0
70279,eng,4.5,56.8,1,1,4.35,29.7,85.6
70280,sales,12.2,59.2,0,0,2.87,24.9,73.3
70281,ops,1.4,39.4,1,1,3.77,14.2,51.9
70282,eng,2.5,48.4,0,0,3.39,17.4,60.7
70283,eng,2.2,69.8,0,1,6.29,30.7,93.6
70284,sales,6.1,52.5,0,1,3.16,25.9,74.0
70285,ops,5.1,41.4,1,1,6.15,25.0,73.1
70286,ops,1.6,45.7,1,1,5.55,21.7,66.6
70287,sales,8.4,51.1,1,0,0.7,19.1,66.6
70288,ops,3.5,48.7,1,0,1.11,14.2,52.7
70289,sales,7.0,58.6,1,1,4.49,32.4,87.9
70290,ops,5.6,46.3,1,0,4.45,19.3,57.8
70291,sales,4.6,68.2,0,0,1.1,19.5,68.0
70292,eng,2.6,65.2,0,0,-0.34,20.7,74.2
70293,ops,5.5,35.2,1,1,5.15,20.3,52.8
70294,sales,1.0,41.5,0,1,2.69,26.2,65.7
70295,sales,9.1,41.2,0,0,1.06,18.8,60.4
70296,sales,3.2,45.7,0,1,4.69,24.6,71.7
70297,eng,2.0,48.3,0,1,5.36,26.1,71.0
70298,eng,3.5,70.0,0,1,4.65,27.2,85.7
70299,sales,4.5,56.4,1,0,2.55,23.5,67.8
70300,sales,3.5,69.3,0,0,0.29,20.1,73.9
70301,sales,0.9,45.3,1,1,5.18,27.0,66.7
70302,eng,7.7,43.2,0,1,6.41,25.9,66.7
70303,eng,8.4,60.6,1,0,1.58,26.2,82.5
70304,sales,4.7,68.2,0,0,4.61,27.0,82.1
70305,eng,14.1,52.4,1,1,5.5,25.5,82.9
70306,eng,5.6,46.6,0,0,0.93,21.5,58.6
70307,sales,2.5,58.3,1,0,1.72,23.7,69.4
70308,eng,4.7,55.0,1,1,3.7,33.4,74.3
70309,sales,6.6,57.6,1,1,5.68,20.2,59.6
70310,eng,3.0,43.0,1,1,4.26,22.8,59.8
70311,eng,3.3,53.3,1,1,4.04,25.0,62.0
70312,ops,5.8,55.5,0,0,2.3,16.4,60.7
70313,sales,2.2,57.1,1,1,6.42,25.7,76.2
70314,ops,15.0,59.7,1,1,6.66,34.3,95.7
70315,ops,1.1,56.2,1,0,0.58,23.9,67.3
70316,eng,1.5,51.5,0,0,2.71,18.3,57.6
70317,eng,4.2,47.6,0,0,3.03,26.7,66.3
70318,sales,8.3,29.2,1,1,6.9,23.2,58.4
70319,eng,7.7,51.7,1,1,6.54,26.5,75.5
70320,eng,6.3,58.6,0,1,5.92,22.7,79.4
70321,ops,15.0,55.6,0,0,1.86,20.4,66.1
70322,ops,5.5,49.4,0,0,2.14,18.4,72.3
70323,eng,8.3,57.1,0,0,2.04,25.5,75.0
70324,sales,4.4,37.8,1,1,3.84,24.3,51.1
70325,sales,6.0,70.0,0,1,4.9,34.6,95.8
70326,sales,4.9,60.9,0,0,1.46,20.3,68.0
70327,eng,5.6,60.2,0,0,1.98,19.1,70.0
70328,sales,7.7,51.3,0,1,4.97,25.9,67.6
70329,ops,3.6,47.5,1,1,5.44,27.6,74.2
70330,ops,5.1,61.4,1,0,2.8,23.9,71.3
70331,eng,5.6,49.5,0,1,3.73,23.3,65.4
70332,ops,5.1,51.6,1,1,5.58,24.7,87.6
70333,eng,2.9,54.1,0,0,1.88,18.1,64.3
70334,sales,3.6,38.3,1,1,4.66,21.5,50.7
70335,sales,13.7,48.7,1,1,4.59,30.1,81.1
70336,sales,5.2,41.8,1,1,4.3,20.6,67.2
70337,ops,2.8,51.0,1,1,4.12,29.7,68.4
70338,sales,2.2,52.4,0,1,5.06,29.7,78.4
70339,ops,7.2,32.8,0,1,3.79,20.7,63.4
70340,ops,3.4,49.3,1,0,2.68,20.0,63.1
70341,ops,3.3,42.5,0,0,0.94,15.6,57.1
70342,ops,2.8,49.2,0,1,5.93,24.1,60.8
70343,eng,1.9,54.1,0,0,1.19,27.2,72.8
70344,sales,6.2,66.7,0,0,1.92,28.7,82.1
70345,sales,3.0,59.5,0,1,3.45,29.1,75.1
70346,sales,9.1,57.4,1,1,4.58,30.0,79.8
70347,sales,2.8,45.0,0,1,5.7,25.9,59.7
70348,eng,6.2,81.5,1,1,5.26,35.5,104.8
70349,eng,11.8,70.4,1,1,5.25,29.3,87.0
70350,ops,2.2,49.8,1,0,1.82,20.9,69.6
70351,eng,1.3,58.2,0,0,0.5,18.3,66.0
70352,sales,1.4,53.9,1,1,6.16,26.8,73.7
70353,eng,2.2,68.2,1,1,4.65,29.8,92.1
70354,sales,5.5,63.2,1,1,4.84,26.9,80.0
70355,eng,5.7,65.3,1,1,5.66,33.4,91.6
70356,sales,1.8,69.0,1,1,6.41,32.6,87.7
70357,eng,4.3,58.0,0,1,8.04,29.2,88.0
70358,sales,2.6,41.3,1,1,5.47,22.1,61.6
70359,eng,3.0,56.0,0,0,3.48,22.8,66.8
70360,sales,1.8,49.8,1,0,3.7,19.5,60.2
70361,sales,1.7,45.1,1,0,2.75,15.2,63.3
70362,eng,10.9,43.0,0,1,7.29,21.1,66.7
70363,ops,13.1,64.1,0,0,2.12,23.4,83.2
70364,ops,7.4,62.1,0,0,1.22,16.2,63.0
70365,ops,0.8,37.2,1,1,4.61,24.7,66.5
70366,eng,4.8,63.2,1,0,1.09,28.5,76.8
70367,ops,2.5,44.8,1,1,5.28,21.2,67.7
70368,eng,8.5,56.0,1,1,4.99,27.0,70.1
70369,ops,3.1,70.6,0,0,0.79,21.6,74.7
70370,eng,1.9,77.3,1,1,4.13,34.8,91.1
70371,eng,2.3,56.7,0,0,0.77,18.1,71.8
70372,eng,4.2,54.3,1,1,4.35,23.5,71.3
70373,ops,6.0,52.3,1,0,2.61,18.6,60.9
70374,sales,2.3,61.7,0,1,4.34,31.3,83.7
70375,ops,2.2,36.5,0,1,3.85,21.4,60.1
70376,eng,4.0,59.6,1,1,5.67,26.4,77.5
70377,ops,6.7,60.7,0,0,2.2,21.6,64.4
70378,eng,2.2,58.1,1,0,2.92,19.2,78.1
70379,eng,21.0,69.3,0,0,-0.51,20.9,73.4
70380,sales,8.4,38.0,0,0,1.3,18.5,58.7
70381,eng,4.9,67.6,0,0,2.32,25.9,84.5
70382,sales,8.1,46.5,1,1,4.66,26.7,75.2
70383,sales,1.7,32.5,1,1,4.55,22.7,60.9
70384,eng,5.0,36.3,0,1,4.4,24.0,62.4
70385,sales,1.6,47.5,1,1,5.91,21.3,68.5
70386,eng,1.4,58.9,1,1,6.52,24.5,80.4
70387,eng,2.2,53.5,0,0,4.28,21.6,72.4
70388,ops,0.5,64.5,1,1,4.18,24.7,78.3
70389,sales,3.3,46.2,0,1,4.77,24.7,65.9
70390,eng,14.5,45.5,0,1,7.19,26.9,81.7
70391,ops,4.9,36.5,0,0,2.25,16.5,69.2
70392,eng,7.2,74.4,0,1,6.52,31.8,96.1
70393,sales,2.7,51.4,1,1,5.06,25.1,73.4
70394,eng,15.6,62.5,0,0,3.73,23.4,80.0
70395,sales,5.6,58.9,0,0,3.03,25.8,73.4
70396,sales,2.2,45.3,0,1,6.52,20.4,63.7
70397,eng,11.1,63.6,1,1,4.32,29.2,82.9
70398,ops,5.0,37.8,1,1,5.23,23.5,71.1
70399,sales,3.5,29.2,1,1,5.37,20.3,53.4
70400,sales,2.1,47.2,0,0,1.87,22.0,61.2
70401,eng,2.6,76.3,1,1,4.63,40.0,98.9
70402,eng,2.5,54.4,0,0,2.38,18.8,67.8
70403,eng,9.8,70.4,1,1,4.56,29.1,83.0
70404,eng,1.9,26.8,1,1,3.14,20.4,53.2
70405,eng,2.7,54.6,0,1,6.05,25.6,74.8
70406,sales,7.3,68.5,1,1,4.09,29.8,89.5
70407,eng,9.4,66.5,0,0,2.87,18.6,84.1
70408,sales,4.6,34.6,1,1,6.19,20.8,57.2
70409,eng,18.0,50.5,1,1,6.01,31.6,79.4
70410,sales,3.3,44.2,1,1,3.77,19.9,58.8
70411,eng,4.5,44.0,0,1,4.26,22.1,58.8
70412,ops,5.9,55.6,1,0,2.32,14.2,61.3
70413,ops,4.8,47.9,0,1,6.31,24.5,66.9
70414,sales,2.9,61.7,0,0,0.29,24.8,73.4
70415,eng,2.4,58.0,1,0,1.49,25.4,78.8
70416,eng,5.5,48.6,1,0,1.5,18.0,62.3
70417,ops,8.3,48.7,1,1,5.31,24.0,75.8
70418,sales,13.8,46.9,1,1,3.96,24.0,65.4
70419,eng,6.8,66.4,1,1,3.34,31.5,85.7
70420,sales,2.9,49.5,1,1,5.7,25.2,74.5
70421,eng,3.0,42.9,0,1,6.14,26.4,78.4
70422,sales,6.0,41.8,1,1,5.8,31.4,79.0
70423,sales,3.0,46.1,0,1,4.74,25.9,62.7
70424,ops,0.7,39.2,1,1,7.76,26.7,77.2
70425,eng,3.0,70.3,1,1,6.11,32.4,88.0
70426,eng,1.3,48.5,0,1,5.16,21.9,67.8
70427,eng,2.3,51.1,0,1,5.91,31.3,76.6
70428,eng,3.3,73.7,1,0,-1.02,21.4,78.5
70429,ops,1.6,56.3,0,0,1.08,13.5,58.1
70430,ops,5.0,57.2,0,0,2.57,23.4,73.9
70431,sales,8.3,63.2,1,0,1.37,16.8,72.0
70432,eng,6.2,48.9,1,1,5.45,27.9,68.7
70433,eng,1.6,53.0,1,1,5.05,27.3,68.8
70434,ops,1.7,27.0,1,1,5.65,18.6,52.9
70435,eng,15.3,67.6,1,1,4.69,30.7,89.8
70436,eng,4.2,62.0,0,0,2.91,25.4,77.1
70437,ops,2.0,41.5,0,0,-0.69,20.9,59.0
70438,eng,2.0,57.8,1,0,2.83,25.2,76.1
70439,sales,9.9,62.7,0,1,4.36,31.8,87.9
70440,sales,7.1,50.8,0,1,4.8,20.9,71.2
70441,sales,4.6,57.1,0,0,3.67,23.3,73.3
70442,sales,4.7,41.0,0,1,3.82,19.9,53.0
70443,ops,3.5,37.3,1,1,6.77,23.2,69.5
70444,sales,1.2,58.3,0,1,5.75,32.7,81.9
70445,eng,5.6,43.2,1,0,1.88,16.4,58.1
70446,eng,4.3,65.3,0,0,2.43,25.9,88.3
70447,ops,5.7,54.6,1,0,1.83,23.7,73.9
70448,eng,4.3,66.8,1,1,5.98,32.3,97.0
70449,sales,5.4,50.7,1,0,1.5,15.6,54.1
70450,sales,8.3,63.9,1,1,4.15,29.8,79.2
70451,ops,3.5,63.8,0,0,2.71,25.5,87.1
70452,eng,1.4,68.9,0,0,3.34,28.1,82.6
70453,eng,1.8,65.8,0,1,4.62,30.3,77.5
70454,sales,1.3,42.1,0,0,3.45,11.5,55.6
70455,eng,4.6,48.2,1,1,5.43,24.1,62.3
70456,eng,3.0,64.0,1,1,3.94,26.4,82.7
70457,ops,1.5,34.4,1,0,3.4,15.5,49.2
70458,sales,3.4,45.8,1,1,4.8,21.2,58.7
70459,eng,2.3,46.3,1,1,5.17,25.7,64.8
70460,eng,8.0,47.6,0,1,3.71,27.5,72.4
70461,ops,10.5,61.1,1,0,1.77,21.8,80.3
70462,sales,3.4,64.3,0,1,5.6,26.5,86.2
70463,ops,1.2,41.6,1,1,5.25,24.1,67.4
70464,sales,8.9,57.3,1,1,5.09,31.7,77.5
70465,eng,5.2,64.0,1,1,5.2,30.3,82.8
70466,eng,8.9,53.4,1,1,5.02,25.2,78.0
70467,sales,3.3,49.7,1,0,2.07,17.4,66.3
70468,sales,4.5,35.9,1,1,4.78,28.0,66.6
70469,eng,3.1,41.6,1,1,5.14,19.3,68.2
70470,eng,6.5,51.2,1,1,4.93,23.3,74.7
70471,sales,10.1,47.7,0,0,1.3,18.9,58.7
70472,sales,1.3,50.4,1,0,2.32,15.9,62.8
70473,eng,0.8,61.2,1,0,1.91,21.1,71.3
70474,ops,8.4,74.0,1,1,4.41,27.8,89.9
70475,eng,5.8,36.8,1,1,6.1,25.2,60.0
70476,ops,3.2,27.7,1,1,4.21,22.9,48.8
70477,ops,4.3,58.1,1,0,1.92,17.7,69.6
70478,ops,2.1,33.4,0,1,4.57,16.6,55.8
70479,eng,1.1,66.4,1,1,4.86,28.6,84.6
70480,ops,8.8,49.5,0,0,2.28,20.2,75.7
70481,eng,4.8,65.0,0,0,2.97,22.5,76.7
70482,eng,10.2,69.2,1,0,1.92,27.6,87.0
70483,eng,0.9,55.9,1,1,4.35,28.8,79.9
70484,sales,10.6,41.9,0,1,4.17,31.0,71.9
70485,eng,3.5,56.3,0,0,1.27,24.5,69.7
70486,ops,2.7,30.5,1,1,4.04,24.5,46.1
70487,eng,2.9,54.6,0,0,3.53,27.0,77.4
70488,sales,3.5,72.8,0,0,2.44,26.6,87.1
70489,ops,3.8,39.3,0,0,0.84,22.6,73.9
70490,eng,2.5,47.6,1,1,5.83,29.9,76.9
70491,sales,3.2,28.9,1,1,4.84,20.8,63.2
70492,sales,1.5,54.5,0,1,6.23,26.4,69.4
70493,ops,3.5,46.9,0,0,2.68,20.9,55.2
70494,sales,4.6,60.9,1,1,5.35,35.5,90.5
70495,ops,2.8,40.2,0,1,4.2,20.4,65.8
70496,ops,4.5,35.6,0,0,3.21,14.7,57.1
70497,sales,2.2,56.6,1,1,4.86,17.8,71.7
70498,eng,1.7,51.8,0,1,4.44,25.6,68.2
70499,eng,0.9,53.3,0,0,0.37,21.7,61.0
70500,eng,3.9,72.0,0,0,1.84,20.6,81.6
70501,ops,12.6,61.1,0,1,4.3,32.8,80.8
70502,eng,9.4,68.2,0,0,2.38,22.9,75.0
70503,ops,13.2,40.5,0,1,3.53,20.2,62.4
70504,eng,6.3,73.4,0,0,2.8,24.4,86.2
70505,eng,2.0,40.7,0,1,4.95,21.2,69.1
70506,eng,5.7,74.9,1,1,4.43,30.3,95.2
70507,eng,5.6,46.4,0,1,4.99,24.4,66.8
70508,eng,2.1,52.8,1,1,3.92,24.9,76.1
70509,sales,1.8,29.2,1,1,4.79,15.0,43.0
70510,ops,0.8,46.2,1,1,4.28,21.0,65.4
70511,sales,1.8,33.4,1,1,5.79,25.3,71.0
70512,sales,1.8,49.9,0,1,4.19,27.6,60.5
70513,ops,4.8,49.7,0,1,5.52,27.1,77.0
70514,eng,2.5,72.4,0,0,0.76,25.3,81.7
70515,sales,3.9,68.7,1,1,4.02,25.2,86.7
70516,ops,6.5,51.2,1,0,-0.48,18.7,64.5
70517,sales,5.2,54.7,0,0,3.05,15.2,66.1
70518,sales,1.5,50.2,0,1,4.49,21.9,75.3
70519,sales,1.7,62.5,1,1,4.83,30.5,80.7
70520,eng,3.0,60.6,0,0,1.52,25.8,73.3
70521,sales,5.0,45.7,1,1,4.46,23.4,75.9
70522,ops,3.3,58.2,1,1,4.76,32.1,88.1
70523,ops,15.3,57.7,0,0,2.74,21.7,83.7
70524,sales,4.8,46.4,1,1,4.72,25.5,67.8
70525,eng,2.6,48.8,0,1,5.86,28.4,88.0
70526,sales,2.4,51.0,0,0,2.51,18.6,66.0
70527,ops,5.4,44.7,1,1,5.55,23.8,61.4
70528,ops,1.1,41.5,0,0,2.04,14.6,55.6
70529,eng,10.6,65.0,0,0,1.32,22.0,76.6
70530,ops,7.8,56.9,1,1,5.62,28.2,82.2
70531,sales,4.3,52.8,0,0,1.77,20.0,64.5
70532,ops,2.3,72.7,0,0,1.67,26.2,84.5
70533,eng,8.4,69.6,0,0,2.78,29.5,89.6
70534,ops,3.5,51.6,1,0,2.6,5.6,54.6
70535,ops,4.9,40.8,1,1,6.16,25.6,68.0
70536,eng,7.2,51.1,0,1,4.4,24.5,79.0
70537,sales,24.4,76.9,1,1,5.32,39.1,104.9
70538,eng,14.2,62.5,1,0,1.91,23.3,83.6
70539,sales,0.9,56.0,0,0,0.68,16.6,61.0
70540,sales,0.9,65.1,1,0,3.12,17.3,76.5
70541,sales,4.1,43.4,0,0,1.65,16.8,65.2
70542,ops,4.6,45.9,0,1,5.72,22.5,63.0
70543,ops,3.5,43.5,0,1,4.43,19.7,66.1
70544,eng,10.2,54.2,1,0,3.67,24.3,86.7
70545,ops,5.1,35.7,0,0,1.64,13.1,58.6
70546,sales,2.3,46.1,1,1,5.26,26.7,66.2
70547,eng,17.0,57.9,1,1,3.89,30.1,81.0
70548,eng,11.9,55.3,1,1,5.8,21.5,78.8
70549,sales,5.0,44.9,0,1,5.43,28.7,78.7
70550,ops,3.4,64.5,0,0,1.47,18.2,71.8
70551,ops,6.7,54.2,1,0,1.54,24.2,70.5
70552,eng,2.2,45.5,1,0,2.45,20.9,55.0
70553,sales,6.3,58.5,0,1,2.94,28.3,76.9
70554,ops,6.6,49.7,1,1,4.72,32.1,76.9
70555,sales,2.4,37.4,1,1,5.88,23.8,60.5
70556,ops,3.1,59.3,0,1,4.41,26.5,72.5
70557,sales,3.2,57.0,1,1,2.66,26.5,69.1
70558,eng,7.5,58.5,1,0,2.54,24.3,82.1
70559,sales,2.3,57.5,1,1,5.58,27.4,79.8
70560,sales,6.1,68.1,0,0,2.29,17.7,71.6
70561,ops,8.1,77.0,0,0,2.91,27.5,90.2
70562,eng,4.9,52.5,0,1,4.68,31.4,85.1
70563,eng,1.9,73.6,0,0,3.41,28.0,102.3
70564,sales,4.9,56.7,1,0,3.77,24.2,78.0
70565,sales,6.3,55.9,1,1,5.95,28.8,84.2
70566,sales,3.3,50.3,1,1,4.5,24.5,73.1
70567,ops,7.3,66.1,1,1,6.03,35.5,94.7
70568,sales,9.5,47.7,0,0,1.13,14.2,68.6
70569,sales,7.6,62.6,0,0,2.01,22.1,76.5
70570,ops,1.8,58.7,1,1,5.36,29.0,72.4
70571,sales,2.6,54.6,0,0,2.53,25.2,71.5
70572,ops,0.3,42.3,1,1,6.01,28.7,66.6
70573,sales,6.3,72.6,1,0,1.88,26.6,80.5
70574,sales,5.7,48.2,1,1,5.18,21.9,71.4
70575,eng,1.2,64.3,1,0,2.42,25.5,80.2
70576,eng,7.8,60.1,1,0,2.96,27.8,81.6
70577,sales,5.2,45.8,1,1,3.77,21.6,67.6
70578,eng,7.9,72.7,1,1,3.92,30.8,90.3
70579,eng,1.7,53.1,1,1,5.98,23.7,67.7
70580,sales,2.1,38.1,1,1,4.85,24.8,63.2
70581,sales,2.6,55.9,0,0,1.89,17.4,65.3
70582,eng,3.3,43.9,0,1,4.6,23.1,74.0
70583,eng,1.6,50.3,0,1,5.73,30.1,85.6
70584,sales,6.2,58.2,1,1,4.73,27.0,79.8
70585,sales,2.7,53.2,1,1,6.1,26.9,69.4
70586,sales,5.5,43.8,0,1,5.23,22.0,65.1
70587,eng,0.7,66.5,0,1,4.48,27.4,86.4
70588,ops,10.6,58.2,1,1,5.28,29.1,91.8
70589,eng,2.6,40.7,1,0,2.65,11.8,50.0
70590,eng,1.7,44.8,1,0,1.94,20.6,55.9
70591,sales,4.8,73.6,1,0,1.78,22.2,77.6
70592,sales,12.3,48.0,1,1,6.1,23.0,73.6
70593,ops,12.8,61.9,1,0,3.26,23.3,82.0
70594,eng,3.4,58.1,1,1,3.12,26.9,75.5
70595,eng,3.9,68.4,1,0,0.98,23.2,78.7
70596,eng,3.7,46.9,0,1,5.61,26.2,77.6
70597,ops,2.9,51.8,0,1,6.03,25.7,67.5
70598,eng,2.8,52.9,1,1,3.15,29.7,70.9
70599,ops,0.9,48.3,1,0,0.85,24.6,65.3
70600,eng,0.3,60.4,0,0,1.91,21.7,83.5
70601,sales,6.5,58.4,0,1,4.53,29.6,82.0
70602,ops,2.2,41.3,1,1,5.06,19.8,51.5
70603,sales,1.7,47.3,0,1,5.51,24.0,61.2
70604,sales,10.2,41.2,0,1,3.89,27.8,65.8
70605,ops,4.3,52.1,0,0,0.67,16.6,68.6
70606,sales,3.8,57.1,1,0,1.76,23.7,71.1
70607,ops,2.5,44.1,0,1,3.43,18.1,60.2
70608,eng,7.5,61.5,0,0,2.93,23.5,73.8
70609,sales,9.4,74.0,0,0,2.68,24.0,80.7
70610,sales,3.3,37.4,0,0,2.09,19.0,59.2
70611,ops,1.3,61.3,0,0,2.19,21.5,64.4
70612,eng,3.5,45.6,0,1,5.25,26.1,74.8
70613,ops,17.3,73.3,0,1,5.34,27.5,90.6
70614,sales,4.8,49.4,1,1,3.63,20.4,63.3
70615,ops,11.0,57.2,1,0,1.51,21.9,69.7
70616,sales,5.3,73.0,0,1,6.25,35.2,97.2
70617,sales,4.0,45.1,1,1,6.51,28.8,75.0
70618,ops,2.8,60.8,0,1,5.1,24.6,74.3
70619,eng,8.8,58.8,1,1,5.81,25.5,79.3
70620,eng,5.7,69.6,1,1,6.72,31.9,93.4
70621,sales,7.0,59.8,0,0,2.39,26.3,78.7
70622,ops,5.0,48.3,1,0,3.04,18.7,68.0
70623,ops,1.8,28.8,1,1,4.62,17.1,53.8
70624,sales,0.3,55.3,1,1,5.24,23.2,72.3
70625,sales,5.6,56.3,0,1,3.2,25.6,69.4
70626,sales,1.7,57.1,0,0,2.72,23.1,74.7
70627,eng,3.4,58.3,1,1,4.21,28.0,82.3
70628,ops,3.6,44.0,0,0,2.78,18.4,58.7
70629,ops,17.8,49.5,0,1,5.17,20.1,69.3
70630,eng,3.6,44.2,1,1,5.2,25.4,74.2
70631,eng,7.4,46.4,0,1,6.49,29.0,74.9
70632,sales,6.0,59.1,0,0,-0.05,23.1,66.8
70633,ops,5.1,49.3,1,1,5.54,26.1,78.3
70634,sales,5.5,35.2,1,0,2.04,14.5,58.3
70635,ops,9.5,57.1,0,0,3.1,24.5,73.4
70636,ops,6.2,42.3,1,0,1.54,24.7,65.9
70637,sales,4.1,57.3,0,1,4.84,32.6,81.5
70638,sales,8.5,58.1,0,0,1.74,21.6,80.6
70639,eng,15.4,74.1,0,0,3.16,29.0,94.7
70640,eng,9.0,68.3,0,0,2.99,26.7,97.4
70641,ops,8.5,47.5,1,1,4.85,26.1,72.3
70642,sales,2.5,45.7,0,1,5.06,21.2,68.0
70643,eng,3.6,51.1,1,1,6.25,27.5,78.0
70644,eng,2.9,72.1,1,0,4.13,29.7,85.3
70645,eng,4.7,44.6,0,1,4.5,28.1,68.4
70646,sales,5.1,48.6,1,1,4.34,21.7,67.7
70647,ops,7.4,56.7,0,1,4.27,26.8,72.0
70648,eng,7.1,46.3,0,1,5.72,28.7,75.0
70649,ops,4.1,39.5,0,1,2.77,27.9,58.3
70650,eng,6.8,43.4,0,1,3.62,26.4,71.2
70651,ops,3.7,52.9,1,1,4.89,22.4,69.7
70652,ops,0.4,32.9,1,0,2.19,13.4,49.5
70653,sales,6.6,38.7,0,1,5.35,28.9,75.7
70654,sales,7.2,63.3,0,0,3.67,26.0,74.3
70655,ops,1.3,27.4,1,1,5.93,16.6,57.8
70656,eng,5.0,51.1,0,1,4.79,28.0,83.2
70657,ops,2.4,48.3,0,0,3.43,17.8,70.7
70658,ops,4.1,42.8,0,0,0.95,18.3,46.4
70659,ops,3.9,44.4,1,1,2.96,27.0,68.0
70660,ops,1.5,53.0,1,0,1.11,22.1,70.2
70661,sales,8.8,44.0,0,1,5.72,29.0,74.3
70662,sales,12.0,61.6,0,1,5.69,33.2,81.2
70663,sales,8.6,58.2,1,0,2.23,21.6,72.9
70664,eng,1.5,48.3,1,1,7.81,28.6,79.8
70665,ops,16.3,62.9,1,0,2.48,20.0,72.3
70666,eng,5.2,50.3,0,0,1.24,29.7,66.8
70667,eng,1.4,53.6,0,0,3.47,27.9,69.4
70668,ops,3.3,43.7,0,0,1.95,19.6,52.0
70669,ops,3.9,41.3,0,0,0.99,15.8,60.2
70670,eng,2.0,57.3,0,1,4.63,25.9,70.9
70671,ops,4.7,28.5,1,1,4.92,19.2,44.7
70672,ops,11.8,45.3,0,1,5.29,26.7,72.7
70673,ops,4.6,45.0,0,1,4.47,24.9,70.6
70674,sales,7.2,59.5,1,1,4.95,25.0,72.6
70675,eng,4.9,61.1,1,1,3.47,29.5,90.3
70676,eng,1.0,51.5,0,0,0.46,15.6,53.3
70677,eng,5.3,73.1,1,1,6.02,34.1,92.5
70678,eng,3.2,42.8,1,1,4.14,23.7,56.6
70679,eng,10.4,59.1,0,0,2.81,27.3,76.0
70680,eng,3.1,57.4,0,1,5.34,27.4,84.6
70681,eng,11.8,48.5,0,0,1.37,21.8,70.1
70682,sales,4.0,38.6,1,1,4.47,18.9,60.1
70683,ops,10.5,54.2,1,1,3.44,22.4,71.5
70684,sales,2.0,45.6,0,0,2.92,17.2,65.6
70685,sales,2.1,60.7,0,0,2.32,23.7,73.1
70686,ops,5.9,44.4,0,1,4.87,24.7,71.3
70687,ops,5.5,45.6,0,0,0.93,12.2,56.5
70688,sales,3.9,64.8,0,0,2.29,26.7,80.2
70689,sales,2.8,39.4,1,1,5.91,30.4,69.6
70690,ops,0.8,47.8,1,0,2.54,18.4,65.7
70691,eng,1.8,65.6,0,1,6.24,30.6,84.3
70692,sales,4.5,52.2,0,1,5.64,30.8,85.5
70693,ops,3.6,43.6,1,1,5.04,27.6,70.0
70694,sales,4.6,61.8,1,1,4.9,23.6,71.6
70695,sales,1.0,33.5,1,1,3.3,19.3,66.0
70696,ops,1.3,45.8,0,0,1.06,13.2,57.3
70697,ops,1.7,39.1,1,1,5.46,27.0,65.2
70698,sales,8.2,55.4,0,1,5.84,32.8,85.2
70699,sales,1.5,46.9,0,0,1.45,14.3,58.9
70700,sales,8.1,47.6,1,1,4.72,19.1,65.0
70701,eng,3.8,64.4,0,1,5.5,29.5,80.9
70702,eng,9.9,60.8,0,1,5.31,25.4,79.4
70703,ops,5.3,53.5,0,1,4.69,29.4,86.4
70704,sales,4.4,59.8,0,0,1.79,22.1,64.5
70705,eng,2.4,39.5,1,1,5.45,24.8,71.7
70706,eng,4.6,53.8,0,1,5.49,30.7,83.3
70707,eng,1.9,53.3,1,0,1.94,16.7,66.6
70708,sales,3.0,58.9,1,0,3.18,22.4,61.1
70709,sales,4.1,33.4,0,1,2.36,14.6,47.9
70710,eng,3.8,61.3,0,0,3.25,20.9,69.2
70711,eng,9.3,71.3,1,1,3.75,33.2,91.0
70712,ops,3.2,43.7,1,1,4.75,15.7,56.2
70713,eng,8.7,65.8,1,1,4.68,23.7,86.9
70714,ops,5.0,47.5,1,0,1.69,17.1,50.8
70715,eng,4.7,63.1,0,1,4.01,26.9,80.9
70716,sales,1.5,60.8,1,1,4.52,33.3,78.2
70717,ops,4.2,53.4,0,1,4.25,22.8,73.9
70718,sales,5.5,70.4,0,0,2.99,23.7,79.2
70719,sales,4.8,44.9,0,0,0.5,13.3,50.7
70720,eng,5.4,67.1,0,1,5.91,34.3,90.9
70721,ops,2.9,71.8,1,0,1.57,30.9,81.7
70722,sales,4.0,49.4,1,1,4.84,24.4,70.1
70723,ops,8.7,48.8,1,0,2.86,15.3,61.6
70724,ops,6.0,46.8,1,1,6.59,26.1,65.5
70725,ops,6.9,40.9,1,1,4.36,25.3,68.8
70726,ops,4.4,36.3,0,0,-0.16,17.0,57.7
70727,ops,7.3,71.1,0,1,6.12,32.7,93.2
70728,sales,6.6,48.0,0,1,4.46,23.8,67.9
70729,sales,7.5,64.6,1,1,6.26,27.8,77.1
70730,sales,19.6,69.9,1,1,6.31,37.6,98.3
70731,sales,3.7,62.0,1,0,2.97,25.7,80.7
70732,sales,6.7,37.0,0,0,2.36,21.8,55.1
70733,sales,6.1,46.5,0,1,4.49,22.2,62.8
70734,eng,6.3,62.3,0,0,1.77,28.0,68.0
70735,eng,3.0,57.5,1,1,5.41,28.6,87.8
70736,sales,6.1,55.2,0,0,-0.41,15.0,54.4
70737,eng,9.3,56.9,0,1,5.95,30.0,78.8
70738,sales,8.3,42.2,0,1,4.33,27.7,78.0
70739,ops,2.6,51.2,1,1,5.7,22.0,59.2
70740,eng,9.6,55.9,0,1,4.0,26.2,73.6
70741,ops,7.0,32.1,0,1,4.06,17.2,51.0
70742,eng,1.5,53.4,0,0,1.44,16.2,68.6
70743,sales,0.7,40.1,0,1,4.66,25.0,62.8
70744,eng,4.1,70.6,1,1,6.63,30.0,94.5
70745,sales,10.8,39.4,1,1,4.11,23.4,65.4
70746,sales,1.3,42.3,1,0,3.76,19.4,57.1
70747,ops,6.0,53.9,1,1,7.25,22.0,65.1
70748,eng,6.0,49.3,1,1,4.3,20.1,69.9
70749,sales,1.9,68.3,1,0,2.8,29.9,87.8
70750,ops,3.0,48.4,1,1,4.2,24.1,68.5
70751,sales,9.3,54.8,1,1,4.78,31.0,79.9
70752,eng,10.7,65.0,1,1,3.97,40.1,94.1
70753,ops,5.5,74.9,1,1,5.47,31.9,96.6
70754,eng,3.2,61.4,0,0,2.5,25.8,70.9
70755,eng,5.8,63.6,1,1,5.36,28.2,76.9
70756,eng,1.4,57.8,1,1,5.6,28.7,78.6
70757,ops,2.1,45.9,1,1,4.46,26.6,72.4
70758,ops,4.4,66.7,0,0,0.91,23.3,78.2
70759,ops,13.1,61.1,0,0,2.63,23.8,73.4
70760,ops,3.7,47.2,1,0,0.73,12.6,48.9
70761,ops,11.1,42.4,0,0,1.85,24.9,66.6
70762,ops,1.1,50.3,1,1,6.01,26.4,74.3
70763,sales,6.0,54.4,1,1,6.09,25.7,71.7
70764,sales,8.4,39.5,1,1,5.53,20.2,65.4
70765,ops,0.7,36.1,0,1,5.81,26.8,68.2
70766,sales,1.8,35.0,0,1,3.26,23.7,60.1
70767,eng,5.3,64.7,1,0,2.75,21.1,70.2
70768,ops,3.9,46.1,0,1,5.14,19.9,60.7
70769,eng,2.4,42.3,1,1,5.36,22.5,58.4
70770,sales,1.4,41.8,0,1,4.33,21.7,60.3
70771,ops,6.8,53.4,0,0,2.15,19.4,73.2
70772,sales,2.6,40.2,1,0,1.04,17.1,56.7
70773,sales,0.2,40.4,0,1,3.97,29.7,76.7
70774,sales,3.2,49.7,0,1,3.59,24.5,68.2
70775,eng,8.0,61.5,1,0,1.49,23.5,78.3
70776,sales,4.4,42.5,0,0,0.86,18.8,66.2
70777,sales,3.7,33.1,0,0,0.55,9.4,44.2
70778,sales,1.8,60.6,0,0,2.89,27.7,83.4
70779,ops,4.4,48.3,1,1,5.47,23.2,65.3
70780,ops,1.5,52.5,0,1,3.99,31.5,77.5
70781,sales,7.3,52.1,0,1,5.35,21.9,80.3
70782,sales,4.0,49.3,1,1,4.27,18.2,62.6
70783,ops,1.7,51.3,0,1,4.92,19.8,67.8
70784,sales,7.5,56.2,1,1,5.38,19.9,73.9
70785,eng,4.9,61.6,0,1,5.27,30.1,80.1
70786,ops,4.4,57.9,1,1,4.25,33.3,89.5
70787,ops,13.8,46.5,0,1,5.81,25.0,72.7
70788,ops,2.8,45.6,0,0,1.89,26.7,63.1
70789,eng,4.9,50.8,1,0,1.5,21.2,57.0
70790,sales,4.2,46.9,1,1,2.97,19.5,52.2
70791,eng,5.8,31.2,1,1,4.0,20.4,61.2
70792,sales,3.5,32.7,1,1,5.4,24.9,72.2
70793,sales,3.9,58.7,1,0,2.48,24.5,74.0
70794,eng,3.0,44.6,1,1,5.88,27.6,72.5
70795,ops,2.5,39.4,1,0,0.7,12.4,53.0
70796,sales,9.4,58.0,0,0,2.07,23.8,75.6
70797,eng,2.0,41.0,0,1,5.76,21.7,64.4
70798,ops,11.2,71.8,1,0,1.72,28.2,84.4
70799,eng,6.4,73.7,0,0,2.5,18.0,75.0
70800,eng,6.3,36.0,1,1,3.66,19.1,63.2
70801,ops,3.3,59.7,0,0,1.58,20.0,65.1
70802,sales,10.0,63.7,1,0,2.71,24.9,77.6
70803,ops,8.4,60.4,1,1,5.67,32.0,81.3
70804,eng,3.9,41.3,1,1,5.7,21.5,65.0
70805,eng,13.3,58.2,0,1,7.32,29.1,91.0
70806,sales,7.9,56.8,0,1,5.03,30.2,81.6
70807,sales,11.0,53.2,1,1,4.86,27.8,70.0
70808,ops,1.3,50.9,1,1,7.38,32.4,81.2
70809,ops,2.8,48.6,1,1,5.65,21.0,62.4
70810,ops,3.7,60.8,1,0,1.59,25.1,75.1
70811,eng,6.7,41.4,0,1,5.33,26.7,71.2
70812,ops,0.1,55.4,0,0,2.3,15.9,71.7
70813,ops,2.6,56.9,0,1,5.62,28.4,71.6
70814,eng,0.8,70.6,1,0,2.46,29.4,89.5
70815,eng,4.7,36.7,1,1,5.03,18.4,66.7
70816,eng,3.7,37.2,0,1,5.5,28.8,69.2
70817,ops,2.6,40.4,1,1,5.71,22.6,62.7
70818,ops,2.3,54.9,0,1,4.64,22.9,67.3
70819,eng,4.9,50.3,0,1,4.18,24.2,64.6
70820,ops,8.3,68.3,1,0,3.41,24.7,87.2
70821,eng,0.7,44.1,0,0,0.91,19.9,58.1
70822,sales,2.7,56.6,1,1,5.7,24.4,83.6
70823,eng,13.9,64.4,0,1,4.97,32.4,100.2
70824,ops,4.4,59.7,1,0,3.05,17.1,76.6
70825,eng,5.4,60.9,0,1,5.73,30.7,83.4
70826,sales,2.5,44.4,0,1,4.76,29.7,77.7
70827,eng,6.0,33.8,0,0,1.68,16.2,52.6
70828,sales,14.1,55.7,1,1,3.53,26.8,70.3
70829,ops,2.5,67.5,1,0,3.93,25.1,87.4
70830,eng,4.5,51.5,0,0,2.67,22.2,76.7
70831,ops,6.1,49.0,0,1,4.09,22.8,68.8
70832,sales,2.2,60.0,1,1,6.26,30.5,87.5
70833,eng,8.5,48.8,0,1,5.46,21.5,62.3
70834,eng,4.2,58.8,1,0,2.82,24.9,78.3
70835,eng,1.5,63.9,0,1,6.46,35.5,88.5
70836,eng,3.0,50.3,0,1,7.58,32.6,82.9
70837,ops,6.2,56.3,0,0,2.01,21.0,71.3
70838,eng,3.3,58.0,0,0,1.76,27.3,82.4
70839,sales,2.4,50.4,1,1,4.02,28.6,64.0
70840,sales,4.7,61.8,1,0,4.15,24.9,68.4
70841,sales,4.6,27.2,0,1,3.85,21.6,62.2
70842,sales,11.4,54.3,0,1,5.68,23.6,78.6
70843,eng,9.5,71.9,0,0,1.44,26.4,81.1
70844,eng,5.5,68.1,1,1,4.77,28.0,81.4
70845,sales,2.7,53.0,0,0,2.86,16.0,55.6
70846,ops,4.9,59.4,1,0,1.16,24.3,69.9
70847,sales,6.9,67.6,1,0,3.3,23.6,80.6
70848,eng,3.7,48.4,1,1,3.61,26.3,70.9
70849,ops,3.7,61.1,0,0,3.48,22.7,74.8
70850,eng,4.0,55.7,0,1,5.73,25.4,78.2
70851,sales,7.3,60.9,0,0,3.73,26.5,83.6
70852,ops,3.5,42.0,1,1,4.18,16.7,51.4
70853,sales,3.9,57.1,0,1,4.59,26.5,75.1
70854,eng,3.2,38.5,1,1,3.79,22.5,58.1
70855,eng,1.6,45.2,0,0,2.07,16.9,65.8
70856,sales,2.4,53.7,1,1,4.06,29.7,85.5
70857,ops,7.8,74.5,0,0,2.29,24.6,85.4
70858,sales,2.0,53.4,0,0,2.22,12.7,56.4
70859,eng,11.6,73.8,0,0,0.53,27.9,87.8
70860,eng,4.8,62.3,1,1,4.23,32.5,85.0
70861,sales,1.3,52.0,1,1,4.24,28.0,78.2
70862,sales,7.6,58.3,1,0,0.78,19.3,70.6
70863,eng,3.6,48.0,1,1,3.86,25.5,72.0
70864,sales,7.9,31.1,0,1,7.14,19.3,55.2
70865,sales,15.4,75.6,0,0,1.9,25.5,76.9
70866,eng,11.0,49.1,0,1,4.07,24.7,67.1
70867,ops,3.5,62.7,1,0,-0.23,20.6,67.6
70868,eng,4.5,53.4,0,0,1.3,21.8,68.4
70869,eng,5.1,53.0,0,1,5.73,26.7,70.2
70870,sales,4.6,40.8,0,1,4.28,22.8,66.1
70871,ops,5.3,40.0,1,1,3.71,27.5,65.3
70872,sales,2.9,39.2,1,1,5.49,23.4,61.5
70873,sales,15.3,64.5,0,1,5.39,36.0,99.9
70874,eng,5.2,63.4,0,1,3.69,23.3,75.2
70875,sales,12.6,44.5,1,1,3.94,24.0,75.8
70876,sales,1.7,64.3,0,1,6.31,23.1,79.0
70877,eng,8.0,58.2,0,0,1.08,23.4,70.0
70878,ops,3.3,47.4,0,1,6.52,26.9,73.7
70879,eng,2.2,43.2,1,1,5.43,25.6,56.7
70880,sales,5.4,58.1,0,0,1.4,22.7,70.9
70881,sales,5.0,60.9,1,1,5.4,30.2,79.5
70882,sales,5.8,61.3,0,0,1.86,21.0,71.8
70883,ops,6.6,33.1,1,1,4.98,19.0,53.0
70884,ops,7.2,59.2,0,0,3.09,19.0,69.1
70885,eng,0.7,72.3,0,0,2.51,21.6,85.5
70886,eng,1.1,54.6,0,1,4.7,30.2,87.2
70887,sales,9.5,65.9,0,0,1.63,25.1,80.9
70888,eng,9.8,45.1,0,1,6.95,30.3,72.3
70889,sales,2.0,47.4,1,0,1.73,26.7,72.2
70890,sales,0.3,52.3,1,1,3.51,23.0,75.7
70891,sales,5.9,68.6,1,0,2.67,26.1,77.1
70892,sales,4.0,51.0,1,1,4.83,22.6,65.0
70893,eng,5.3,47.5,0,1,4.13,27.4,74.8
70894,ops,1.1,32.8,1,1,4.38,18.6,53.3
70895,sales,6.1,47.2,1,0,0.12,13.5,59.3
70896,ops,10.0,57.0,1,1,5.34,25.5,82.7
70897,ops,9.4,61.7,1,1,5.75,32.4,82.2
70898,sales,9.2,49.7,0,1,3.46,27.4,69.0
70899,sales,2.9,39.6,1,1,5.46,27.0,62.6
70900,ops,10.3,74.4,1,0,3.47,29.6,89.9
70901,sales,1.6,59.0,1,1,4.29,23.5,77.5
70902,ops,2.8,46.9,0,0,2.14,15.2,59.1
70903,sales,1.3,49.9,0,0,3.43,16.4,65.8
70904,eng,1.8,64.1,1,0,2.5,26.1,89.7
70905,eng,0.6,45.4,1,1,6.57,17.1,65.1
70906,ops,3.2,45.4,1,1,4.22,22.7,62.4
70907,eng,2.8,52.0,1,1,5.47,24.8,74.6
70908,ops,3.7,34.4,0,0,3.28,20.5,56.7
70909,eng,3.0,44.3,0,1,6.04,21.8,73.0
70910,ops,4.8,46.4,1,0,1.49,18.9,49.4
70911,eng,18.9,68.9,1,1,6.21,34.0,104.5
70912,eng,1.9,49.1,0,1,4.52,26.2,76.6
70913,ops,7.7,51.4,0,1,5.81,24.4,73.3
70914,eng,2.5,61.3,1,0,1.63,27.8,90.1
70915,sales,1.2,60.0,0,1,6.26,28.9,81.7
70916,eng,2.0,60.9,1,1,4.53,34.8,80.6
70917,eng,1.2,63.1,1,1,6.34,22.4,80.3
70918,ops,2.3,52.4,0,0,1.95,16.3,58.0
70919,sales,0.9,50.8,0,1,6.08,26.5,73.1
70920,ops,5.9,47.2,1,0,1.25,20.6,63.0
70921,eng,5.4,45.1,0,0,2.8,21.3,66.4
70922,sales,5.8,59.6,0,0,2.39,22.1,76.8
70923,ops,1.9,42.3,1,1,2.67,22.8,57.1
70924,ops,14.1,43.4,0,1,3.16,25.5,58.7
70925,sales,0.7,52.9,1,1,5.62,25.8,77.2
70926,sales,10.4,54.8,0,0,1.26,20.9,64.9
70927,eng,2.3,75.5,0,0,2.52,27.2,98.5
70928,eng,8.3,56.9,0,1,4.86,29.0,77.1
70929,sales,10.6,64.7,0,0,0.98,20.6,79.9
70930,sales,5.9,61.7,0,0,4.36,23.9,69.8
70931,eng,4.3,49.7,1,0,2.83,15.9,72.3
70932,sales,0.6,59.2,1,1,5.5,26.7,85.1
70933,eng,5.9,48.5,1,1,3.42,32.7,78.2
70934,ops,2.3,44.1,1,0,3.45,18.1,60.6
70935,eng,4.7,51.6,0,1,6.13,23.2,67.9
70936,sales,1.3,52.1,0,1,5.64,30.4,73.6
70937,sales,1.7,34.8,0,1,5.49,24.7,53.2
70938,sales,4.2,70.6,1,0,3.3,23.1,74.5
70939,sales,3.3,56.6,0,1,3.09,22.8,70.6
70940,eng,3.7,35.2,1,1,5.64,21.2,59.4
70941,sales,3.4,57.8,0,1,4.32,22.2,72.8
70942,ops,11.5,66.5,1,0,1.54,24.4,79.2
70943,sales,0.2,48.1,1,1,5.82,25.1,69.6
70944,eng,4.1,56.7,0,0,2.03,23.5,70.6
70945,eng,3.4,56.4,1,1,5.59,27.7,72.6
70946,eng,4.7,48.5,0,0,1.18,23.3,72.9
70947,eng,2.1,61.3,1,0,1.51,23.8,71.3
70948,eng,3.2,45.2,0,1,5.41,27.0,70.3
70949,ops,0.7,41.2,0,0,1.96,18.1,52.3
70950,eng,4.9,53.7,1,1,4.46,25.2,83.0
70951,sales,1.6,69.6,1,0,2.86,26.3,77.4
70952,eng,6.0,58.7,1,1,3.83,24.6,85.1
70953,eng,8.3,61.1,1,1,7.98,33.1,87.8
70954,sales,7.0,41.0,0,0,2.46,24.0,57.7
70955,sales,4.9,49.0,1,0,0.3,18.5,60.5
70956,eng,5.1,51.4,0,1,5.76,30.6,78.7
70957,sales,3.9,39.8,1,1,4.95,23.3,67.2
70958,ops,1.2,56.2,0,0,0.31,20.8,64.4
70959,eng,3.3,49.0,0,1,4.07,26.3,70.2
70960,eng,2.7,66.6,0,0,2.2,20.9,77.4
70961,ops,4.4,52.9,1,0,2.57,17.1,75.7
70962,sales,2.9,35.6,1,1,5.59,29.2,71.9
70963,eng,2.3,44.1,0,0,2.88,20.3,60.5
70964,eng,1.0,52.6,0,0,2.65,18.1,65.8
70965,ops,5.7,47.1,1,1,5.05,29.1,64.7
70966,sales,1.3,50.6,0,0,2.28,17.9,63.0
70967,sales,6.1,49.3,0,1,3.74,14.9,64.4
70968,eng,1.8,68.6,0,0,2.2,26.3,75.8
70969,ops,8.7,48.1,1,0,0.98,21.0,70.7
70970,eng,5.1,53.6,0,1,3.61,23.6,71.1
70971,eng,10.8,75.8,0,1,6.34,32.3,105.1
70972,ops,5.6,69.9,1,0,2.51,23.1,78.4
70973,ops,8.6,60.3,1,0,1.86,22.1,72.8
70974,eng,5.4,62.3,1,1,4.78,29.0,88.3
70975,sales,1.4,63.3,1,1,6.96,25.4,83.3
70976,eng,4.5,61.1,0,0,3.56,27.8,79.5
70977,ops,2.0,37.5,1,1,5.11,13.0,53.2
70978,eng,4.8,65.7,0,1,7.11,30.8,84.6
70979,eng,14.7,68.3,1,1,3.57,32.3,87.8
70980,sales,2.2,48.9,0,0,1.41,19.2,64.2
70981,ops,1.7,44.5,1,0,2.69,13.9,60.5
70982,sales,5.3,39.1,0,0,0.26,14.3,50.7
70983,sales,2.8,61.5,0,0,1.54,27.2,79.6
70984,eng,9.1,39.6,0,1,4.19,24.7,70.3
70985,eng,8.1,48.8,0,0,2.2,21.0,72.3
70986,ops,9.8,30.3,1,1,5.37,22.6,54.5
70987,eng,0.6,60.8,1,1,4.98,26.2,77.2
70988,ops,11.4,69.5,0,0,2.41,23.3,81.9
70989,ops,9.3,53.8,0,1,4.99,23.3,87.2
70990,sales,1.5,57.5,0,1,5.16,27.4,77.6
70991,eng,1.6,43.6,1,1,3.97,23.2,65.4
70992,ops,3.3,68.6,0,1,4.29,25.5,78.8
70993,ops,6.4,50.2,0,0,0.18,17.8,64.3
70994,sales,3.2,62.1,0,0,2.56,13.3,72.8
70995,eng,3.9,80.0,0,0,1.14,24.7,87.0
70996,sales,1.3,37.9,0,1,5.35,24.6,68.7
70997,ops,1.5,34.8,0,0,1.66,8.3,42.6
70998,eng,0.6,77.5,0,0,1.76,26.3,82.8
70999,eng,3.8,55.2,1,1,4.12,36.7,78.6
71000,sales,2.9,53.3,1,1,3.83,30.2,64.5
71001,ops,2.9,40.9,0,1,5.16,25.8,71.7
71002,eng,5.8,64.1,1,1,3.91,27.8,89.7
71003,sales,1.8,39.5,1,1,3.16,28.1,68.6
71004,sales,2.8,63.3,1,0,3.97,24.0,89.3
71005,sales,6.7,55.8,1,0,2.89,19.9,72.8
71006,eng,17.8,58.5,0,1,3.48,26.2,81.8
71007,ops,1.1,48.5,1,0,2.34,14.8,64.1
71008,eng,0.5,55.2,0,0,2.87,22.7,69.2
71009,ops,14.0,64.3,0,1,4.91,29.5,93.4
71010,eng,3.3,54.0,0,1,4.98,28.5,74.5
71011,sales,7.3,58.7,1,1,5.1,32.4,79.1
71012,eng,2.5,63.1,1,0,1.28,15.8,68.8
71013,eng,9.0,66.3,1,1,5.04,35.0,102.5
71014,ops,10.9,50.6,0,1,4.56,29.6,85.7
71015,eng,2.3,54.9,1,1,3.7,29.9,82.1
71016,sales,14.9,43.6,1,1,3.25,25.9,68.0
71017,sales,5.2,51.4,1,1,4.79,22.5,68.2
71018,eng,8.8,54.2,1,0,2.38,22.9,64.9
71019,sales,0.2,55.2,0,0,0.55,24.7,70.9
71020,ops,1.2,44.9,1,1,4.89,25.3,62.1
71021,sales,5.2,36.6,0,1,6.55,18.7,61.8
71022,ops,2.3,38.2,1,0,3.04,6.6,55.0
71023,eng,3.7,39.6,0,1,3.07,26.1,67.3
71024,sales,3.0,50.1,1,0,1.67,23.6,72.9
71025,eng,6.5,59.3,0,1,5.78,33.0,85.3
71026,eng,7.4,59.8,1,1,5.35,33.5,80.5
71027,sales,8.1,40.7,0,0,1.92,19.2,61.6
71028,eng,0.9,51.9,1,1,4.72,26.5,76.9
71029,ops,0.2,55.5,0,0,1.09,20.7,66.8
71030,sales,1.5,35.6,1,0,2.0,19.8,42.9
71031,eng,6.1,60.8,0,0,2.37,22.3,74.0
71032,sales,7.0,55.9,0,1,5.08,33.1,80.0
71033,eng,4.7,49.6,0,0,1.4,26.9,70.1
71034,sales,3.2,55.6,1,1,7.3,24.9,77.7
71035,ops,0.9,57.7,1,0,3.1,22.5,69.0
71036,ops,6.2,27.7,0,1,3.97,18.6,49.8
71037,eng,10.3,51.7,0,1,5.62,23.0,74.2
71038,eng,2.4,63.5,0,1,4.88,33.3,82.8
71039,sales,4.8,64.4,0,0,2.97,23.2,74.7
71040,eng,5.2,41.2,1,1,4.54,25.7,64.8
71041,ops,12.0,57.0,0,0,1.71,17.4,71.2
71042,sales,0.6,48.0,1,1,5.09,23.3,67.9
71043,sales,3.5,57.0,0,1,4.63,31.8,83.9
71044,ops,1.1,49.3,1,0,1.97,26.5,75.8
71045,ops,2.1,50.8,0,1,4.02,27.8,70.5
71046,sales,1.5,55.7,1,0,3.1,22.9,63.6
71047,sales,6.0,56.7,0,1,4.08,28.7,71.3
71048,eng,4.7,71.5,1,0,2.28,27.1,85.4
71049,ops,2.0,47.8,0,1,5.47,26.4,73.2
71050,ops,7.3,47.6,0,0,1.18,20.3,64.7
71051,eng,16.7,68.0,0,1,5.95,33.6,89.1
71052,eng,2.5,76.2,0,1,4.29,34.2,100.2
71053,ops,3.0,45.3,1,0,2.95,15.3,60.4
71054,sales,1.7,59.8,1,1,5.94,35.2,96.5
71055,eng,7.0,63.0,0,0,3.17,22.9,72.6
71056,eng,3.7,62.8,0,0,1.63,14.0,69.6
71057,sales,10.2,42.1,1,1,4.06,18.5,57.9
71058,sales,10.4,52.2,0,1,3.85,24.3,61.1
71059,eng,0.7,63.4,0,0,1.91,19.3,71.0
71060,sales,27.8,66.0,0,1,4.22,35.0,95.1
71061,ops,8.7,72.3,0,0,5.23,30.3,89.7
71062,ops,2.9,46.1,0,0,2.7,18.3,59.9
71063,sales,10.0,42.8,1,1,4.87,25.5,59.9
71064,ops,1.6,54.1,1,0,2.79,19.1,65.1
71065,sales,0.9,39.0,1,1,5.12,27.5,71.6
71066,ops,2.9,54.9,1,1,4.12,27.3,72.9
71067,eng,0.5,57.4,0,1,4.97,29.8,80.7
71068,eng,4.8,49.4,0,1,6.53,20.9,60.4
71069,eng,2.9,57.9,0,1,5.24,23.3,73.5
71070,sales,1.5,40.8,1,1,4.88,25.2,62.7
71071,eng,4.4,73.1,1,1,4.13,38.7,102.1
71072,ops,1.9,36.2,1,1,2.5,17.1,48.3
71073,eng,1.1,58.9,0,1,5.58,22.3,75.8
71074,ops,1.8,44.7,0,1,4.04,23.6,72.9
71075,eng,3.5,54.6,0,1,4.3,25.3,76.4
71076,eng,5.7,44.0,1,1,4.22,25.2,68.0
71077,eng,1.5,53.5,0,1,5.66,28.2,76.6
71078,eng,4.9,53.3,1,1,7.42,31.9,81.7
71079,eng,5.5,64.2,1,1,5.73,29.6,81.5
71080,eng,6.0,68.2,0,0,2.28,29.7,90.8
71081,ops,4.8,49.7,1,0,1.72,24.5,66.0
71082,sales,3.0,36.1,0,0,2.34,19.3,54.0
71083,sales,2.1,38.5,0,0,2.49,15.2,53.9
71084,eng,0.5,42.6,1,1,5.03,21.9,59.8
71085,eng,8.4,63.0,1,1,5.12,28.1,83.2
71086,sales,11.5,59.8,1,1,5.21,23.6,76.7
71087,eng,6.5,50.9,1,1,5.79,26.9,74.8
71088,eng,3.4,58.1,1,1,3.51,31.2,76.2
71089,eng,3.0,51.8,0,1,5.16,25.9,77.0
71090,ops,9.8,52.7,0,0,1.81,16.5,74.5
71091,ops,7.6,49.7,1,0,2.43,16.1,65.9
71092,eng,7.5,65.9,0,0,1.53,23.0,77.5
71093,eng,7.0,59.4,0,0,2.15,27.1,85.0
71094,eng,1.9,57.7,0,1,4.93,27.3,85.5
71095,eng,6.7,43.8,1,1,5.4,23.8,73.4
71096,eng,7.4,50.1,0,1,5.97,25.2,80.2
71097,ops,1.8,45.3,1,0,2.39,12.7,56.8
71098,eng,6.1,42.3,0,0,2.17,22.4,60.8
71099,ops,0.7,49.8,1,1,3.28,19.2,64.2
71100,eng,7.8,85.4,0,0,0.62,27.5,92.2
71101,sales,4.1,52.6,0,0,1.42,23.6,60.2
71102,ops,0.9,50.7,0,0,1.22,20.7,70.5
71103,eng,8.3,68.9,0,0,-0.03,17.5,76.9
71104,ops,7.4,59.4,1,0,1.98,21.6,80.6
71105,ops,4.5,63.0,0,0,0.82,23.5,72.3
71106,sales,4.5,58.0,0,0,2.06,24.4,67.7
71107,eng,7.3,58.1,0,1,3.34,24.4,70.0
71108,eng,5.9,59.0,0,0,3.18,20.3,70.4
71109,sales,9.3,53.1,0,0,1.92,21.0,77.2
71110,eng,9.0,55.4,1,1,6.07,30.6,85.5
71111,ops,8.4,70.5,0,0,5.09,25.3,83.9
71112,ops,9.9,56.0,0,1,6.75,29.6,81.7
71113,sales,1.5,54.9,1,1,5.05,30.2,84.9
71114,sales,5.5,49.0,1,1,6.03,29.4,73.0
71115,sales,4.1,65.7,1,0,2.38,25.8,72.9
71116,eng,2.2,60.9,1,0,2.3,22.6,74.6
71117,eng,3.1,43.3,0,1,3.92,27.5,67.9
71118,sales,5.1,68.6,0,0,0.78,18.9,81.6
71119,sales,1.7,40.0,0,1,3.18,20.3,58.4
71120,sales,6.9,36.1,0,0,4.08,16.9,60.4
71121,sales,2.9,51.4,1,1,5.76,23.7,76.0
71122,eng,0.4,54.5,1,1,4.56,29.3,65.0
71123,ops,4.2,51.4,0,0,2.33,16.3,64.3
71124,eng,10.5,57.5,1,1,6.13,35.0,82.6
71125,eng,5.8,62.2,1,1,5.48,30.4,81.2
71126,eng,3.1,63.0,1,0,3.24,23.8,79.6
71127,sales,0.6,67.1,0,0,0.91,18.4,72.9
71128,ops,3.4,68.6,0,0,1.94,23.1,81.3
71129,sales,1.6,33.9,0,0,1.51,13.0,49.1
71130,sales,2.5,39.6,0,1,5.12,16.3,61.1
71131,ops,2.0,64.9,1,0,2.4,23.4,75.1
71132,ops,14.7,48.4,1,1,4.6,27.9,70.9
71133,sales,1.8,65.9,1,1,6.64,32.3,94.2
71134,ops,3.8,50.4,0,1,5.86,23.6,65.1
71135,ops,1.7,47.4,1,1,4.56,24.7,62.2
71136,eng,7.0,56.5,1,1,4.07,25.2,74.4
71137,sales,7.0,56.5,1,0,3.85,21.6,75.7
71138,sales,3.2,54.8,0,0,3.59,18.8,73.1
71139,sales,6.5,47.4,0,0,-0.24,15.1,55.9
71140,eng,8.2,66.2,0,0,1.64,26.8,91.9
71141,eng,2.2,46.2,1,1,4.55,29.5,74.1
71142,ops,3.6,37.9,0,1,4.02,25.8,68.0
71143,ops,4.2,45.8,0,1,3.7,23.1,61.4
71144,eng,5.8,61.7,1,0,1.7,16.2,70.1
71145,sales,0.7,71.5,0,1,7.03,32.0,87.5
71146,sales,1.2,65.1,0,1,4.69,28.5,90.0
71147,sales,3.4,48.5,0,0,2.59,24.3,75.1
71148,eng,4.2,53.4,0,0,0.45,23.9,72.2
71149,eng,3.6,53.4,1,0,3.45,21.3,60.9
71150,sales,1.3,40.0,0,0,0.51,23.2,61.2
71151,sales,8.4,41.0,1,1,5.54,27.5,70.3
71152,sales,2.1,50.5,0,0,2.22,18.9,59.1
71153,sales,12.8,63.3,1,1,3.95,28.2,75.1
71154,ops,1.0,61.3,1,1,6.63,26.4,81.8
71155,sales,2.4,42.3,1,1,4.68,22.2,65.1
71156,eng,2.2,46.4,0,1,4.56,24.7,69.4
71157,eng,6.7,48.4,0,0,3.39,24.2,71.6
71158,sales,9.6,58.9,0,1,4.97,28.9,74.5
71159,eng,4.2,64.6,1,1,3.82,27.1,82.3
71160,sales,5.7,35.6,0,1,5.26,21.4,57.2
71161,eng,1.9,67.9,0,1,5.5,31.4,81.2
71162,eng,3.4,61.8,1,1,5.52,34.0,82.8
71163,eng,6.7,54.1,0,0,3.66,31.2,81.3
71164,eng,4.2,68.4,1,0,2.33,18.6,75.5
71165,eng,1.1,56.8,0,1,5.61,31.1,83.0
71166,ops,15.6,73.1,1,0,2.44,24.7,90.7
71167,eng,12.1,68.7,0,1,7.19,32.7,90.4
71168,ops,9.4,49.7,1,0,1.69,16.4,60.4
71169,eng,3.9,63.3,1,1,4.58,30.0,84.1
71170,sales,11.9,62.0,1,1,5.65,28.7,83.2
71171,sales,10.8,53.6,1,1,4.89,28.5,70.7
71172,sales,13.0,45.8,0,1,6.51,24.2,67.7
71173,ops,7.4,52.0,1,1,6.72,25.5,77.2
71174,eng,2.5,60.4,1,1,6.05,31.2,81.8
71175,sales,6.0,44.0,0,1,4.03,21.9,67.1
71176,eng,12.0,74.4,1,0,0.95,26.7,80.3
71177,ops,2.4,34.0,0,0,2.61,14.2,48.0
71178,sales,5.2,50.3,0,0,2.04,21.0,60.8
71179,eng,5.9,58.5,0,0,2.24,20.3,69.2
71180,eng,3.6,53.3,0,0,1.85,21.2,70.3
71181,eng,1.9,61.5,1,1,5.85,30.6,90.6
71182,sales,5.6,55.6,0,0,2.19,19.8,66.6
71183,sales,6.3,53.1,1,1,4.46,26.1,70.5
71184,sales,5.5,37.6,1,1,5.5,23.8,66.4
71185,sales,3.9,44.3,1,1,4.16,21.9,66.0
71186,eng,1.8,61.8,0,0,1.8,18.7,67.5
71187,ops,1.4,65.4,0,0,1.16,23.0,82.1
71188,ops,0.7,24.3,0,1,4.51,11.9,35.7
71189,sales,7.8,51.1,0,1,4.05,26.1,69.6
71190,eng,1.1,56.7,1,0,0.99,14.2,76.8
71191,eng,2.3,57.2,0,1,4.65,30.8,77.5
71192,eng,1.7,55.6,1,1,4.74,29.3,83.8
71193,sales,4.2,59.6,0,1,5.12,34.4,89.7
71194,eng,6.3,49.6,0,0,0.9,22.7,65.7
71195,eng,4.8,55.5,0,1,5.22,32.5,83.9
71196,ops,5.4,44.7,1,1,5.76,24.5,66.2
71197,eng,4.4,49.0,0,1,3.87,25.3,68.3
71198,eng,4.9,61.6,1,1,3.2,33.5,78.2
71199,eng,5.6,65.3,0,1,4.91,32.2,85.6
71200,eng,4.0,52.0,0,1,5.08,28.2,70.8
71201,sales,0.2,51.6,1,1,4.26,22.3,63.2
71202,sales,6.0,53.7,1,1,4.57,27.7,80.3
71203,ops,3.9,45.5,0,0,2.86,23.5,62.1
71204,sales,1.3,50.5,0,1,4.29,26.3,77.8
71205,eng,6.4,75.5,1,1,5.21,35.3,100.0
71206,sales,6.2,48.7,1,0,3.53,18.5,67.5
71207,eng,9.1,53.8,0,1,5.14,29.7,82.7
71208,sales,2.0,62.4,1,0,2.96,22.4,68.8
71209,eng,0.6,68.6,1,1,5.64,32.8,92.5
71210,sales,3.6,59.0,0,0,0.63,24.2,62.6
71211,ops,6.4,50.2,0,0,1.46,19.4,54.0
71212,ops,2.1,50.0,1,1,5.85,25.5,67.2
71213,sales,0.9,56.3,1,1,4.95,24.2,67.8
71214,eng,1.7,62.2,1,0,1.79,24.2,74.5
71215,eng,8.5,57.1,0,1,4.11,29.9,78.1
71216,eng,2.9,62.6,0,0,1.15,21.7,76.4
71217,eng,3.6,63.8,0,0,2.79,23.3,81.8
71218,eng,1.8,63.8,0,1,5.25,25.6,83.5
71219,ops,4.1,25.9,1,1,6.78,23.5,65.7
71220,eng,8.0,62.8,1,1,4.27,29.6,81.3
71221,eng,1.8,48.6,0,1,4.84,23.5,67.0
71222,ops,0.3,43.7,1,1,4.89,17.2,56.0
71223,ops,1.1,34.7,0,0,2.83,15.5,50.9
71224,eng,6.3,42.3,0,1,4.87,25.4,67.9
71225,sales,1.3,51.9,1,1,3.16,25.7,76.9
71226,sales,3.2,72.5,0,0,3.79,31.1,87.7
71227,sales,2.2,55.2,0,0,1.05,17.2,66.6
71228,eng,8.1,70.2,0,0,2.03,21.3,82.2
71229,ops,1.8,40.4,0,0,0.95,11.8,48.9
71230,eng,9.6,69.0,0,0,0.79,22.2,80.3
71231,sales,4.3,47.0,1,1,5.67,22.6,68.9
71232,ops,6.5,56.6,0,0,2.74,24.6,74.6
71233,eng,9.2,61.5,1,1,4.52,32.8,94.1
71234,ops,5.2,44.9,1,1,3.0,21.9,60.8
71235,eng,2.3,63.9,1,1,5.45,32.3,86.6
71236,eng,9.3,60.9,1,1,4.03,25.1,88.2
71237,sales,0.9,37.9,1,1,3.64,22.0,48.4
71238,eng,14.4,70.1,1,0,3.82,28.8,86.8
71239,sales,5.1,52.1,1,1,4.98,21.2,67.3
71240,sales,11.2,52.7,0,1,5.88,28.3,84.6
71241,ops,3.4,48.7,0,1,5.38,28.5,77.6
71242,ops,2.7,20.5,0,1,4.08,17.2,46.5
71243,ops,1.5,48.4,0,1,5.54,28.1,65.4
71244,sales,4.5,38.1,1,0,3.09,18.1,61.9
71245,ops,3.5,52.4,1,1,5.21,28.4,85.2
71246,ops,6.8,45.2,1,1,3.32,23.4,63.2
71247,sales,8.9,63.9,0,1,4.47,27.5,83.4
71248,eng,2.5,49.1,1,0,2.19,17.6,56.7
71249,eng,3.9,73.7,0,0,2.9,33.6,92.3
71250,sales,4.1,58.5,1,0,2.99,19.2,70.1
71251,sales,1.4,37.0,1,1,5.36,25.3,56.9
71252,eng,7.4,62.3,1,1,5.52,33.5,88.9
71253,ops,1.4,63.7,0,1,5.59,23.6,77.0
71254,sales,0.7,56.3,1,1,3.81,27.1,67.5
71255,eng,4.5,41.2,1,1,4.64,23.0,62.9
71256,ops,3.3,46.8,1,1,3.79,20.2,54.6
71257,sales,3.0,57.5,0,1,5.17,22.6,70.9
71258,eng,8.7,69.0,0,0,2.17,33.1,93.4
71259,sales,1.7,46.1,0,1,5.52,26.4,65.4
71260,sales,10.7,59.5,1,1,7.18,32.7,86.7
71261,ops,2.4,53.3,1,0,1.7,15.7,64.1
71262,sales,10.3,64.6,0,0,1.63,21.8,83.7
71263,eng,1.7,68.1,0,0,1.85,20.1,78.3
71264,sales,2.7,53.4,1,0,3.06,22.8,71.8
71265,eng,18.3,72.6,1,1,3.55,35.9,104.6
71266,eng,7.5,49.3,0,1,3.49,27.5,71.0
71267,ops,1.1,41.9,1,1,4.53,24.7,54.4
71268,sales,1.6,52.8,1,0,1.26,20.5,62.0
71269,ops,5.5,37.8,0,0,1.28,20.4,59.4
71270,eng,7.8,46.4,0,1,5.46,24.5,74.9
71271,sales,6.1,50.5,1,1,6.61,26.2,82.9
71272,eng,2.3,63.0,0,0,3.24,23.4,71.4
71273,eng,1.8,51.5,1,1,4.87,21.4,67.9
71274,sales,4.9,68.4,1,1,3.54,23.4,81.6
71275,ops,7.5,58.8,0,1,5.76,28.7,79.0
71276,sales,4.9,39.0,0,1,5.92,29.9,70.8
71277,eng,3.8,53.2,0,1,4.86,32.5,85.4
71278,eng,0.9,54.6,0,1,5.02,28.4,77.3
71279,eng,9.1,45.6,1,1,4.56,26.1,73.2
71280,sales,0.6,52.4,0,0,2.03,16.9,62.3
71281,ops,0.9,43.3,1,1,6.3,20.7,65.1
71282,sales,9.7,46.8,1,1,6.41,20.7,64.0
71283,ops,4.5,53.6,0,1,5.86,27.9,75.9
71284,eng,0.5,47.3,1,1,7.28,31.3,80.0
71285,ops,0.9,51.8,0,0,2.51,17.1,60.5
71286,sales,10.9,64.4,0,1,5.15,31.8,83.9
71287,sales,10.8,51.9,1,1,6.63,32.6,83.6
71288,eng,7.4,45.6,1,1,4.16,26.0,82.0
71289,sales,3.0,54.9,1,0,2.73,18.5,64.5
71290,eng,4.6,77.8,1,0,2.06,18.2,82.3
71291,eng,2.1,37.6,0,1,5.85,24.2,68.1
71292,eng,1.7,53.7,0,0,3.43,17.7,62.5
71293,sales,9.4,51.6,1,1,4.46,29.0,76.1
71294,eng,5.9,56.4,1,0,2.06,22.2,65.0
71295,sales,3.8,59.5,0,1,2.88,28.4,77.9
71296,sales,5.3,50.7,1,1,4.88,23.3,69.0
71297,eng,2.0,64.1,1,0,1.27,25.5,72.0
71298,ops,0.3,50.8,1,1,4.91,28.6,74.3
71299,sales,6.2,59.7,1,0,3.28,28.6,75.6
71300,ops,2.8,29.7,0,1,4.64,24.3,51.3
71301,ops,8.0,59.3,0,0,0.73,20.5,67.1
71302,ops,7.8,56.0,1,1,3.67,20.7,65.8
71303,ops,12.6,50.1,1,0,1.55,12.3,67.5
71304,ops,0.4,53.1,1,0,2.44,20.2,70.1
71305,ops,4.7,59.2,0,0,2.15,25.9,81.3
71306,ops,6.6,45.5,0,1,5.0,19.4,65.4
71307,eng,4.7,64.1,0,0,2.68,26.4,84.8
71308,eng,7.0,34.7,0,1,5.13,25.7,60.3
71309,ops,3.9,58.9,1,1,4.76,30.5,75.6
71310,eng,6.3,56.3,0,1,4.94,28.8,83.3
71311,ops,3.9,39.0,1,1,4.2,29.1,70.5
71312,ops,4.6,34.9,1,1,3.99,27.0,58.8
71313,sales,4.5,44.2,1,1,5.27,19.4,56.9
71314,eng,6.1,37.9,1,1,5.08,24.0,54.5
71315,sales,1.6,63.9,1,1,5.0,31.9,96.6
71316,ops,0.1,49.7,0,1,4.55,27.1,71.1
71317,eng,1.3,39.7,1,1,5.35,31.3,80.7
71318,ops,3.7,35.2,0,1,4.48,23.0,66.3
71319,sales,8.3,59.9,0,1,5.72,30.5,77.9
71320,ops,6.6,69.1,0,0,-0.87,25.8,72.9
71321,eng,1.1,62.1,1,1,6.82,34.9,83.8
71322,ops,1.7,46.2,0,1,3.96,22.2,61.5
71323,eng,3.2,72.5,0,0,1.05,25.4,84.4
71324,sales,7.5,52.8,1,1,3.1,24.0,67.0
71325,ops,5.0,45.4,0,1,5.44,29.0,72.3
71326,sales,2.4,44.0,0,0,2.0,19.2,64.9
71327,eng,5.5,60.6,1,1,2.97,29.5,78.7
71328,ops,2.6,41.0,1,1,4.87,24.5,67.5
71329,sales,4.8,62.3,1,0,1.61,25.1,72.7
71330,eng,2.9,64.1,1,0,0.5,22.7,79.7
71331,ops,1.5,53.4,1,0,2.2,22.6,75.0
71332,ops,5.9,62.5,0,0,1.27,20.2,74.9
71333,ops,10.0,45.7,1,0,1.63,18.6,69.1
71334,sales,6.7,43.2,1,1,3.36,26.4,71.8
71335,eng,1.4,43.0,1,1,3.94,17.3,63.2
71336,sales,3.4,40.5,0,1,5.69,26.3,69.0
71337,sales,6.8,48.9,1,0,3.33,19.6,74.2
71338,sales,5.6,71.4,1,1,3.77,33.2,89.0
71339,eng,3.3,83.8,1,0,1.28,28.6,88.5
71340,eng,2.7,34.1,1,1,5.62,21.3,51.6
71341,eng,0.3,44.8,0,0,1.76,17.6,63.1
71342,eng,7.8,57.8,1,1,4.48,33.7,85.2
71343,eng,5.1,48.5,0,1,4.24,24.7,68.5
71344,sales,0.3,47.0,1,1,5.06,30.6,71.0
71345,sales,3.8,50.5,1,0,2.71,21.0,64.5
71346,sales,9.4,44.3,1,1,6.13,23.6,71.2
71347,sales,2.4,52.7,1,0,3.49,17.9,76.9
71348,eng,1.2,48.5,0,1,3.26,26.4,60.0
71349,eng,2.0,43.0,0,0,0.96,18.3,64.4
71350,eng,1.9,52.9,0,0,2.08,25.9,80.4
71351,eng,11.0,62.4,1,1,6.06,32.1,83.4
71352,eng,12.4,60.0,1,1,5.0,31.0,91.6
71353,sales,5.7,41.8,1,1,4.77,29.4,67.0
71354,eng,1.1,73.9,1,0,3.74,21.9,82.8
71355,eng,3.1,57.9,1,1,6.83,27.8,83.2
71356,ops,9.0,56.0,0,0,0.61,18.0,65.6
71357,eng,2.9,60.2,0,1,6.81,24.7,76.9
71358,eng,12.7,56.4,0,1,3.07,24.6,87.0
71359,ops,8.0,48.0,1,1,4.48,24.7,73.5
71360,ops,13.7,42.3,1,0,0.52,13.2,50.6
71361,sales,0.9,48.0,0,1,5.7,30.1,79.0
71362,sales,5.5,66.0,0,0,3.02,20.9,73.3
71363,eng,13.3,42.6,0,0,1.61,15.9,56.3
71364,ops,3.6,50.7,0,0,2.7,15.3,64.4
71365,sales,8.8,60.6,0,0,1.68,24.3,74.7
71366,ops,6.7,40.5,0,0,0.71,12.6,59.4
71367,eng,0.6,62.8,0,1,5.73,29.2,86.0
71368,eng,1.5,54.1,1,0,3.34,23.2,67.9
71369,ops,1.8,42.4,0,0,0.12,17.2,53.8
71370,eng,3.4,51.8,1,1,5.77,24.1,76.6
71371,ops,5.8,48.4,1,1,5.62,29.1,72.8
71372,ops,3.6,40.6,0,1,4.18,26.3,70.5
71373,eng,3.2,54.3,0,0,0.27,18.5,65.0
71374,sales,8.7,50.9,0,1,5.13,25.9,67.9
71375,eng,16.2,67.3,0,0,2.65,26.4,92.3
71376,ops,0.5,43.5,1,1,2.77,23.4,62.0
71377,sales,13.5,52.8,0,1,6.38,31.4,80.7
71378,sales,4.3,38.3,1,1,3.77,23.6,56.5
71379,eng,4.3,66.1,0,1,5.69,24.4,84.2
71380,eng,14.0,71.8,0,1,5.95,31.5,87.8
71381,sales,4.7,70.7,0,0,1.07,19.7,78.6
71382,sales,6.4,56.3,1,0,2.09,24.6,77.9
71383,ops,7.7,52.4,1,0,3.03,22.2,66.9
71384,eng,0.8,51.4,0,0,1.34,20.0,62.5
71385,sales,1.2,49.0,0,1,6.25,27.0,69.7
71386,ops,5.1,54.0,0,0,2.03,20.7,69.8
71387,eng,1.3,44.2,0,0,1.63,18.1,66.9
71388,sales,4.6,64.0,0,1,5.24,30.4,82.2
71389,ops,1.5,24.7,1,1,4.01,24.0,56.6
71390,sales,1.8,61.3,0,1,5.59,27.8,77.5
71391,eng,2.1,51.0,1,1,3.01,23.1,68.5
71392,sales,13.1,67.7,1,0,1.52,19.0,64.6
71393,eng,6.6,58.7,0,1,4.54,23.8,71.3
71394,eng,1.4,55.3,1,0,2.33,22.7,72.7
71395,ops,16.7,62.3,0,0,0.68,20.1,66.8
71396,sales,2.9,51.0,0,0,2.58,20.0,63.2
71397,eng,0.9,64.6,0,0,2.4,23.2,83.0
71398,sales,7.5,66.8,0,0,1.56,21.6,64.0
71399,sales,4.9,62.4,1,0,2.33,19.0,69.9
71400,ops,4.9,40.1,1,0,1.73,9.8,50.4
71401,sales,12.3,53.6,1,1,5.97,24.9,70.5
71402,ops,8.8,36.8,0,1,4.35,21.1,56.9
71403,sales,6.0,61.4,1,0,1.37,20.8,79.4
71404,eng,2.4,48.0,0,1,4.67,24.8,68.2
71405,sales,11.1,62.8,1,1,5.86,26.8,76.3
71406,eng,1.3,46.9,1,1,5.53,22.3,66.0
71407,eng,2.0,43.4,1,0,2.18,15.2,60.7
71408,eng,3.8,42.5,1,1,3.95,21.3,57.1
71409,sales,6.0,36.9,0,1,2.01,24.9,65.5
71410,eng,6.5,83.2,0,1,4.32,35.3,102.8
71411,eng,3.6,62.9,0,1,6.16,34.2,92.5
71412,ops,2.5,44.5,0,0,2.01,22.8,64.6
71413,eng,6.4,64.7,0,0,1.64,26.0,80.1
71414,sales,5.8,64.0,1,0,0.95,26.0,80.9
71415,sales,3.5,54.7,0,0,2.23,15.3,72.4
71416,eng,0.9,62.1,1,1,5.48,35.2,86.3
71417,sales,4.3,50.9,0,1,5.88,29.4,78.4
71418,eng,6.0,46.0,1,1,6.82,21.3,64.4
71419,ops,4.0,46.7,0,0,3.72,17.6,67.4
71420,eng,5.7,59.2,1,1,3.06,30.2,79.9
71421,eng,2.3,56.9,1,1,6.47,27.2,84.0
71422,sales,5.5,35.7,0,1,4.86,24.0,51.8
71423,sales,6.5,50.8,0,1,5.95,22.2,79.4
71424,ops,3.7,66.5,0,0,3.16,26.4,84.7
71425,sales,4.4,41.8,1,1,5.8,18.7,64.2
71426,ops,1.2,43.6,1,1,6.04,22.6,67.8
71427,sales,3.5,86.5,0,1,5.35,35.6,117.0
71428,ops,1.3,58.5,1,0,1.08,23.9,77.8
71429,ops,3.2,43.3,0,0,0.07,13.0,47.8
71430,ops,5.4,48.7,1,1,4.81,26.1,64.8
71431,eng,11.3,65.1,0,0,1.8,20.7,76.3
71432,ops,8.4,34.6,1,0,1.6,17.0,48.2
71433,sales,5.9,37.5,1,1,5.26,23.7,59.6
71434,eng,3.8,72.9,0,0,1.94,23.1,80.9
71435,eng,2.6,51.1,0,0,2.86,20.1,70.8
71436,eng,5.0,50.7,1,1,3.96,22.8,72.4
71437,sales,5.2,44.8,0,1,5.74,20.7,68.1
71438,eng,7.4,48.6,0,0,2.07,16.1,63.8
71439,sales,2.0,61.9,1,0,0.76,19.0,69.8
71440,eng,2.4,63.8,0,1,4.49,33.5,79.7
71441,eng,1.1,44.7,1,1,4.58,25.7,73.3
71442,eng,7.1,51.0,1,1,5.38,30.7,76.8
71443,eng,4.0,45.6,0,1,5.23,25.2,68.7
71444,ops,3.3,41.6,1,1,5.81,22.3,65.1
71445,sales,11.1,54.2,0,1,6.25,23.8,80.4
71446,sales,2.4,52.8,1,0,0.98,21.4,61.7
71447,ops,14.6,72.5,1,0,3.83,25.9,85.3
71448,sales,11.4,77.5,0,0,2.13,31.7,87.3
71449,ops,2.8,37.3,1,1,3.61,27.7,60.8
71450,sales,1.8,51.3,0,0,0.61,17.7,63.1
71451,sales,6.7,43.6,0,0,2.28,13.5,55.1
71452,sales,2.3,43.4,0,1,6.16,20.8,60.4
71453,sales,3.7,55.3,0,0,1.02,18.6,54.9
71454,eng,3.7,70.0,1,1,5.65,32.7,107.1
71455,eng,1.9,65.0,1,1,3.95,32.2,86.5
71456,ops,12.2,49.2,1,1,5.62,21.3,69.8
71457,eng,3.1,44.1,0,0,0.97,17.3,68.4
71458,ops,1.7,35.6,1,1,7.27,17.8,64.3
71459,sales,8.0,60.9,0,1,6.23,33.9,87.9
71460,eng,9.4,56.3,0,0,2.76,25.2,75.7
71461,sales,5.1,37.2,0,0,2.39,16.5,58.8
71462,eng,5.4,64.7,0,1,6.58,28.4,84.3
71463,sales,4.8,48.5,1,1,4.04,29.2,73.9
71464,eng,3.7,41.4,1,1,5.35,20.9,66.5
71465,ops,3.4,65.3,0,0,0.79,22.2,84.4
71466,eng,6.9,57.9,0,1,4.31,25.6,84.1
71467,eng,4.2,65.7,0,0,1.13,24.6,84.8
71468,eng,3.7,65.0,0,0,4.11,26.3,79.2
71469,ops,6.2,69.9,0,0,2.29,20.3,71.9
71470,eng,2.0,57.3,1,1,5.04,30.6,81.6
71471,sales,1.6,51.5,1,1,4.44,25.5,77.4
71472,eng,3.8,36.7,1,1,3.18,18.4,62.5
71473,eng,5.9,35.7,1,1,5.91,23.4,56.6
71474,eng,6.8,60.0,0,0,1.73,16.9,66.0
71475,sales,5.1,57.0,1,1,5.01,27.2,75.9
71476,sales,7.3,52.8,1,0,3.72,21.2,72.8
71477,ops,2.6,49.6,1,1,5.3,22.6,65.3
71478,ops,6.5,54.5,1,1,3.93,24.8,68.6
71479,ops,7.2,38.6,0,0,1.1,16.8,53.0
71480,eng,4.9,61.3,1,1,5.46,30.7,82.0
71481,sales,2.0,63.6,1,0,2.16,29.0,79.9
71482,eng,4.4,55.6,0,0,2.79,19.9,74.9
71483,ops,3.2,64.2,0,1,5.21,32.0,76.7
71484,eng,0.2,57.6,1,0,2.97,19.3,70.0
71485,sales,14.0,61.9,0,0,3.18,24.8,81.1
71486,eng,2.0,57.0,1,1,5.31,22.9,65.8
71487,eng,4.8,34.6,1,1,5.35,25.2,64.0
71488,ops,5.0,54.4,1,0,1.68,23.2,70.4
71489,sales,2.7,43.7,1,1,5.23,21.1,70.4
71490,sales,2.6,60.0,0,1,6.82,32.3,88.5
71491,ops,1.6,51.3,1,0,1.72,15.2,58.3
71492,sales,3.2,51.5,0,1,3.83,30.1,77.8
71493,ops,0.4,44.6,1,1,4.96,20.7,57.5
71494,ops,7.5,49.9,0,0,2.18,19.4,73.6
71495,eng,7.1,74.6,1,0,1.64,27.0,94.9
71496,sales,5.0,55.4,1,1,2.67,27.9,82.6
71497,eng,0.5,58.9,1,1,4.46,29.8,77.8
71498,eng,4.2,60.4,1,1,5.15,32.9,84.2
71499,eng,5.1,57.7,0,0,1.93,20.5,70.9
71500,ops,6.8,39.6,0,1,4.27,24.0,68.6
71501,eng,2.2,46.3,0,1,4.29,20.0,63.5
71502,sales,12.1,76.2,1,0,3.63,23.0,94.1
71503,sales,11.2,47.0,1,1,4.71,26.8,67.7
71504,ops,1.3,38.1,0,0,2.23,16.2,45.7
71505,ops,1.3,52.6,0,1,5.2,22.1,73.4
71506,eng,17.8,54.9,1,1,5.66,19.6,75.0
71507,ops,4.5,51.8,1,0,1.78,15.8,61.2
71508,eng,3.1,63.4,0,0,0.81,18.9,78.9
71509,sales,4.6,63.0,0,1,6.83,29.0,97.2
71510,eng,1.7,59.6,1,1,3.23,28.2,85.9
71511,eng,1.6,72.5,1,0,3.87,31.6,94.3
71512,ops,4.7,46.4,0,1,6.21,26.1,74.7
71513,ops,2.5,53.3,0,0,0.37,23.7,74.6
71514,sales,3.8,41.4,0,1,5.86,22.1,62.5
71515,eng,7.9,51.6,0,0,0.86,17.4,65.9
71516,eng,1.6,71.0,0,0,3.71,24.0,80.7
71517,eng,1.1,75.6,1,0,1.52,26.4,84.4
71518,eng,1.5,39.2,1,1,4.87,23.5,65.3
71519,eng,7.3,73.2,0,1,4.31,33.9,93.4
71520,eng,4.2,53.7,1,0,1.5,21.8,59.8
71521,eng,1.6,53.4,0,1,4.26,21.9,70.3
71522,eng,6.1,65.9,0,1,6.31,34.0,83.8
71523,ops,9.4,59.8,1,1,5.95,24.1,79.7
71524,sales,6.7,52.5,1,1,4.84,29.9,79.3
71525,ops,1.9,20.8,0,1,6.32,15.7,46.9
71526,sales,15.1,59.6,1,0,2.04,28.7,90.2
71527,eng,2.3,51.1,1,1,4.85,28.6,71.1
71528,sales,3.1,46.1,0,1,3.81,21.1,62.7
71529,ops,1.4,50.5,0,0,1.9,15.4,56.9
71530,ops,9.8,66.8,1,0,2.08,21.5,79.2
71531,sales,4.8,66.5,1,1,5.91,33.1,96.7
71532,ops,7.8,44.9,1,1,3.51,15.5,54.9
71533,sales,1.6,52.1,0,0,3.07,16.6,60.9
71534,eng,0.3,46.7,1,1,3.23,30.1,74.7
71535,sales,6.3,53.2,0,0,3.12,15.7,67.4
71536,eng,7.6,58.3,0,1,5.85,24.8,74.8
71537,eng,6.6,71.2,0,1,7.43,27.8,96.8
71538,sales,1.3,59.6,1,1,4.38,31.8,88.2
71539,sales,9.9,54.7,0,0,3.34,22.1,83.8
71540,eng,6.1,53.2,0,1,7.44,32.2,80.3
71541,eng,4.6,46.8,1,1,5.59,21.0,66.5
71542,eng,2.3,35.5,0,0,2.07,14.8,50.5
71543,eng,2.0,51.4,0,1,3.54,27.1,72.2
71544,sales,7.6,59.4,0,1,4.86,26.4,76.5
71545,eng,7.3,48.0,1,0,1.38,21.8,66.1
71546,sales,4.9,48.3,0,1,4.86,23.8,68.0
71547,ops,2.3,62.1,1,0,2.42,28.0,85.2
71548,ops,7.6,45.7,1,1,5.41,26.9,69.0
71549,eng,17.8,64.0,0,0,2.15,22.8,74.3
71550,eng,4.3,54.0,0,1,4.49,20.6,65.4
71551,eng,5.1,59.4,0,0,1.27,18.7,75.4
71552,eng,5.5,75.9,0,0,3.74,26.6,82.4
71553,eng,3.3,51.3,1,0,3.93,22.5,71.9
71554,sales,5.1,63.1,0,0,1.18,19.1,73.7
71555,sales,2.4,29.1,1,1,7.39,26.6,57.9
71556,eng,3.3,53.9,0,1,3.66,27.3,74.7
71557,eng,8.3,56.6,1,1,5.01,27.7,84.9
71558,eng,9.0,62.8,1,1,4.09,34.9,89.3
71559,ops,11.9,54.3,0,0,0.5,17.7,56.8
71560,eng,2.3,66.4,0,0,2.75,28.7,81.7
71561,eng,2.5,62.8,1,1,6.08,30.1,88.6
71562,sales,2.4,54.9,0,1,4.12,29.0,76.7
71563,eng,0.3,51.7,1,1,5.6,29.7,75.2
71564,sales,1.3,55.9,1,0,1.98,19.9,64.0
71565,eng,2.9,64.3,1,1,5.92,30.8,92.5
71566,sales,2.1,55.1,1,0,2.51,25.0,71.3
71567,eng,4.0,59.8,0,1,5.62,28.2,79.5
71568,eng,7.1,63.9,1,0,4.11,22.2,82.1
71569,sales,1.0,50.9,1,1,3.81,22.1,59.9
71570,eng,2.4,54.8,0,0,2.86,15.7,65.1
71571,ops,1.4,38.3,1,0,1.21,17.3,47.2
71572,ops,1.0,34.1,0,1,5.29,22.4,55.0
71573,eng,2.9,46.6,1,1,5.57,22.6,69.4
71574,sales,8.1,68.9,1,1,4.76,32.8,97.9
71575,sales,2.5,47.4,1,0,1.77,19.7,64.4
71576,eng,2.2,47.7,1,1,7.05,28.6,77.1
71577,sales,4.6,55.2,0,0,2.6,18.8,67.7
71578,eng,2.2,69.0,1,1,4.81,34.6,88.0
71579,eng,5.2,55.7,0,0,2.46,18.3,75.2
71580,eng,1.2,57.1,0,1,5.37,29.1,77.2
71581,sales,14.1,52.9,1,1,7.68,24.4,81.8
71582,sales,0.2,42.1,1,1,5.81,25.6,61.6
71583,sales,7.3,63.5,1,0,2.1,21.5,80.1
71584,ops,1.2,48.0,0,0,1.05,18.9,59.3
71585,ops,3.5,45.5,1,0,1.45,17.2,54.7
71586,eng,4.8,65.9,0,0,1.1,24.9,83.3
71587,sales,2.4,57.3,1,1,4.32,29.6,78.5
71588,eng,3.0,78.5,0,0,0.58,20.2,77.5
71589,eng,10.8,53.7,0,1,4.83,25.9,69.2
71590,ops,3.4,36.6,1,0,-0.4,9.6,37.0
71591,sales,13.3,58.8,1,1,4.96,29.5,89.1
71592,sales,9.7,45.0,1,1,4.23,24.3,70.6
71593,eng,3.9,76.4,0,1,7.73,32.1,106.8
71594,sales,4.7,57.9,0,0,1.97,26.3,69.5
71595,ops,3.4,55.9,0,0,1.92,24.4,73.6
71596,sales,4.0,57.1,0,1,5.45,25.1,76.4
71597,sales,2.9,48.8,1,1,3.32,24.8,72.7
71598,eng,1.8,56.9,1,1,4.77,21.4,61.6
71599,eng,2.6,50.7,1,0,2.32,23.3,66.8
71600,sales,15.6,68.1,1,0,0.55,31.0,87.0
71601,ops,3.4,40.9,1,0,2.2,12.1,54.6
71602,eng,4.7,36.1,1,1,3.39,34.1,67.7
71603,eng,2.5,60.7,0,1,5.05,24.7,73.3
71604,ops,5.4,55.9,0,1,3.53,23.4,66.7
71605,eng,7.5,32.8,0,1,5.68,16.9,57.8
71606,sales,2.2,48.9,0,0,1.59,17.7,57.1
71607,sales,6.7,34.4,0,0,-1.17,13.5,51.0
71608,ops,0.3,46.6,1,0,3.08,15.7,64.8
71609,eng,3.4,49.5,1,1,5.54,33.4,82.3
71610,sales,2.6,56.3,0,0,1.57,19.0,71.3
71611,ops,1.7,52.4,0,0,1.27,23.8,60.2
71612,sales,1.8,61.4,1,0,0.57,20.0,69.7
71613,eng,9.2,56.9,1,1,5.37,28.1,80.8
71614,ops,9.8,53.4,1,0,0.64,11.3,62.6
71615,ops,0.9,39.4,1,1,4.3,20.9,51.8
71616,sales,17.0,60.5,1,1,6.14,29.7,87.0
71617,eng,6.6,55.5,1,1,3.8,25.2,80.0
71618,ops,9.2,56.6,0,0,1.28,19.7,71.6
71619,ops,2.1,52.3,0,0,0.88,19.3,66.5
71620,sales,5.7,49.3,1,1,3.86,33.1,79.9
71621,eng,6.7,51.5,1,1,8.54,26.2,79.5
71622,ops,1.3,57.1,1,1,5.98,37.6,85.5
71623,eng,2.3,51.6,1,0,0.97,21.4,73.5
71624,eng,6.8,54.2,1,1,4.65,28.2,77.5
71625,ops,4.4,38.4,0,0,1.93,19.1,64.7
71626,sales,6.8,42.8,0,1,6.99,26.1,67.1
71627,eng,12.4,64.8,0,0,2.43,26.7,84.9
71628,sales,2.6,51.6,1,1,4.31,24.9,68.3
71629,ops,2.9,43.1,1,0,2.15,18.6,65.7
71630,ops,2.4,48.1,1,0,1.98,15.2,57.3
71631,eng,3.3,65.2,0,0,3.47,27.4,84.0
71632,eng,2.4,58.5,0,1,3.72,28.2,77.6
71633,eng,8.1,69.0,1,0,2.39,27.9,85.4
71634,eng,13.6,73.3,1,1,5.93,35.8,97.7
71635,eng,4.7,47.1,1,1,7.99,28.2,74.9
71636,eng,3.8,53.6,0,0,0.74,18.5,66.4
71637,ops,7.9,51.9,1,0,1.04,22.5,60.3
71638,sales,1.5,69.5,1,1,4.3,27.1,81.9
71639,eng,3.4,60.6,0,0,1.64,14.3,78.7
71640,ops,6.8,54.9,1,1,4.28,17.5,67.8
71641,sales,1.9,36.3,0,1,4.31,19.3,64.4
71642,eng,4.3,46.7,1,1,3.77,31.3,77.7
71643,sales,10.5,53.4,1,0,1.68,15.8,70.6
71644,eng,5.2,39.1,0,0,2.83,15.5,51.3
71645,eng,7.1,70.7,0,0,4.52,28.9,88.6
71646,ops,3.6,60.2,0,0,2.77,23.9,78.3
71647,eng,3.1,47.1,0,0,1.23,14.1,61.8
71648,sales,2.4,47.5,1,1,5.39,24.4,68.4
71649,sales,6.8,56.1,0,0,3.07,17.5,80.4
71650,ops,0.7,45.4,1,0,1.81,15.4,61.1
71651,eng,6.3,50.5,1,1,1.74,21.0,67.2
71652,ops,2.3,44.1,0,1,4.98,22.4,58.5
71653,sales,0.7,54.0,1,1,5.56,30.4,69.9
71654,ops,8.8,56.5,0,1,3.28,25.7,73.0
71655,eng,0.9,51.0,0,1,5.03,26.7,65.0
71656,eng,9.6,43.4,1,1,4.49,23.7,72.9
71657,eng,3.4,57.2,0,1,4.17,27.0,80.2
71658,ops,5.5,56.5,0,0,2.38,26.9,63.8
71659,eng,2.9,80.4,0,0,2.49,22.4,86.2
71660,eng,8.9,66.8,0,0,2.2,25.0,77.3
71661,sales,4.1,56.1,1,1,5.88,28.2,72.2
71662,ops,7.1,48.2,1,0,3.75,21.4,60.6
71663,sales,4.4,45.0,1,0,0.51,19.8,55.2
71664,eng,2.7,46.2,1,1,3.98,29.4,76.7
71665,eng,2.4,43.3,1,0,2.51,18.4,61.2
71666,sales,1.0,55.5,1,1,7.18,28.8,74.0
71667,sales,4.9,59.9,1,0,2.13,21.5,72.4
71668,eng,4.6,54.7,0,0,1.25,14.8,64.5
71669,eng,2.9,54.2,1,1,5.53,22.1,69.2
71670,sales,2.8,54.8,1,1,5.25,26.7,70.1
71671,eng,8.5,52.0,0,0,0.7,18.3,78.7
71672,sales,8.3,46.9,0,1,6.07,21.5,73.1
71673,ops,3.6,53.0,0,1,5.65,20.0,77.4
71674,eng,13.5,71.7,1,1,5.0,33.1,97.3
71675,ops,4.7,39.1,1,1,4.96,24.0,68.2
71676,eng,0.8,62.4,1,0,2.16,21.3,76.6
71677,eng,2.5,61.4,1,1,4.28,29.7,81.4
71678,sales,3.0,43.4,1,0,1.77,19.3,61.6
71679,eng,4.5,40.6,0,1,3.19,19.6,64.5
71680,eng,3.2,74.1,1,1,6.6,38.4,106.7
71681,ops,1.2,42.8,0,0,3.79,17.2,56.7
71682,sales,5.7,47.1,0,1,6.46,25.9,70.2
71683,ops,5.9,56.3,0,0,2.77,21.5,70.8
71684,eng,6.3,80.8,0,0,2.92,24.2,92.1
71685,eng,9.6,62.4,0,0,0.35,25.2,82.0
71686,sales,1.1,64.2,0,0,2.6,26.8,90.9
71687,ops,2.0,39.3,1,1,3.38,23.8,59.6
71688,ops,5.4,69.4,0,0,2.54,26.9,85.8
71689,eng,10.5,41.4,0,1,3.4,24.1,62.8
71690,eng,5.2,57.2,0,0,0.3,23.8,64.6
71691,eng,1.7,53.3,1,1,3.99,29.6,71.7
71692,sales,8.2,49.5,0,0,2.31,21.1,76.5
71693,eng,6.2,60.2,0,0,1.32,24.5,80.1
71694,eng,6.5,81.0,0,1,2.45,27.6,103.0
71695,sales,9.9,54.3,1,0,1.95,20.8,75.2
71696,eng,11.3,62.7,1,1,6.06,31.5,87.0
71697,ops,6.6,40.9,1,1,5.12,19.7,61.9
71698,sales,3.0,57.0,1,0,1.48,18.5,63.7
71699,eng,3.5,57.9,1,1,6.58,30.1,87.7
71700,sales,6.5,49.3,0,1,5.53,24.2,68.5
71701,eng,4.5,37.8,1,1,5.61,28.7,68.2
71702,sales,1.7,55.4,1,1,5.03,25.5,78.3
71703,sales,13.0,62.2,1,1,5.3,27.4,95.5
71704,eng,2.8,40.9,0,1,5.08,20.2,70.8
71705,ops,2.4,45.4,0,0,2.29,21.8,56.6
71706,eng,11.7,39.4,0,0,1.85,18.6,59.8
71707,sales,1.2,63.9,1,0,1.52,19.4,74.7
71708,eng,3.0,63.6,1,0,2.92,22.6,72.3
71709,sales,11.2,48.9,0,1,3.99,21.7,60.8
71710,ops,4.0,33.1,0,1,6.02,20.4,60.8
71711,eng,6.1,66.5,1,1,6.17,28.7,84.3
71712,sales,2.3,52.6,0,1,5.05,22.8,69.9
71713,sales,7.1,65.0,1,0,1.82,16.3,72.4
71714,eng,4.3,57.7,1,0,3.13,25.6,70.5
71715,sales,2.0,48.6,0,0,4.46,20.1,67.7
71716,ops,7.0,50.5,0,1,6.1,27.4,75.6
71717,ops,0.7,46.6,0,1,6.0,19.3,63.8
71718,sales,0.2,42.0,0,1,5.47,25.0,71.0
71719,eng,2.9,49.4,1,1,3.71,23.4,71.0
71720,eng,2.9,57.3,1,1,5.23,23.7,76.3
71721,ops,3.6,54.5,0,0,2.41,25.6,67.5
71722,sales,5.5,55.5,0,0,1.68,20.1,73.6
71723,ops,1.6,51.7,0,0,3.33,21.1,60.3
71724,sales,0.4,34.8,1,1,6.37,22.8,53.5
71725,eng,1.5,45.5,1,0,1.51,17.2,51.0
71726,sales,7.2,53.2,1,1,6.23,22.9,83.5
71727,sales,10.7,51.1,1,0,3.65,17.4,72.2
71728,eng,1.8,50.6,0,1,5.04,28.5,68.5
71729,eng,2.4,68.8,1,1,3.65,29.3,83.9
71730,sales,2.3,49.5,0,0,0.72,19.5,66.0
71731,eng,6.8,67.5,0,1,3.08,27.7,81.5
71732,eng,3.5,59.0,1,1,3.54,30.7,76.4
71733,eng,4.3,57.0,0,0,2.72,21.3,74.0
71734,sales,7.2,67.7,0,1,5.67,24.2,82.4
71735,eng,6.6,66.1,0,1,4.97,27.4,93.9
71736,sales,0.5,52.5,0,0,2.26,16.2,63.1
71737,eng,7.0,58.4,0,0,0.98,25.8,74.6
71738,sales,8.1,72.2,1,1,5.55,35.7,88.2
71739,eng,3.4,45.3,1,1,4.8,20.7,65.9
71740,sales,0.4,55.0,0,0,1.12,20.3,73.5
71741,ops,1.2,49.7,1,1,3.4,25.9,71.8
71742,ops,5.5,47.0,1,0,2.29,23.6,66.1
71743,sales,2.1,69.0,1,1,6.4,29.2,90.9
71744,ops,8.6,54.5,0,1,6.08,25.1,73.2
71745,eng,3.6,57.0,1,0,2.33,23.7,74.8
71746,ops,7.3,50.7,1,1,3.69,27.0,71.3
71747,ops,9.6,55.4,1,1,4.16,24.8,76.0
71748,sales,5.8,51.6,0,0,3.45,19.4,67.6
71749,ops,7.7,45.6,1,0,1.72,16.4,61.6
71750,eng,4.2,62.4,0,0,2.22,18.5,71.3
71751,eng,8.0,66.2,0,1,4.04,29.6,89.1
71752,ops,0.3,41.2,0,1,5.79,21.3,62.9
71753,sales,6.3,47.9,1,1,5.2,23.6,68.6
71754,ops,1.1,47.9,1,1,5.02,22.7,71.9
71755,sales,3.4,46.2,0,1,6.29,27.6,71.1
71756,sales,3.6,60.5,0,1,5.2,33.1,79.6
71757,ops,7.3,36.4,1,1,4.19,23.4,65.2
71758,sales,10.6,43.9,1,1,4.73,30.9,68.8
71759,eng,7.3,73.6,0,0,4.52,23.8,89.2
71760,sales,19.5,62.8,1,0,2.36,22.4,80.0
71761,eng,8.9,53.5,1,1,5.0,30.1,78.9
71762,ops,3.9,41.2,0,0,1.99,13.6,61.3
71763,ops,1.5,53.2,0,1,1.98,26.1,78.4
71764,eng,12.0,65.8,0,0,1.66,27.2,86.2
71765,eng,2.2,72.9,0,0,2.22,32.0,90.2
71766,ops,6.2,47.8,1,0,3.06,12.7,61.8
71767,eng,4.5,51.6,1,1,3.18,20.5,59.9
71768,eng,2.2,51.5,0,0,2.71,19.3,66.7
71769,eng,4.9,56.0,0,0,2.09,20.0,72.0
71770,ops,8.2,39.9,1,1,4.54,22.3,66.9
71771,sales,9.5,69.1,1,0,3.12,29.1,83.8
71772,eng,7.0,61.2,1,1,7.06,28.5,83.4
71773,eng,6.2,40.5,0,0,2.77,21.6,70.3
71774,eng,1.3,69.2,1,1,6.08,29.9,86.5
71775,sales,6.2,49.3,1,1,4.84,23.5,63.5
71776,eng,9.3,51.1,1,1,5.49,26.5,70.9
71777,sales,4.7,48.5,1,0,1.83,21.9,66.3
71778,ops,9.9,45.6,0,1,2.7,23.0,75.4
71779,sales,1.0,57.0,0,1,5.57,29.2,72.3
71780,eng,2.9,54.9,1,1,5.53,27.7,85.2
71781,eng,4.8,52.6,0,1,7.91,26.2,78.8
71782,eng,1.2,84.8,0,1,4.68,35.5,104.1
71783,sales,6.6,54.2,0,0,3.18,22.5,75.2
71784,eng,5.3,61.9,0,0,2.06,24.6,85.3
71785,eng,4.1,49.0,1,1,6.52,29.2,73.8
71786,ops,2.5,50.1,0,0,1.09,15.5,59.0
71787,sales,1.3,57.6,0,0,3.43,18.2,64.4
71788,sales,1.4,40.1,0,0,1.72,18.5,46.0
71789,eng,4.4,59.1,1,1,5.02,30.0,89.2
71790,eng,1.4,52.0,1,1,5.28,25.7,75.2
71791,sales,10.1,35.8,0,1,7.02,18.2,59.6
71792,sales,0.6,56.0,1,1,3.68,23.7,64.7
71793,eng,1.2,45.6,1,1,3.13,19.4,55.9
71794,ops,7.3,43.1,1,1,5.58,28.8,65.7
71795,ops,5.1,69.6,0,0,3.31,24.1,84.0
71796,ops,2.3,61.8,0,1,5.01,24.5,74.0
71797,ops,3.7,50.7,0,0,2.7,22.3,67.0
71798,sales,5.2,52.8,1,1,3.45,27.2,66.3
71799,eng,6.1,52.8,0,1,3.67,24.7,64.6
71800,ops,1.2,36.3,0,1,5.76,26.3,60.0
71801,sales,6.1,49.1,1,1,3.1,25.6,73.6
71802,eng,1.5,67.5,0,0,0.89,16.2,70.4
71803,ops,5.6,48.7,0,1,4.82,24.5,71.5
71804,ops,2.5,39.7,1,1,6.25,19.8,57.5
71805,eng,13.2,73.7,0,0,1.06,22.9,79.5
71806,sales,1.6,35.3,1,0,0.68,14.4,48.4
71807,sales,6.6,56.7,1,1,4.29,22.7,74.3
71808,sales,3.5,39.9,1,1,5.45,24.5,53.7
71809,eng,3.6,61.8,0,1,2.04,31.0,81.5
71810,eng,7.5,48.3,0,1,4.07,27.2,73.8
71811,ops,1.5,47.5,0,0,1.02,13.4,55.0
71812,sales,14.1,56.7,0,0,3.28,15.1,72.8
71813,ops,13.7,45.8,1,0,2.23,23.4,75.2
71814,sales,8.4,41.5,1,1,4.98,24.9,66.3
71815,eng,2.3,71.5,0,1,3.8,28.0,81.0
71816,ops,9.6,29.4,1,1,4.99,20.4,51.2
71817,eng,4.3,51.8,1,1,3.99,25.0,71.0
71818,ops,1.2,41.6,0,0,1.69,16.9,63.8
71819,eng,8.5,63.4,0,1,4.48,34.8,97.3
71820,sales,14.6,65.9,0,0,1.82,25.8,87.3
71821,sales,4.5,50.6,1,0,2.48,25.8,74.1
71822,eng,5.4,51.7,1,0,1.6,24.3,78.0
71823,sales,2.6,35.5,1,1,4.7,20.4,59.9
71824,eng,8.4,51.5,0,1,5.06,25.4,81.5
71825,eng,4.2,65.4,0,1,6.18,22.3,80.3
71826,sales,6.4,53.8,0,0,3.64,22.7,63.4
71827,sales,1.1,58.5,1,0,0.93,16.3,65.8
71828,eng,2.8,51.7,1,1,5.66,30.1,80.0
71829,eng,4.2,61.0,1,0,0.49,17.2,60.2
71830,eng,1.4,69.2,1,1,6.36,31.0,86.8
71831,eng,0.9,45.7,1,1,5.53,25.0,69.8
71832,sales,2.0,69.8,1,1,4.92,25.0,76.7
71833,sales,3.8,60.6,0,1,6.83,34.9,87.7
71834,eng,1.8,57.0,0,1,6.27,29.0,84.2
71835,eng,2.4,66.1,0,1,3.6,30.7,80.3
71836,sales,3.2,51.5,0,0,1.93,18.3,59.5
71837,sales,5.1,63.8,0,0,3.14,25.0,77.4
71838,sales,2.9,67.5,1,0,2.29,20.0,77.5
71839,sales,1.9,51.7,0,0,3.41,18.5,64.8
71840,eng,2.1,51.2,0,1,4.92,18.6,74.1
71841,eng,12.6,62.4,1,0,4.79,27.0,78.6
71842,eng,5.4,42.0,0,1,4.12,20.1,60.2
71843,sales,12.2,68.8,0,0,1.73,22.2,68.7
71844,eng,4.4,65.4,0,0,3.73,26.4,82.9
71845,sales,1.6,38.7,0,1,3.95,21.1,54.9
71846,ops,3.4,30.1,0,0,2.4,18.1,45.4
71847,eng,2.3,63.1,1,1,4.37,22.9,85.6
71848,eng,5.0,54.1,1,0,0.24,20.4,68.8
71849,sales,2.4,58.7,1,0,1.39,22.0,72.5
71850,sales,4.6,34.2,1,1,3.92,23.6,57.1
71851,ops,4.7,47.8,0,1,5.26,24.3,70.6
71852,eng,17.0,65.3,0,1,5.77,37.0,90.4
71853,sales,4.6,48.8,1,1,5.02,27.5,77.2
71854,eng,9.8,65.6,1,1,5.54,35.1,97.5
71855,eng,2.4,50.2,1,1,5.89,24.2,78.5
71856,sales,6.9,59.3,1,1,5.8,33.4,77.3
71857,sales,1.6,29.6,1,0,1.92,14.4,50.2
71858,ops,4.1,39.3,1,0,1.21,20.1,59.5
71859,eng,4.9,62.0,1,0,2.18,20.9,66.5
71860,sales,4.5,48.6,0,0,1.05,16.5,64.7
71861,eng,12.9,53.5,1,1,5.27,25.6,70.3
71862,sales,11.3,65.7,0,0,2.95,30.2,90.3
71863,sales,3.9,68.4,0,1,7.21,27.4,85.0
71864,eng,1.0,62.9,1,1,5.87,30.7,82.4
71865,ops,5.3,47.8,1,0,1.08,26.2,66.9
71866,ops,2.7,60.0,0,0,3.03,24.1,68.1
71867,ops,0.8,49.7,1,1,3.32,29.6,68.7
71868,sales,0.5,38.5,1,0,1.68,18.7,52.7
71869,eng,4.1,55.2,1,1,5.69,25.0,80.0
71870,sales,0.6,58.7,1,1,6.65,29.5,89.4
71871,ops,6.9,52.7,1,1,5.05,30.2,67.7
71872,ops,3.2,42.9,0,1,4.99,24.0,69.4
71873,eng,2.7,65.4,1,1,5.55,29.3,91.8
71874,ops,7.8,60.7,0,1,6.99,25.8,82.5
71875,sales,6.0,63.7,1,1,5.77,35.5,90.5
71876,eng,1.3,61.3,1,1,4.93,31.7,88.3
71877,eng,3.6,56.2,1,1,4.66,23.7,83.2
71878,ops,1.0,59.7,1,0,3.37,26.7,77.6
71879,sales,6.4,66.0,0,0,3.0,21.8,78.9
71880,sales,9.5,52.3,0,1,4.72,28.2,82.9
71881,sales,3.4,41.0,1,1,4.75,26.2,68.0
71882,eng,3.3,54.9,1,1,6.37,27.8,87.0
71883,sales,6.9,53.9,0,1,4.47,24.2,80.2
71884,eng,3.2,52.6,0,1,4.79,23.9,73.7
71885,eng,0.6,63.0,1,0,0.23,16.5,70.6
71886,sales,3.6,48.1,1,1,5.21,21.5,71.4
71887,sales,0.5,45.6,0,0,2.48,20.3,55.8
71888,eng,13.8,55.7,1,1,4.67,32.0,78.6
71889,eng,1.1,56.4,1,0,3.45,25.3,66.2
71890,ops,8.6,50.0,1,0,2.46,20.6,69.3
71891,sales,2.0,36.1,1,1,4.2,21.9,63.1
71892,eng,0.8,69.7,0,0,1.67,19.1,83.3
71893,ops,6.4,44.3,1,1,6.21,24.2,62.7
71894,eng,8.0,60.0,1,1,8.03,25.5,84.8
71895,ops,8.2,52.8,0,0,2.18,21.3,61.7
71896,ops,1.8,56.3,1,0,0.49,19.4,48.5
71897,eng,1.4,46.5,1,1,4.96,30.1,83.7
71898,sales,0.6,50.1,0,0,1.18,14.8,67.7
71899,ops,7.1,72.1,0,0,1.59,21.2,78.6
71900,ops,0.7,43.2,0,0,2.1,21.2,54.2
71901,sales,7.0,38.7,0,1,4.97,23.5,62.5
71902,sales,3.2,62.0,1,1,2.48,24.0,77.8
71903,ops,1.8,47.7,0,0,0.92,12.0,69.0
71904,eng,10.6,68.2,0,0,2.31,28.6,89.1
71905,sales,0.6,58.5,0,1,6.81,24.8,74.9
71906,sales,14.0,54.6,1,1,6.29,32.7,80.6
71907,eng,2.1,43.9,1,1,5.75,23.7,72.1
71908,sales,4.5,71.8,0,0,2.86,23.9,82.9
71909,sales,9.4,65.2,1,0,4.15,27.4,83.4
71910,eng,4.6,53.7,1,1,5.63,25.6,77.4
71911,eng,13.1,67.2,0,0,1.51,18.6,77.6
71912,eng,8.6,69.5,1,0,4.07,26.2,94.6
71913,sales,3.0,56.9,0,0,3.0,21.2,70.8
71914,ops,9.9,59.6,0,0,0.98,13.6,61.3
71915,eng,6.1,68.0,0,1,4.68,29.9,86.5
71916,ops,11.1,57.4,0,0,1.35,20.7,62.9
71917,eng,6.0,60.3,1,1,4.27,22.4,85.0
71918,eng,4.8,66.1,1,1,4.36,35.1,91.2
71919,eng,4.2,60.2,1,1,4.11,24.3,74.9
71920,sales,6.6,48.9,1,1,4.33,26.9,70.0
71921,ops,2.2,50.8,0,0,3.86,15.7,65.2
71922,sales,12.4,57.5,0,0,3.23,22.8,82.7
71923,eng,11.0,52.8,1,1,5.42,28.3,79.5
71924,eng,4.7,64.1,1,0,1.27,30.6,81.3
71925,sales,4.8,51.7,0,0,1.57,19.8,68.1
71926,sales,4.0,45.1,1,1,5.12,23.3,71.7
71927,sales,10.2,42.7,1,1,2.94,24.6,60.7
71928,eng,2.2,59.6,1,0,0.71,17.4,73.1
71929,sales,5.6,39.1,1,0,3.97,22.0,65.3
71930,eng,3.7,54.3,1,1,6.45,23.3,71.8
71931,eng,5.9,58.2,1,0,1.77,17.6,66.4
71932,eng,6.0,58.4,0,1,5.52,25.3,82.0
71933,sales,8.8,48.7,0,0,2.15,25.4,73.8
71934,sales,3.2,28.1,1,1,5.24,19.9,48.2
71935,eng,2.9,45.7,0,1,4.0,27.1,67.8
71936,sales,3.8,39.5,1,0,1.67,9.1,43.1
71937,eng,3.1,67.1,1,0,1.32,21.1,84.3
71938,sales,11.1,69.3,0,0,2.65,27.9,90.9
71939,ops,6.5,67.0,1,1,3.74,30.9,86.8
71940,sales,0.4,44.2,1,1,4.44,22.3,62.5
71941,sales,4.9,37.2,1,1,4.87,18.1,66.8
71942,eng,1.6,55.6,0,1,5.09,22.7,79.2
71943,eng,1.0,48.0,0,1,4.33,26.7,64.3
71944,ops,9.6,54.1,0,1,5.71,26.3,69.8
71945,eng,7.0,82.3,0,0,1.91,28.0,86.0
71946,sales,5.5,45.8,0,0,1.77,15.8,52.5
71947,eng,1.4,67.5,0,0,3.65,24.5,84.3
71948,eng,5.4,51.9,1,1,4.44,29.1,80.5
71949,ops,4.7,59.9,0,0,2.36,17.9,64.2
71950,sales,0.5,49.7,1,1,4.5,26.4,74.8
71951,eng,1.6,57.5,0,1,4.91,29.4,76.9
71952,ops,4.7,56.5,1,0,-0.0,14.0,61.8
71953,ops,5.2,61.5,1,0,3.31,23.0,71.9
71954,sales,5.8,52.4,0,0,1.84,23.1,71.2
71955,eng,3.5,73.1,1,1,6.18,30.9,93.0
71956,eng,5.0,49.0,0,1,5.08,25.3,75.3
71957,eng,1.4,64.9,0,0,1.36,22.2,72.5
71958,sales,7.6,33.3,0,1,4.88,21.7,54.3
71959,eng,6.8,47.9,0,0,0.5,19.8,56.3
71960,ops,5.4,36.2,1,1,3.87,24.5,56.3
71961,ops,2.0,31.8,0,1,5.7,18.1,48.8
71962,sales,4.9,54.6,1,0,2.65,23.9,72.9
71963,eng,4.9,55.1,0,0,1.63,23.3,71.7
71964,eng,1.4,42.7,0,1,5.82,27.0,66.4
71965,eng,7.9,62.4,1,1,3.95,28.5,78.0
71966,sales,8.6,38.3,1,0,1.72,15.2,43.9
71967,eng,7.7,71.5,0,0,1.93,21.3,80.6
71968,eng,6.0,48.4,0,1,5.93,17.8,64.7
71969,eng,10.6,58.6,1,1,6.05,31.8,86.5
71970,sales,9.5,61.5,1,0,0.63,26.0,74.5
71971,sales,3.8,48.4,1,0,0.43,18.3,61.3
71972,sales,4.1,39.3,0,1,3.42,15.9,48.9
71973,eng,1.8,45.6,1,1,6.57,28.9,75.0
71974,sales,3.9,48.2,0,0,1.79,21.2,58.9
71975,ops,2.3,55.1,0,0,2.54,21.0,72.8
71976,ops,5.5,49.3,1,0,2.05,20.7,55.3
71977,ops,1.5,39.3,1,1,5.08,22.0,63.8
71978,ops,6.9,31.1,0,1,4.8,18.7,57.9
71979,sales,9.0,44.6,1,1,6.53,25.2,75.3
71980,eng,6.8,68.8,1,1,6.7,33.4,88.8
71981,ops,3.8,69.3,1,0,2.04,21.8,76.8
71982,eng,1.2,63.7,0,0,4.18,24.9,69.0
71983,eng,8.4,64.3,0,1,5.26,25.1,72.5
71984,ops,3.6,50.8,0,1,7.19,17.6,65.3
71985,ops,1.2,37.9,0,0,0.53,20.0,58.3
71986,eng,4.1,60.4,0,0,1.71,22.6,72.9
71987,ops,3.9,49.0,0,1,4.91,23.5,66.9
71988,eng,5.8,53.3,0,1,4.55,21.7,71.9
71989,eng,2.6,65.4,1,0,1.52,16.4,62.8
71990,eng,4.9,44.2,1,1,4.7,26.4,66.9
71991,sales,0.8,68.4,0,1,5.22,28.1,89.9
71992,eng,4.8,47.2,0,1,5.25,20.1,63.0
71993,sales,6.6,57.1,1,1,6.0,31.6,83.9
71994,sales,2.5,65.8,1,0,2.35,25.2,84.9
71995,eng,9.2,55.1,0,0,2.67,18.3,71.1
71996,sales,3.7,53.9,1,0,1.43,18.4,68.4
71997,sales,2.7,41.4,0,1,4.35,24.0,62.5
71998,eng,3.4,57.8,0,1,6.32,31.8,90.3
71999,eng,2.7,58.4,0,0,2.75,22.0,75.6
72000,ops,0.9,61.1,0,0,1.58,25.2,68.1
72001,sales,2.3,35.9,1,1,4.13,21.5,64.4
72002,ops,0.1,33.4,0,1,5.19,21.9,53.1
72003,eng,4.3,41.6,1,0,0.7,15.2,54.3
72004,ops,4.4,24.2,1,0,1.3,9.3,31.4
72005,ops,2.7,43.5,0,0,0.16,15.7,48.4
72006,ops,2.8,55.9,0,0,4.45,19.8,71.0
72007,sales,5.3,48.3,0,1,4.04,22.8,57.4
72008,ops,3.1,51.2,0,0,3.0,24.1,63.8
72009,sales,2.5,40.3,0,1,5.0,19.8,62.9
72010,ops,6.3,54.5,1,1,4.38,27.0,72.1
72011,eng,4.9,57.5,0,0,0.57,21.7,62.2
72012,ops,11.3,55.7,1,1,6.4,31.4,85.1
72013,eng,7.3,61.3,1,1,5.48,29.0,82.4
72014,eng,2.4,53.5,1,1,3.7,22.8,74.4
72015,sales,2.2,38.6,0,1,6.85,25.3,64.9
72016,eng,6.0,42.8,0,1,3.98,20.9,56.5
72017,eng,10.6,60.4,0,1,6.01,17.8,74.3
72018,sales,7.9,37.2,0,1,5.26,22.7,63.2
72019,sales,4.2,46.0,1,1,4.39,25.8,77.9
72020,ops,4.6,66.0,0,0,2.05,20.4,78.5
72021,ops,2.9,63.9,1,0,3.69,30.7,86.1
72022,eng,7.4,63.3,0,0,3.83,25.2,72.4
72023,sales,10.1,50.1,1,1,4.94,29.7,76.9
72024,eng,8.3,46.4,1,1,4.97,24.2,76.4
72025,sales,2.8,56.9,0,1,4.17,29.5,67.3
72026,eng,3.6,45.7,1,1,6.65,32.8,77.3
72027,eng,6.9,60.2,1,1,4.84,31.4,86.0
72028,ops,3.7,48.8,1,0,3.06,16.5,56.4
72029,sales,5.5,59.1,0,1,6.05,23.7,82.8
72030,eng,10.4,49.9,1,0,3.57,23.6,79.6
72031,sales,2.1,47.0,1,0,1.02,14.5,58.4
72032,eng,0.7,46.0,1,0,3.16,13.9,55.5
72033,sales,3.4,66.9,0,0,0.31,20.8,68.1
72034,ops,9.9,56.6,0,0,1.29,21.7,71.8
72035,eng,3.5,63.0,0,1,5.14,30.5,80.3
72036,eng,6.4,63.8,0,1,4.78,27.0,81.9
72037,eng,8.6,59.7,0,1,5.31,23.2,73.8
72038,sales,4.2,66.8,1,0,2.05,28.3,84.9
72039,eng,1.2,64.5,0,1,6.07,30.6,84.9
72040,sales,4.6,53.0,1,1,4.23,28.6,83.1
72041,ops,3.8,65.4,0,0,1.65,17.3,71.4
72042,eng,4.7,45.3,1,1,4.22,29.1,65.2
72043,eng,3.2,60.5,0,0,5.01,18.7,75.2
72044,eng,4.4,60.0,0,0,-0.05,23.7,71.9
72045,sales,8.9,57.0,1,1,6.14,27.2,74.3
72046,sales,3.5,49.2,0,1,2.96,30.0,68.4
72047,sales,3.0,64.5,1,0,2.18,23.3,77.8
72048,sales,1.6,41.7,1,0,3.63,12.3,55.7
72049,ops,2.7,50.0,1,0,2.88,19.5,71.4
72050,ops,9.5,50.3,0,0,2.89,16.0,65.5
72051,eng,7.7,66.6,0,0,3.29,26.5,87.8
72052,sales,3.2,50.2,1,1,3.64,21.7,70.2
72053,sales,4.3,49.6,1,0,0.18,19.1,49.4
72054,sales,2.4,56.1,1,0,3.62,26.2,77.7
72055,eng,12.7,50.5,1,1,5.71,33.2,83.7
72056,eng,1.1,62.0,0,0,1.64,23.1,74.0
72057,ops,1.9,57.5,0,0,5.2,24.2,87.9
72058,eng,5.0,61.9,1,1,4.99,23.8,80.4
72059,sales,1.3,32.8,1,1,5.94,22.1,61.0
72060,ops,1.7,44.0,0,0,0.21,18.9,64.6
72061,sales,8.5,47.3,1,1,5.7,30.1,80.3
72062,eng,4.3,50.5,1,1,4.64,22.1,70.7
72063,ops,3.9,57.9,1,0,1.82,16.2,65.5
72064,sales,9.5,48.8,1,1,3.98,25.0,66.1
72065,ops,0.6,28.5,1,1,4.79,19.5,52.0
72066,eng,1.2,68.0,0,1,5.51,25.3,82.2
72067,ops,1.2,45.2,0,1,5.41,20.4,62.4
72068,sales,9.6,52.5,1,1,5.0,26.4,67.3
72069,eng,6.7,51.5,1,1,4.98,24.6,69.0
72070,eng,1.6,19.2,0,1,5.96,19.1,45.0
72071,eng,6.0,53.3,0,1,6.16,29.2,79.7
72072,eng,2.0,48.3,1,1,6.42,22.8,67.0
72073,eng,3.1,60.9,1,0,0.44,22.6,65.3
72074,eng,9.5,60.7,1,1,5.06,27.4,76.5
72075,ops,4.2,44.7,1,1,4.98,19.1,57.9
72076,sales,2.2,48.1,0,0,1.42,15.0,62.8
72077,sales,6.7,55.6,0,1,4.66,24.4,72.2
72078,sales,2.8,38.4,1,1,5.41,21.1,55.3
72079,ops,6.1,49.2,1,1,4.64,24.1,76.6
72080,eng,7.9,55.0,1,1,4.55,24.5,76.8
72081,sales,2.6,51.1,1,0,1.63,17.4,61.0
72082,eng,5.7,71.6,1,1,7.24,37.6,95.0
72083,eng,4.9,76.2,1,1,4.39,28.9,97.9
72084,eng,0.8,57.4,0,1,5.99,25.9,74.0
72085,sales,12.1,72.4,1,0,2.51,32.5,90.9
72086,sales,6.0,41.9,1,0,1.81,20.1,67.9
72087,sales,8.7,48.5,0,1,4.83,25.8,70.9
72088,sales,1.8,52.1,0,0,3.67,22.2,74.5
72089,eng,0.2,55.8,1,1,6.3,33.6,88.7
72090,sales,7.8,61.0,1,0,2.35,19.4,75.3
72091,ops,1.2,51.9,1,1,2.4,25.0,71.0
72092,sales,2.7,60.7,0,0,1.37,22.9,65.3
72093,ops,1.1,34.5,1,0,2.47,16.0,47.3
72094,sales,5.9,68.3,0,1,6.53,28.5,93.2
72095,eng,1.5,64.1,0,1,3.48,30.9,84.3
72096,ops,1.8,33.3,1,0,1.67,15.3,48.3
72097,eng,4.8,49.5,1,1,7.13,29.6,82.7
72098,eng,9.0,51.7,1,1,2.96,24.2,72.7
72099,sales,11.1,55.0,0,0,2.76,23.3,73.0
72100,eng,2.2,46.2,1,1,4.9,30.3,77.4
72101,eng,8.7,56.5,1,1,2.21,29.8,86.3
72102,sales,5.1,60.8,0,0,3.11,16.0,77.2
72103,eng,6.1,53.0,1,1,6.34,29.4,84.9
72104,ops,3.1,44.7,0,0,1.49,19.0,59.8
72105,eng,1.8,37.8,1,0,1.02,24.8,67.6
72106,sales,7.1,72.0,1,1,4.44,34.0,94.8
72107,sales,9.6,51.3,0,1,4.32,25.0,71.6
72108,sales,1.9,51.9,1,1,3.91,26.5,68.9
72109,ops,2.3,42.0,1,1,4.24,20.3,54.2
72110,ops,3.2,45.7,1,1,5.4,26.5,72.3
72111,sales,3.4,51.6,1,1,5.4,21.9,63.6
72112,sales,4.8,39.8,1,1,5.24,19.2,59.6
72113,ops,9.7,62.3,0,0,0.55,19.3,69.4
72114,eng,4.9,54.2,1,1,4.21,25.3,78.1
72115,ops,6.8,62.0,0,0,0.8,18.5,63.4
72116,eng,9.7,57.6,0,1,4.36,23.5,78.4
72117,eng,10.6,75.9,1,0,4.21,26.9,92.4
72118,eng,7.6,67.6,1,0,1.54,27.8,77.5
72119,eng,12.1,68.7,0,0,1.77,24.3,82.5
72120,ops,3.8,46.3,1,1,4.36,25.6,66.4
72121,eng,1.1,67.6,1,1,3.82,33.2,94.9
72122,eng,9.8,70.1,1,1,4.26,34.7,89.7
72123,ops,3.4,62.8,0,0,2.51,22.7,77.3
72124,ops,2.7,42.8,0,1,5.61,24.2,68.5
72125,sales,8.9,64.7,1,1,5.32,22.9,82.9
72126,ops,2.8,56.9,1,1,6.13,26.7,80.5
72127,eng,3.3,75.9,0,0,1.95,29.0,103.3
72128,sales,10.4,56.8,0,0,1.8,28.6,71.4
72129,eng,4.2,44.7,0,1,4.9,24.2,75.7
72130,eng,4.4,51.9,1,0,4.27,12.4,57.7
72131,ops,7.4,45.8,1,0,2.27,25.2,64.3
72132,ops,3.8,38.9,0,1,4.76,25.7,63.0
72133,sales,7.8,43.3,0,1,4.73,21.8,71.2
72134,sales,1.1,53.8,0,1,5.32,25.7,75.2
72135,ops,8.2,54.9,0,0,1.33,21.4,81.1
72136,sales,13.5,58.2,1,1,5.27,28.0,75.5
72137,sales,15.2,59.8,0,1,6.14,25.6,81.9
72138,eng,15.8,55.5,1,1,5.2,25.0,75.1
72139,sales,3.7,64.0,0,0,3.15,19.8,71.1
72140,eng,2.9,42.9,1,1,4.73,25.7,73.0
72141,eng,2.4,48.0,1,1,3.76,24.9,63.2
72142,eng,2.2,69.6,1,0,2.77,24.0,83.2
72143,sales,3.8,50.6,0,0,3.28,20.9,69.7
72144,sales,4.7,56.0,1,0,0.54,19.5,60.4
72145,ops,8.6,59.1,0,0,1.33,26.2,73.2
72146,ops,2.4,39.4,1,1,5.21,24.3,51.2
72147,eng,2.8,58.5,0,1,4.95,31.4,80.4
72148,ops,2.8,66.5,1,0,0.79,21.5,70.1
72149,ops,3.0,40.4,1,1,5.22,26.9,64.8
72150,eng,6.9,53.2,0,1,4.56,28.8,79.2
72151,sales,11.7,47.0,0,1,5.78,17.7,69.5
72152,eng,5.4,61.4,1,1,5.87,28.0,80.9
72153,eng,3.9,60.2,0,0,2.72,17.3,74.2
72154,eng,2.7,58.1,1,1,6.32,31.7,88.3
72155,sales,4.9,53.9,0,0,1.1,24.3,70.8
72156,eng,5.0,41.9,1,1,5.06,23.0,54.5
72157,ops,6.1,49.7,0,1,4.06,27.1,64.9
72158,ops,8.3,53.3,0,0,1.63,19.7,64.6
72159,eng,13.6,49.0,1,1,5.55,27.7,74.5
72160,ops,2.0,34.3,1,0,2.57,13.6,50.1
72161,sales,4.9,45.7,1,1,5.13,24.4,67.2
72162,eng,3.9,60.7,1,0,1.69,20.6,73.8
72163,sales,6.5,60.0,0,1,4.88,23.8,77.4
72164,eng,4.2,42.6,1,1,3.34,19.3,59.1
72165,sales,12.7,55.0,0,1,4.65,32.5,79.9
72166,ops,6.0,52.0,1,1,4.01,26.2,73.1
72167,eng,2.9,58.0,0,1,5.41,27.9,86.0
72168,eng,3.3,68.4,1,1,5.29,32.6,86.2
72169,eng,5.5,47.2,1,1,4.86,27.4,65.4
72170,eng,11.2,54.6,1,1,5.83,29.7,80.3
72171,eng,0.6,49.5,1,1,5.98,30.4,85.6
72172,ops,6.1,45.1,1,1,3.86,26.2,73.6
72173,eng,3.6,39.3,0,1,5.41,25.4,65.0
72174,sales,6.8,68.1,0,0,0.83,18.7,75.9
72175,eng,2.0,71.1,0,1,5.27,32.9,90.2
72176,sales,2.0,42.2,0,1,7.23,21.5,60.0
72177,sales,1.4,53.6,1,0,2.24,18.0,68.6
72178,ops,9.1,50.2,0,0,0.49,17.9,61.0
72179,sales,3.1,62.9,1,0,2.51,15.2,72.8
72180,eng,1.0,64.6,1,0,2.77,21.3,72.2
72181,sales,0.6,55.0,0,1,4.36,22.5,67.0
72182,eng,4.3,70.2,0,0,2.5,31.4,86.9
72183,eng,1.0,56.1,1,1,6.24,25.5,74.9
72184,eng,8.4,53.4,0,0,1.28,19.6,74.1
72185,eng,4.6,42.2,0,1,5.51,21.2,67.3
72186,sales,5.2,38.1,0,1,5.34,21.7,60.2
72187,sales,1.2,50.6,1,0,0.89,19.6,74.1
72188,ops,3.4,41.0,1,1,4.1,22.2,59.6
72189,eng,2.7,59.5,0,0,1.76,20.5,77.5
72190,sales,5.0,60.7,0,0,3.28,22.4,67.4
72191,sales,2.2,38.7,0,0,2.25,16.5,57.9
72192,ops,3.7,59.3,0,0,2.48,14.9,71.4
72193,ops,5.0,36.8,0,1,5.02,21.8,60.0
72194,sales,1.6,53.4,0,0,3.12,20.4,66.1
72195,sales,5.6,54.9,0,1,6.22,27.4,84.5
72196,ops,7.5,43.0,1,1,5.4,26.0,69.8
72197,eng,5.7,67.4,0,0,2.44,23.2,80.1
72198,sales,1.4,45.0,0,1,4.91,28.1,74.6
72199,ops,4.2,60.0,1,1,5.72,32.6,81.5
72200,ops,2.9,59.0,0,0,1.44,20.3,65.9
72201,eng,2.8,50.2,0,0,2.05,21.0,83.3
72202,sales,3.4,51.4,1,1,3.19,24.2,76.1
72203,sales,4.4,55.4,0,1,5.53,27.3,72.4
72204,eng,5.3,55.0,0,1,4.9,29.5,73.2
72205,ops,3.0,57.9,0,0,1.9,20.9,63.8
72206,sales,4.2,42.1,1,0,2.02,18.5,67.8
72207,sales,4.2,39.9,1,1,7.4,26.8,68.2
72208,eng,5.9,59.6,0,0,3.03,21.0,70.3
72209,eng,1.6,37.9,1,1,5.03,32.5,74.2
72210,ops,6.5,55.3,0,0,1.96,28.3,74.5
72211,ops,5.8,40.5,0,0,1.55,17.3,59.8
72212,eng,6.9,53.4,0,1,3.29,24.9,76.8
72213,sales,1.6,51.8,0,1,3.64,19.4,65.2
72214,eng,3.9,70.4,1,1,5.38,35.7,92.7
72215,eng,13.9,79.0,1,1,7.35,40.5,102.2
72216,eng,17.4,62.8,1,1,4.4,19.3,80.6
72217,ops,4.0,58.6,1,0,2.66,21.7,74.4
72218,ops,12.6,46.6,0,0,0.86,18.8,60.2
72219,sales,4.7,42.2,1,0,0.7,14.5,54.5
72220,eng,2.0,70.6,0,0,1.35,24.7,84.6
72221,eng,1.2,53.0,1,1,4.47,24.2,76.5
72222,eng,1.6,64.2,0,0,2.03,26.2,84.8
72223,ops,0.9,48.0,0,0,2.74,19.4,63.4
72224,eng,0.8,55.0,1,1,6.37,26.0,72.3
72225,eng,2.1,48.5,0,0,1.97,20.0,62.5
72226,ops,9.4,59.4,0,0,1.2,29.8,79.1
72227,ops,0.8,30.1,0,1,4.59,10.7,46.6
72228,sales,6.4,65.0,0,1,3.87,33.4,94.7
72229,eng,5.9,62.7,0,1,4.38,31.3,85.0
72230,eng,8.9,71.2,0,0,3.33,28.2,91.6
72231,sales,5.9,43.1,0,0,3.6,18.9,49.8
72232,eng,1.6,54.3,1,1,5.39,22.3,74.1
72233,eng,6.4,63.7,0,0,2.27,23.4,72.8
72234,ops,13.5,59.8,0,0,0.95,23.5,76.1
72235,eng,0.6,44.9,1,1,2.9,21.4,63.4
72236,eng,3.0,35.8,1,1,3.65,15.7,48.2
72237,eng,8.6,66.9,1,1,3.65,31.8,88.6
72238,eng,4.9,65.4,1,1,6.51,24.5,84.3
72239,eng,8.5,74.5,1,1,6.46,28.5,92.6
72240,ops,4.6,58.1,0,1,5.9,32.4,85.9
72241,ops,4.4,43.0,1,1,6.59,22.6,64.5
72242,ops,2.9,56.6,0,0,2.46,21.9,79.3
72243,eng,1.3,39.1,0,1,4.77,23.4,59.8
72244,ops,1.3,61.6,1,0,2.75,28.0,80.5
72245,ops,5.8,31.0,0,1,5.76,16.4,51.2
72246,eng,0.5,48.7,1,1,3.97,19.8,66.0
72247,sales,4.7,38.9,0,1,4.07,20.7,60.4
72248,sales,6.1,52.1,0,1,4.57,24.1,70.8
72249,eng,0.6,59.7,1,1,6.41,35.1,91.9
72250,ops,4.8,32.1,1,1,3.13,25.2,55.4
72251,sales,0.9,55.1,1,0,0.91,17.7,58.4
72252,eng,3.3,41.1,1,1,4.0,27.3,69.6
72253,sales,1.8,44.5,1,1,6.27,21.7,62.6
72254,sales,7.0,65.7,0,0,1.02,26.2,64.8
72255,eng,4.2,54.6,0,0,1.54,20.4,70.5
72256,sales,15.5,59.9,1,1,3.88,26.6,78.1
72257,eng,1.7,59.4,1,0,2.0,19.7,68.2
72258,sales,20.4,75.1,0,0,1.61,23.1,93.5
72259,eng,2.0,60.2,1,1,5.03,30.8,86.9
72260,eng,1.4,61.3,0,0,2.12,22.0,69.4
72261,eng,1.8,52.3,0,1,6.32,27.6,76.9
72262,eng,3.4,40.2,1,1,6.56,27.3,70.5
72263,sales,9.7,44.6,0,0,3.39,18.8,64.0
72264,ops,2.1,45.8,0,1,4.6,25.7,70.0
72265,eng,2.8,70.2,0,1,5.83,32.8,97.6
72266,sales,3.0,46.8,1,0,1.62,23.6,72.0
72267,ops,2.6,29.2,0,1,4.02,6.2,38.2
72268,eng,14.6,77.4,1,0,3.14,32.4,106.5
72269,sales,3.5,57.6,1,1,5.74,31.9,86.2
72270,sales,0.8,49.9,0,0,1.08,20.7,58.5
72271,sales,8.2,40.0,1,1,4.51,23.8,64.6
72272,ops,1.3,32.6,1,1,4.65,25.9,65.8
72273,eng,3.7,49.4,0,1,4.84,27.2,69.1
72274,eng,6.4,64.7,1,1,5.01,31.0,80.6
72275,ops,1.0,50.1,1,0,2.18,15.4,49.7
72276,sales,3.1,54.5,1,0,2.55,15.2,61.0
72277,eng,7.8,70.9,0,1,6.17,32.2,100.0
72278,ops,12.9,61.8,0,0,1.43,24.7,73.7
72279,ops,20.3,71.0,1,1,5.04,26.3,83.9
72280,ops,3.5,58.4,0,0,3.5,30.5,79.6
72281,eng,7.1,58.1,1,0,2.29,22.7,77.0
72282,sales,7.1,59.1,0,0,2.86,19.9,64.6
72283,ops,4.3,55.9,0,1,5.63,27.4,79.0
72284,sales,2.1,62.1,0,0,1.29,14.0,66.4
72285,sales,3.7,47.3,1,0,0.9,16.8,58.1
72286,ops,14.7,44.5,1,1,5.15,26.7,74.2
72287,sales,0.9,68.9,0,0,0.27,19.5,66.1
72288,eng,5.8,64.6,0,0,3.43,19.7,77.5
72289,sales,4.9,40.4,0,1,5.91,22.2,66.2
72290,ops,7.0,33.7,1,0,2.75,17.0,51.4
72291,sales,5.6,49.2,1,1,4.75,21.3,73.0
72292,eng,3.5,62.0,1,1,4.68,31.1,79.5
72293,sales,2.9,41.8,0,0,1.04,18.1,58.1
72294,eng,1.1,62.8,1,0,1.38,20.1,72.1
72295,eng,7.9,60.1,1,0,2.24,24.2,86.8
72296,eng,5.8,49.7,0,1,4.35,20.0,73.5
72297,ops,1.2,38.7,1,1,5.79,21.1,62.7
72298,sales,10.2,59.1,0,0,2.12,24.6,72.0
72299,ops,7.3,40.9,1,1,4.8,18.2,62.9
72300,eng,1.1,48.0,0,1,5.18,32.0,86.0
72301,eng,2.7,57.5,1,1,7.14,19.7,76.0
72302,ops,3.3,45.1,1,1,4.56,18.3,51.0
72303,sales,25.0,42.7,0,1,4.63,24.6,72.0
72304,ops,1.5,55.9,1,0,4.27,21.8,79.6
72305,eng,7.3,60.9,0,0,2.23,24.1,77.6
72306,eng,11.2,73.8,1,0,3.15,20.5,78.3
72307,sales,3.1,48.2,1,1,5.79,24.9,70.8
72308,eng,2.1,51.8,0,1,3.34,24.7,67.8
72309,eng,9.0,38.2,1,1,3.99,23.1,66.9
72310,sales,1.9,37.4,1,0,0.99,16.6,51.9
72311,ops,4.7,53.2,1,1,5.6,25.8,75.5
72312,sales,6.3,37.3,1,1,5.61,27.0,66.7
72313,sales,1.4,39.2,1,1,5.06,22.8,64.9
72314,sales,9.4,61.7,1,0,1.6,18.7,66.9
72315,ops,4.5,49.4,1,0,1.95,15.4,54.9
72316,ops,5.4,56.3,0,1,5.55,29.6,85.2
72317,sales,5.1,54.1,1,1,5.4,29.3,82.3
72318,sales,6.0,57.7,0,1,4.14,25.2,78.8
72319,eng,2.2,61.8,1,0,1.74,28.0,68.7
72320,ops,2.3,52.1,1,0,1.73,19.2,53.3
72321,sales,6.4,55.6,0,0,3.21,24.5,75.2
72322,eng,10.0,55.1,0,1,4.28,32.7,84.4
72323,eng,7.5,54.9,0,1,5.0,28.1,77.0
72324,eng,6.4,67.3,0,0,2.19,20.7,70.6
72325,sales,8.4,61.6,1,1,5.89,31.9,85.4
72326,sales,3.4,52.4,1,0,2.62,22.4,66.3
72327,eng,2.7,46.2,1,1,7.4,28.3,67.0
72328,ops,4.6,47.8,0,1,3.6,24.2,68.5
72329,eng,5.0,55.2,1,1,5.47,29.3,77.9
72330,eng,1.3,43.5,1,1,5.02,19.7,56.6
72331,ops,9.1,51.1,1,1,5.31,28.2,73.5
72332,sales,2.3,23.7,1,1,3.91,19.2,51.3
72333,ops,2.9,43.7,0,1,3.67,25.6,63.4
72334,ops,3.6,27.0,1,1,5.13,12.0,46.8
72335,ops,12.6,55.1,0,0,1.35,13.4,68.7
72336,sales,10.2,48.5,1,1,4.9,30.4,76.2
72337,sales,2.0,38.4,0,1,5.27,23.9,64.1
72338,eng,7.2,62.7,1,1,3.16,32.9,83.4
72339,sales,3.2,61.1,1,1,1.74,27.2,67.1
72340,eng,2.1,40.7,0,0,2.14,22.8,66.3
72341,eng,4.4,58.8,0,0,1.88,25.0,78.0
72342,sales,7.1,44.2,0,1,4.6,28.7,59.6
72343,eng,4.4,43.6,0,1,4.87,20.1,58.6
72344,sales,2.4,44.2,0,1,4.62,21.5,67.4
72345,ops,8.6,42.1,0,1,4.7,24.2,66.4
72346,sales,2.2,61.5,1,0,0.42,27.1,68.1
72347,sales,4.0,56.9,1,1,5.16,29.4,89.6
72348,eng,8.8,43.5,0,1,3.77,28.9,73.9
72349,eng,11.0,61.3,0,1,4.0,26.4,78.7
72350,eng,2.3,59.7,1,0,2.92,27.2,86.3
72351,eng,0.7,35.0,0,1,4.67,20.1,55.8
72352,eng,0.5,43.9,0,0,1.89,15.4,60.1
72353,sales,8.7,70.2,0,1,5.07,24.8,78.9
72354,ops,0.3,34.6,0,0,0.56,12.7,42.3
72355,sales,6.7,39.0,0,1,5.82,23.7,70.3
72356,ops,6.8,40.6,0,1,3.98,25.3,62.0
72357,ops,1.1,49.0,0,0,2.09,15.0,59.4
72358,sales,2.5,56.8,1,0,1.2,22.9,66.5
72359,ops,5.1,36.1,0,1,6.21,27.4,72.7
72360,sales,2.8,56.7,1,0,1.22,24.0,58.3
72361,eng,2.7,43.9,1,1,6.88,26.8,82.8
72362,ops,4.5,48.7,0,1,6.46,22.7,60.2
72363,sales,3.2,57.1,0,1,3.81,33.4,81.8
72364,ops,1.9,34.7,1,0,2.62,18.1,57.1
72365,eng,0.8,31.7,0,1,6.56,25.4,63.1
72366,ops,2.0,33.6,1,1,5.8,26.5,64.6
72367,eng,7.3,61.5,0,0,1.14,23.7,76.6
72368,eng,1.9,45.9,1,1,4.51,25.6,65.9
72369,sales,4.5,65.9,1,0,1.83,23.0,78.1
72370,eng,1.1,61.4,0,1,4.67,26.7,76.7
72371,sales,8.7,68.6,0,0,1.61,23.3,92.1
72372,eng,4.3,68.3,1,1,4.91,27.5,80.2
72373,eng,5.3,49.6,0,1,6.06,27.9,78.3
72374,ops,7.1,53.7,0,0,0.19,17.0,63.8
72375,ops,11.2,47.2,0,0,4.22,22.4,62.9
72376,eng,4.0,66.3,1,0,2.37,21.7,78.6
72377,eng,1.6,58.9,1,1,6.95,35.5,83.9
72378,ops,5.7,40.1,1,1,5.39,22.7,55.5
72379,sales,1.2,48.1,0,1,5.13,23.9,72.0
72380,sales,1.9,60.9,1,1,4.94,26.4,76.1
72381,ops,3.0,17.4,0,0,1.15,-0.1,23.0
72382,ops,1.7,55.3,0,0,2.23,22.0,72.0
72383,sales,4.9,63.7,0,1,5.84,29.9,77.7
72384,ops,5.6,47.5,1,1,5.66,28.6,67.4
72385,eng,4.9,74.8,1,0,3.97,24.7,91.0
72386,ops,5.2,51.3,1,1,3.93,26.2,79.4
72387,eng,3.4,50.4,1,1,5.84,27.6,82.9
72388,sales,2.8,68.2,1,0,1.16,20.8,75.4
72389,sales,6.8,69.4,1,0,2.13,24.5,81.1
72390,eng,3.1,62.0,1,1,4.78,31.7,94.1
72391,ops,3.8,55.0,0,0,3.24,23.1,61.4
72392,sales,3.0,45.3,1,0,1.57,13.7,62.1
72393,ops,1.2,40.7,1,0,2.0,18.9,54.3
72394,eng,1.6,45.3,0,0,2.83,16.5,55.4
72395,sales,1.8,65.5,0,0,2.2,23.0,75.1
72396,eng,3.7,52.2,0,0,3.11,24.7,67.1
72397,eng,11.9,73.6,0,0,1.78,24.3,79.2
72398,sales,3.5,54.5,1,0,3.77,17.5,69.9
72399,ops,8.0,69.3,0,0,2.49,24.2,77.6
72400,sales,6.0,69.1,1,0,1.55,28.5,88.5
72401,sales,8.7,51.4,1,0,2.76,18.9,72.3
72402,ops,3.7,38.2,1,0,2.92,13.1,59.8
72403,eng,4.4,56.6,0,0,2.14,27.0,69.8
72404,ops,2.0,50.0,0,0,0.95,13.2,57.0
72405,ops,6.0,44.4,1,1,5.85,24.2,72.9
72406,sales,5.5,63.2,1,1,5.77,33.4,80.7
72407,eng,3.6,57.9,0,1,3.92,23.5,74.5
72408,ops,8.1,41.3,1,1,5.05,23.0,53.9
72409,ops,8.7,48.3,0,0,2.44,23.2,66.1
72410,eng,3.1,38.6,1,1,4.35,25.4,75.0
72411,sales,5.3,57.5,1,0,2.68,26.8,77.8
72412,sales,4.8,23.7,0,1,3.64,17.2,44.5
72413,sales,2.9,56.9,0,0,3.55,18.2,76.3
72414,eng,1.4,58.0,1,1,5.37,22.3,74.3
72415,ops,4.3,47.1,1,1,5.0,23.0,66.0
72416,sales,2.3,38.6,0,0,0.27,19.2,54.1
72417,sales,5.9,38.0,0,1,5.39,25.7,69.7
72418,sales,10.8,78.2,0,0,2.51,23.5,81.5
72419,sales,4.6,36.1,1,0,2.46,14.6,55.1
72420,eng,2.7,46.3,1,0,2.19,20.9,61.9
72421,sales,3.0,52.4,0,1,7.0,27.9,73.1
72422,eng,7.4,63.7,0,1,5.23,26.3,85.1
72423,eng,1.5,65.2,0,1,4.64,32.1,76.8
72424,ops,2.6,59.1,0,0,1.3,21.8,66.6
72425,eng,5.6,63.6,1,1,5.16,34.9,91.8
72426,sales,5.4,61.9,1,0,2.04,22.9,69.6
72427,sales,3.7,45.6,1,1,3.79,16.9,59.0
72428,sales,7.3,72.3,0,1,4.79,31.2,90.2
72429,eng,5.2,64.8,1,0,2.25,24.2,75.9
72430,ops,8.9,55.6,0,0,0.1,24.3,68.8
72431,eng,9.6,59.2,1,1,6.42,29.0,84.4
72432,eng,8.6,55.2,0,1,3.94,21.4,68.5
72433,eng,8.6,56.5,1,1,6.82,25.6,80.8
72434,sales,2.9,54.3,1,1,5.6,20.6,72.6
72435,sales,6.5,58.7,1,1,4.29,34.6,83.6
72436,sales,3.5,72.9,1,0,2.13,26.4,82.0
72437,ops,5.2,48.4,1,1,6.41,28.4,69.1
72438,eng,9.0,63.9,1,1,5.12,30.1,76.0
72439,eng,2.1,56.2,1,1,4.58,31.3,88.4
72440,eng,3.2,70.5,1,1,4.27,33.5,93.9
72441,eng,4.3,66.4,1,1,6.16,30.0,88.8
72442,sales,2.8,45.8,0,1,5.35,19.7,64.7
72443,ops,3.5,36.2,0,1,8.41,28.4,62.3
72444,sales,3.2,55.6,1,1,3.77,23.5,67.1
72445,eng,5.6,60.3,1,1,5.08,34.0,87.8
72446,sales,14.1,56.9,1,0,2.05,23.3,76.4
72447,sales,1.0,39.5,0,1,6.13,23.9,68.7
72448,eng,2.6,67.2,1,1,5.15,27.2,85.9
72449,sales,3.3,57.7,0,0,2.53,19.8,62.2
72450,eng,4.1,53.2,0,1,5.79,24.8,74.2
72451,ops,1.5,34.1,0,1,5.72,20.3,60.8
72452,sales,0.6,72.5,1,0,0.5,29.0,77.1
72453,sales,5.3,63.3,1,1,4.9,23.1,77.3
72454,sales,3.5,59.3,0,0,0.3,17.6,61.0
72455,eng,1.9,53.9,1,1,6.05,27.1,81.8
72456,ops,1.6,41.3,1,0,1.34,22.2,56.0
72457,eng,3.4,51.0,0,0,0.26,19.8,72.4
72458,eng,1.8,75.0,1,0,1.31,23.5,94.3
72459,eng,4.2,45.7,0,1,4.57,27.0,78.7
72460,eng,4.2,45.9,1,1,3.17,22.5,62.7
72461,sales,2.9,50.5,1,0,1.53,19.0,55.7
72462,eng,4.9,76.2,0,0,3.01,24.1,86.2
72463,sales,6.4,35.2,0,1,5.48,25.1,70.9
72464,sales,1.6,58.7,0,0,3.25,21.8,78.7
72465,eng,3.0,41.9,0,0,0.43,20.8,60.5
72466,eng,7.9,60.2,1,1,4.78,29.0,80.0
72467,sales,6.7,57.7,0,0,1.2,21.6,75.0
72468,eng,1.8,56.9,0,1,4.92,32.6,78.9
72469,eng,10.2,54.7,0,1,5.49,32.8,89.7
72470,sales,11.1,45.7,1,0,1.19,16.6,56.0
72471,eng,12.8,47.4,1,1,5.8,24.7,72.7
72472,sales,5.7,55.9,0,1,3.17,30.5,87.6
72473,eng,0.9,61.2,0,0,1.99,20.7,74.4
72474,ops,15.0,42.1,0,1,5.84,24.9,74.0
72475,ops,2.4,57.9,0,0,2.95,21.5,67.7
72476,sales,4.4,63.7,1,1,6.53,25.3,87.5
72477,eng,6.4,52.2,0,1,5.91,24.4,77.2
72478,sales,9.6,57.2,1,0,2.0,22.9,65.5
72479,ops,7.8,57.1,1,0,0.6,25.3,80.6
72480,eng,4.7,52.2,0,1,5.54,25.1,66.9
72481,sales,4.0,68.6,0,1,5.33,34.0,89.8
72482,eng,9.2,44.9,1,1,6.39,22.4,67.0
72483,sales,9.3,34.0,1,1,1.58,21.4,53.6
72484,sales,4.9,68.1,0,0,1.92,23.9,80.9
72485,eng,4.0,50.6,0,1,6.52,22.1,72.9
72486,eng,1.6,63.8,0,0,1.07,22.2,73.5
72487,eng,2.5,46.5,1,1,7.57,27.5,72.4
72488,eng,4.8,55.2,0,0,0.47,26.3,73.4
72489,eng,2.9,58.4,1,1,6.03,29.8,91.4
72490,eng,14.2,64.0,1,1,4.25,30.6,86.6
72491,ops,4.5,74.2,0,0,1.2,26.2,81.5
72492,eng,8.4,52.0,0,1,5.06,26.3,76.8
72493,eng,3.3,45.7,1,1,4.32,31.3,71.4
72494,ops,5.1,54.4,1,1,6.69,22.0,75.8
72495,sales,0.5,53.9,1,0,1.88,23.8,68.4
72496,ops,4.8,48.6,0,1,5.0,31.4,55.6
72497,eng,2.5,56.4,1,1,5.33,25.5,77.7
72498,ops,2.1,63.8,0,1,8.15,24.3,80.7
72499,sales,10.6,78.5,0,0,2.97,31.2,96.0
72500,sales,8.7,56.5,0,1,5.86,28.3,81.8
72501,eng,13.7,62.0,0,1,5.79,26.9,84.5
72502,eng,1.5,67.1,0,1,5.16,26.8,92.4
72503,eng,7.9,67.4,0,0,2.05,24.8,70.5
72504,eng,1.7,51.5,0,1,5.99,24.4,76.1
72505,sales,3.7,61.7,0,0,1.47,21.7,67.7
72506,sales,3.6,59.7,0,1,3.35,29.6,87.1
72507,sales,9.0,76.2,0,0,4.07,33.3,94.8
72508,eng,8.4,56.7,0,0,2.82,23.4,70.3
72509,eng,2.8,46.1,1,1,4.75,25.9,73.6
72510,sales,5.6,38.5,1,0,3.79,18.0,52.3
72511,eng,9.8,48.9,0,1,5.73,23.7,70.8
72512,ops,1.2,51.1,1,1,5.97,26.3,83.0
72513,ops,6.4,40.3,0,1,3.72,24.9,59.8
72514,sales,2.3,60.8,1,1,3.86,24.7,75.2
72515,eng,6.7,68.7,0,0,2.28,21.7,82.5
72516,sales,9.1,55.8,0,1,5.15,24.9,69.2
72517,eng,3.3,47.9,1,1,5.37,21.3,71.5
72518,ops,2.4,54.7,0,1,4.15,31.0,74.3
72519,sales,1.6,57.6,0,0,4.5,21.5,78.6
72520,sales,5.0,31.2,0,0,0.02,11.3,35.7
72521,eng,3.1,71.4,0,0,3.14,30.8,91.5
72522,sales,6.6,40.5,1,1,4.11,23.1,65.3
72523,eng,1.8,62.6,0,0,2.0,23.1,80.8
72524,sales,3.0,43.4,0,1,4.07,34.0,78.3
72525,ops,6.6,44.8,1,1,3.92,22.2,63.2
72526,sales,2.0,42.4,0,1,6.44,28.4,77.2
72527,sales,3.9,41.7,0,0,3.85,14.4,62.3
72528,eng,1.6,48.2,1,0,1.16,24.6,68.8
72529,eng,1.3,55.8,0,1,5.58,30.0,77.2
72530,eng,4.9,67.2,0,0,1.49,16.9,71.7
72531,eng,4.1,60.4,1,1,5.01,30.0,89.9
72532,eng,4.8,63.2,1,1,5.79,35.1,87.9
72533,sales,10.0,42.4,1,1,3.63,29.2,74.5
72534,sales,10.2,45.0,0,1,5.68,24.4,74.2
72535,sales,3.5,45.7,1,1,3.84,30.0,74.7
72536,sales,3.4,62.8,0,1,5.85,36.7,95.9
72537,eng,2.4,59.1,1,1,3.98,29.0,79.9
72538,ops,3.9,47.2,1,1,4.52,26.5,79.2
72539,sales,5.0,43.6,0,0,3.66,19.4,61.5
72540,ops,3.6,56.4,0,0,1.81,20.1,78.1
72541,ops,5.3,24.5,1,1,6.78,21.1,49.7
72542,sales,6.6,44.9,0,0,2.58,21.4,61.0
72543,sales,1.1,50.8,1,0,2.38,18.4,61.9
72544,ops,5.1,58.9,1,0,1.59,21.0,79.9
72545,sales,6.8,51.3,0,1,2.53,20.1,66.8
72546,sales,2.4,42.5,1,1,3.74,19.4,62.1
72547,eng,4.6,36.0,0,1,5.68,23.6,67.8
72548,eng,2.7,53.5,1,1,4.73,24.9,72.9
72549,sales,3.2,47.3,0,1,5.89,23.1,68.1
72550,eng,10.2,74.0,0,0,2.81,27.6,92.1
72551,sales,9.6,49.2,1,1,4.08,29.9,73.6
72552,sales,3.9,48.9,0,1,4.45,28.6,67.9
72553,eng,9.1,63.0,1,1,3.64,37.1,86.6
72554,eng,11.3,57.0,0,1,6.97,27.7,83.2
72555,sales,0.7,63.7,0,0,1.93,21.8,70.6
72556,eng,0.4,56.0,1,0,3.18,23.8,76.5
72557,eng,10.5,59.0,1,1,4.57,25.8,78.0
72558,ops,1.3,28.5,1,0,1.69,14.4,33.9
72559,sales,7.8,37.1,1,1,4.87,20.4,59.6
72560,sales,1.4,54.1,1,1,3.84,29.5,72.8
72561,ops,6.9,51.2,1,0,4.73,19.5,72.2
72562,eng,8.3,49.3,1,1,5.53,23.7,67.2
72563,sales,6.7,41.8,1,1,5.41,20.1,49.9
72564,sales,6.6,49.1,1,1,4.47,24.5,58.5
72565,eng,1.9,66.3,1,1,5.07,27.2,86.4
72566,eng,10.2,48.7,1,1,4.36,32.0,78.5
72567,sales,3.2,46.3,1,1,3.95,17.0,54.7
72568,eng,1.9,35.5,0,1,5.62,18.5,68.2
72569,sales,5.1,58.5,1,1,4.3,26.1,76.4
72570,ops,5.6,32.7,0,1,7.44,23.7,61.0
72571,ops,5.1,49.1,1,0,2.64,16.9,54.8
72572,sales,0.6,45.0,0,0,2.35,20.9,64.8
72573,eng,2.9,74.1,0,0,0.84,19.9,76.7
72574,eng,6.9,45.5,1,1,6.23,22.0,73.7
72575,sales,4.0,43.2,1,1,7.63,25.6,75.6
72576,eng,5.6,61.6,1,1,6.56,34.2,87.2
72577,eng,6.4,66.9,1,1,5.19,30.4,91.9
72578,sales,10.8,52.3,1,0,1.28,23.0,76.9
72579,eng,6.6,65.6,0,0,2.04,21.1,70.7
72580,sales,1.2,53.9,0,0,3.54,22.9,64.7
72581,sales,3.3,52.1,0,1,4.3,25.0,78.2
72582,eng,4.0,49.1,1,0,2.26,11.4,53.6
72583,sales,2.0,63.3,1,1,4.4,29.8,80.5
72584,sales,0.6,42.9,0,1,4.53,25.6,57.9
72585,sales,4.4,54.9,0,1,4.47,27.7,72.8
72586,eng,6.7,47.0,0,1,3.5,30.8,73.9
72587,eng,0.6,72.0,1,1,3.67,32.8,87.5
72588,ops,15.0,69.1,0,0,3.29,24.2,89.4
72589,sales,5.1,55.7,0,1,4.23,23.2,78.5
72590,eng,3.4,48.9,0,1,4.82,23.9,76.8
72591,eng,4.6,72.3,1,1,5.7,33.9,92.2
72592,eng,2.0,45.4,1,0,1.64,21.5,61.1
72593,ops,0.6,53.7,0,0,1.02,24.3,68.4
72594,eng,8.1,63.8,1,1,4.72,17.7,74.1
72595,sales,3.4,54.2,0,1,4.44,27.1,67.9
72596,ops,0.4,51.2,0,0,1.31,17.1,60.9
72597,eng,3.0,69.6,0,1,4.24,30.9,95.7
72598,sales,3.8,29.0,0,1,4.12,20.0,56.0
72599,eng,2.7,37.6,1,1,4.4,19.3,66.0
72600,eng,2.2,52.1,0,1,5.15,27.5,67.0
72601,eng,9.6,48.9,0,1,6.44,29.1,80.2
72602,sales,3.5,51.2,1,0,3.09,19.2,68.9
72603,sales,7.9,45.7,1,1,6.7,28.3,81.8
72604,ops,2.0,39.4,1,1,5.24,19.9,57.1
72605,sales,5.7,65.2,0,0,1.32,19.7,77.3
72606,sales,1.8,45.7,0,1,4.9,23.9,60.6
72607,sales,2.5,43.5,1,1,3.89,26.1,65.6
72608,sales,1.2,61.6,1,1,4.84,28.4,78.3
72609,sales,3.2,42.7,1,1,4.35,27.8,72.3
72610,sales,3.9,48.2,0,1,5.9,27.2,66.5
72611,eng,6.3,66.8,0,0,0.33,25.6,77.9
72612,eng,1.6,71.4,0,1,5.61,31.6,93.6
72613,ops,7.5,53.9,0,1,3.81,24.0,69.2
72614,eng,10.5,55.2,1,1,6.45,28.1,74.8
72615,eng,11.6,66.1,1,0,1.7,22.8,82.8
72616,eng,6.9,52.8,0,1,5.09,26.2,69.7
72617,eng,2.9,66.6,1,0,3.31,20.8,69.3
72618,sales,5.9,68.4,1,1,5.36,33.9,91.7
72619,eng,3.4,60.7,0,0,4.03,23.0,79.1
72620,sales,5.2,60.5,1,1,5.06,26.1,76.8
72621,eng,3.1,59.6,1,1,4.77,26.5,76.7
72622,eng,3.7,49.1,1,1,3.81,25.9,71.9
72623,sales,1.4,45.1,1,1,4.25,24.9,56.0
72624,sales,5.3,47.5,0,0,2.25,16.9,60.2
72625,sales,3.8,52.1,1,1,4.74,24.3,76.1
72626,eng,5.3,46.0,0,1,5.33,28.3,71.6
72627,sales,1.5,34.7,1,1,5.95,27.0,65.6
72628,eng,1.6,74.4,1,0,3.14,25.9,84.8
72629,eng,2.5,54.4,1,1,6.65,23.7,76.6
72630,eng,9.8,76.9,0,0,1.08,28.1,89.2
72631,sales,6.1,66.6,0,0,1.03,22.7,73.5
72632,ops,11.4,44.5,1,1,4.58,25.4,62.5
72633,sales,0.9,68.1,1,1,3.08,28.6,93.0
72634,sales,4.9,38.1,0,1,7.15,28.6,75.9
72635,eng,4.9,54.0,0,1,7.08,34.4,87.9
72636,sales,6.0,57.1,0,0,2.71,24.8,80.9
72637,ops,1.7,39.5,0,1,5.75,21.3,56.1
72638,eng,3.7,42.0,0,1,3.35,20.9,61.5
72639,sales,2.6,48.2,1,1,5.51,26.7,68.7
72640,ops,0.8,43.4,1,0,2.56,18.7,54.9
72641,sales,17.8,69.9,0,1,4.05,34.2,86.4
72642,sales,4.0,43.7,1,1,4.45,26.1,72.8
72643,sales,1.5,72.2,1,0,1.68,25.9,84.6
72644,eng,2.6,41.1,0,1,5.38,25.8,69.9
72645,sales,12.6,62.2,0,1,6.18,25.4,83.1
72646,eng,5.2,65.2,0,0,1.04,22.3,66.3
72647,eng,0.4,64.0,0,0,2.95,22.1,67.4
72648,sales,3.6,46.5,0,1,4.83,26.7,70.4
72649,sales,0.7,45.6,1,1,5.6,25.5,66.4
72650,sales,2.5,49.7,1,1,5.69,22.0,64.0
72651,sales,4.9,64.1,1,0,2.16,23.4,82.7
72652,eng,8.4,46.2,1,1,4.62,23.6,75.5
72653,sales,1.4,48.6,0,1,7.41,24.8,69.7
72654,sales,6.4,68.6,1,0,4.06,25.8,88.9
72655,sales,4.8,51.0,0,0,4.02,20.1,68.7
72656,sales,7.8,59.4,1,1,5.24,23.6,73.5
72657,sales,3.0,46.4,0,1,6.46,25.6,73.6
72658,sales,1.2,50.8,1,1,3.73,24.7,68.8
72659,ops,5.4,65.3,1,1,4.03,35.0,87.7
72660,sales,1.4,48.7,0,0,2.32,20.5,67.5
72661,sales,2.7,48.9,0,1,4.61,33.2,73.1
72662,eng,2.0,71.0,1,1,5.18,24.0,86.6
72663,eng,0.7,46.2,1,1,7.0,26.0,66.5
72664,eng,0.7,58.7,0,1,6.28,26.9,72.2
72665,sales,5.9,49.8,0,0,0.35,16.6,68.1
72666,eng,3.2,36.2,1,1,5.16,24.3,53.1
72667,eng,4.5,51.2,0,1,5.32,28.1,84.0
72668,ops,7.8,43.3,1,1,3.63,24.5,62.0
72669,eng,6.1,51.3,1,1,6.3,31.2,79.3
72670,eng,12.7,41.6,0,1,4.94,24.5,68.6
72671,eng,4.6,51.7,0,0,3.23,28.5,73.9
72672,sales,3.3,52.8,1,1,4.09,23.2,62.2
72673,sales,2.3,57.1,0,0,0.59,20.6,72.6
72674,sales,1.7,51.5,1,1,6.28,23.3,73.2
72675,eng,5.2,44.7,0,1,3.44,26.0,67.6
72676,ops,2.6,45.8,1,0,2.12,11.9,57.4
72677,eng,6.9,52.0,0,1,5.64,23.6,72.4
72678,eng,4.0,51.6,1,1,5.75,29.8,90.2
72679,sales,6.9,58.6,0,1,4.92,27.7,82.7
72680,ops,5.1,53.9,1,1,4.99,23.7,71.5
72681,eng,3.2,51.8,0,1,4.0,24.2,73.7
72682,eng,2.8,47.0,0,0,1.18,20.0,71.9
72683,eng,3.7,37.3,1,1,3.94,19.1,57.9
72684,ops,3.9,50.5,0,0,1.61,22.7,71.7
72685,sales,7.5,51.8,0,1,5.1,26.6,78.5
72686,ops,1.7,42.4,1,1,5.73,25.2,76.0
72687,ops,0.7,54.0,1,1,4.41,29.6,78.9
72688,ops,4.1,56.4,1,1,7.13,26.6,74.9
72689,sales,10.1,62.6,1,1,5.11,29.8,79.7
72690,eng,4.0,60.8,0,0,2.48,17.8,69.4
72691,eng,3.6,41.1,1,1,7.62,23.6,62.8
72692,eng,11.6,59.9,0,1,4.06,26.9,87.0
72693,eng,1.6,74.8,1,0,1.35,21.9,81.4
72694,ops,2.8,52.9,0,1,4.83,32.8,82.1
72695,ops,9.4,53.2,0,0,3.35,25.8,67.8
72696,sales,1.9,39.0,0,1,2.37,15.6,53.4
72697,sales,4.2,67.0,0,0,1.44,27.3,80.5
72698,sales,5.9,53.4,1,1,3.71,23.6,64.9
72699,sales,3.8,53.4,1,0,0.8,23.9,73.1
72700,eng,5.0,48.8,1,1,6.91,26.3,76.0
72701,ops,4.6,47.9,0,1,5.45,24.8,66.0
72702,eng,5.2,51.9,1,0,1.7,20.5,60.3
72703,eng,7.4,50.9,0,1,3.45,25.5,66.9
72704,sales,3.4,43.7,1,0,2.59,16.0,57.7
72705,eng,1.6,49.8,1,1,3.64,25.4,66.9
72706,eng,5.6,68.2,0,1,3.58,24.8,73.6
72707,ops,7.5,44.4,0,1,5.26,27.9,78.8
72708,sales,0.2,67.4,1,0,3.34,22.3,77.5
72709,eng,5.2,56.0,0,1,5.5,30.0,84.3
72710,sales,1.0,54.5,0,1,3.6,25.2,68.7
72711,eng,2.0,68.0,0,1,4.4,34.2,99.7
72712,eng,6.0,61.7,0,1,6.59,32.9,89.5
72713,ops,1.1,58.1,1,1,5.46,26.2,72.1
72714,eng,1.6,48.3,0,0,1.11,24.6,67.5
72715,ops,5.7,56.7,1,0,1.36,24.5,71.3
72716,ops,3.8,53.5,1,0,1.86,19.2,64.3
72717,ops,3.5,42.8,1,1,3.95,22.6,59.7
72718,eng,4.2,85.7,0,0,0.6,28.6,85.9
72719,eng,10.4,56.5,1,0,3.25,20.5,78.8
72720,eng,2.1,67.0,1,1,6.08,28.5,77.8
72721,sales,13.5,64.9,0,1,6.05,26.4,90.5
72722,sales,1.4,54.7,0,0,1.09,16.5,56.3
72723,ops,4.2,41.2,0,1,5.4,26.4,54.3
72724,eng,12.6,54.9,1,1,3.85,28.1,75.7
72725,sales,5.5,51.5,1,1,4.43,20.4,69.9
72726,ops,8.9,38.9,0,0,2.06,15.0,53.6
72727,sales,4.6,44.6,0,0,2.11,14.9,60.8
72728,eng,3.4,48.0,1,1,4.03,20.8,62.1
72729,eng,8.9,47.8,1,1,5.59,27.4,71.0
72730,sales,4.4,53.7,1,1,5.99,26.2,85.2
72731,eng,7.5,50.0,1,0,2.09,24.9,73.8
72732,eng,3.1,64.0,1,0,1.38,22.1,78.8
72733,ops,2.4,57.4,1,1,2.6,29.4,80.5
72734,eng,6.5,38.8,1,1,5.09,24.8,66.9
72735,ops,2.4,70.4,1,0,0.2,22.5,67.2
72736,eng,3.6,62.2,0,0,0.67,21.9,65.5
72737,eng,3.7,71.2,1,1,5.83,27.8,91.8
72738,eng,5.7,65.4,0,0,2.06,26.4,82.9
72739,eng,10.2,57.4,1,1,5.8,25.8,77.8
72740,sales,9.1,47.4,0,1,4.1,26.5,70.0
72741,sales,2.7,41.8,1,1,3.47,25.6,62.5
72742,ops,4.1,41.3,0,0,1.5,18.6,57.1
72743,sales,0.8,64.8,1,0,0.79,20.4,74.5
72744,eng,4.9,53.9,0,1,5.36,31.5,85.8
72745,sales,2.6,56.5,1,1,4.29,33.7,83.1
72746,eng,5.3,46.1,0,0,2.28,15.4,60.1
72747,sales,7.3,48.0,1,0,1.28,19.2,56.9
72748,sales,0.9,59.1,1,1,5.64,26.5,76.9
72749,sales,2.0,67.8,1,0,1.17,26.7,70.2
72750,eng,7.7,74.3,1,1,4.27,27.1,82.0
72751,ops,3.1,44.8,0,1,4.77,28.4,75.0
72752,ops,10.2,57.7,0,0,-0.16,25.1,76.9
72753,sales,7.7,38.1,1,0,1.68,18.0,58.3
72754,eng,11.1,69.5,0,0,1.91,28.5,82.5
72755,eng,2.2,53.5,1,1,4.1,27.7,86.3
72756,eng,6.0,60.3,0,0,1.84,24.8,76.5
72757,sales,4.5,30.4,0,1,5.25,16.1,47.1
72758,eng,6.6,57.2,0,1,6.07,28.1,79.3
72759,eng,1.6,52.5,1,1,4.9,27.8,79.1
72760,sales,3.3,47.2,0,1,5.82,18.6,55.5
72761,ops,4.0,58.2,1,1,5.37,29.4,84.5
72762,ops,15.4,69.8,0,0,1.57,27.1,74.3
72763,sales,2.5,44.0,1,1,6.28,25.5,71.1
72764,eng,4.6,55.3,1,1,4.74,23.5,76.3
72765,sales,7.7,54.2,0,0,1.71,17.7,66.9
72766,ops,3.3,49.0,1,1,5.24,24.0,73.8
72767,eng,1.4,57.3,1,0,1.49,22.3,73.4
72768,eng,4.3,43.4,0,1,5.47,25.7,71.1
72769,eng,6.4,55.5,0,0,1.98,24.2,69.0
72770,sales,5.0,61.3,1,0,1.17,17.6,65.9
72771,ops,1.6,35.8,1,1,5.4,18.5,62.5
72772,ops,1.0,58.7,0,1,3.57,28.0,73.2
72773,eng,7.4,57.0,0,1,4.75,27.2,74.1
72774,sales,2.8,46.9,1,1,3.61,24.3,74.7
72775,eng,2.7,51.0,0,0,1.95,22.5,67.4
72776,sales,8.1,56.8,0,0,3.67,22.6,75.1
72777,ops,0.8,45.7,0,0,2.06,15.9,59.2
72778,ops,1.3,37.8,0,1,4.95,22.8,58.2
72779,sales,9.9,50.7,0,0,2.5,23.9,60.9
72780,eng,3.6,64.3,1,1,5.63,29.5,87.0
72781,ops,3.0,56.3,0,0,1.61,24.4,74.0
72782,ops,7.0,35.9,1,1,3.04,21.6,59.0
72783,sales,7.9,50.6,1,1,4.53,25.5,73.9
72784,ops,2.5,53.5,1,0,2.29,23.5,64.2
72785,eng,2.3,52.6,1,1,5.01,22.8,75.5
72786,eng,13.8,52.7,0,0,1.5,20.0,70.5
72787,ops,3.0,71.7,0,1,7.27,29.1,88.7
72788,eng,2.0,40.1,0,1,4.96,28.3,79.1
72789,sales,5.6,41.1,1,1,6.57,26.9,71.1
72790,eng,3.5,79.2,0,0,1.83,28.4,87.8
72791,eng,0.9,51.4,1,1,4.32,22.0,69.2
72792,sales,3.8,48.3,0,1,4.86,26.5,68.5
72793,ops,3.7,53.8,1,1,4.75,23.5,68.7
72794,sales,3.1,46.7,1,0,-1.51,11.9,52.4
72795,eng,4.7,56.5,0,1,5.03,31.3,82.9
72796,eng,7.8,53.0,0,1,4.97,23.8,71.9
72797,ops,1.5,53.6,0,0,1.7,20.9,70.5
72798,ops,9.5,51.3,1,0,2.42,17.2,59.8
72799,eng,5.6,64.2,1,1,4.79,21.5,77.6
72800,ops,7.4,59.9,1,0,3.97,22.3,83.6
72801,sales,5.6,61.6,0,1,4.21,33.5,88.2
72802,eng,2.4,48.5,1,1,3.02,22.2,76.7
72803,sales,7.1,47.7,1,0,1.47,20.9,66.2
72804,eng,2.6,56.8,0,1,3.41,23.8,75.9
72805,eng,5.7,54.8,1,1,5.24,32.2,78.8
72806,eng,2.8,68.4,1,1,5.63,29.8,100.9
72807,sales,3.9,51.7,0,1,7.21,27.0,78.6
72808,ops,4.3,57.5,1,1,6.94,30.5,87.3
72809,ops,2.1,45.7,1,1,5.82,18.8,66.4
72810,ops,2.9,49.5,1,0,0.27,16.7,56.2
72811,eng,2.1,58.2,1,1,4.63,24.2,73.1
72812,ops,1.4,32.2,0,0,0.35,13.0,46.4
72813,eng,1.1,67.2,1,1,4.07,29.5,97.3
72814,eng,9.1,53.8,1,1,6.07,32.2,85.5
72815,eng,0.7,48.0,1,0,1.14,21.7,67.1
72816,eng,11.3,49.6,1,1,3.39,32.1,81.0
72817,ops,2.4,42.5,1,1,5.3,23.6,63.3
72818,eng,11.3,51.2,1,1,7.72,27.4,75.4
72819,eng,0.7,46.1,0,1,4.17,22.7,63.4
72820,sales,0.5,58.5,0,1,4.74,25.4,75.0
72821,ops,4.1,43.9,1,1,5.13,24.5,59.4
72822,eng,9.1,58.8,1,1,5.58,27.0,79.2
72823,ops,1.6,45.7,0,1,3.83,23.5,62.4
72824,sales,7.4,67.9,0,0,1.73,27.0,88.7
72825,sales,6.3,54.4,0,1,4.65,26.4,82.8
72826,sales,5.4,62.2,0,1,5.51,19.5,72.8
72827,sales,2.6,36.3,1,0,2.44,15.2,53.3
72828,sales,6.8,47.6,0,1,5.86,23.8,75.0
72829,eng,3.0,55.7,0,1,4.38,28.6,73.6
72830,sales,2.6,52.6,0,0,0.57,23.1,65.4
72831,eng,1.3,48.5,0,0,2.23,19.3,66.2
72832,eng,5.0,43.0,0,1,6.59,30.3,73.0
72833,ops,15.4,60.0,1,1,5.65,30.1,89.2
72834,sales,5.4,50.8,0,0,1.62,18.1,62.3
72835,sales,5.7,68.9,1,0,2.71,28.5,87.1
72836,eng,4.1,75.0,1,1,6.71,31.7,90.7
72837,sales,2.0,56.2,0,1,5.41,32.0,80.8
72838,eng,6.5,60.3,1,0,2.09,21.1,77.9
72839,eng,5.9,65.8,1,1,5.26,22.3,78.6
72840,ops,1.3,41.9,1,1,3.79,24.2,69.8
72841,ops,1.9,41.9,1,0,3.23,19.9,45.7
72842,sales,5.1,47.5,0,1,6.52,25.2,75.7
72843,sales,4.0,53.0,1,0,1.26,21.4,71.7
72844,eng,5.0,59.2,1,0,1.81,16.7,66.9
72845,sales,6.3,58.8,1,0,1.89,20.1,59.4
72846,eng,6.5,64.3,1,0,2.87,17.4,71.9
72847,ops,3.5,30.4,1,1,2.41,23.9,65.1
72848,ops,1.4,46.0,1,1,3.44,24.5,64.3
72849,sales,2.1,61.6,0,0,2.38,23.3,77.1
72850,eng,1.0,42.5,0,1,4.82,24.8,68.9
72851,sales,1.1,39.3,1,1,4.41,27.7,61.9
72852,eng,8.4,57.2,0,1,5.57,31.8,83.7
72853,eng,6.8,45.9,0,1,5.98,31.9,74.9
72854,eng,4.0,44.6,1,1,4.64,27.5,71.8
72855,sales,4.8,41.8,0,1,4.69,17.5,62.6
72856,eng,3.3,57.2,1,0,1.41,23.6,71.1
72857,eng,2.1,54.1,1,1,6.79,29.7,83.5
72858,ops,17.5,61.8,0,0,3.17,22.1,75.8
72859,eng,8.6,44.5,0,1,6.18,17.7,61.7
72860,ops,8.7,48.8,0,1,4.8,23.1,73.2
72861,eng,6.3,39.7,0,1,5.73,13.5,56.1
72862,sales,3.1,51.5,0,1,4.67,26.9,76.6
72863,sales,7.0,45.5,1,1,6.03,26.9,68.4
72864,sales,5.0,52.8,1,0,1.68,17.7,65.5
72865,ops,4.7,61.5,0,0,1.91,26.0,77.0
72866,eng,9.1,74.4,1,0,2.2,25.0,84.8
72867,sales,2.1,33.1,0,1,4.94,16.9,46.8
72868,eng,4.1,48.6,0,1,4.71,28.2,75.3
72869,eng,9.7,62.9,1,1,6.17,34.9,96.2
72870,eng,2.0,47.3,0,1,6.34,32.7,82.7
72871,eng,7.8,65.7,1,1,4.76,28.3,87.6
72872,eng,5.7,58.8,0,0,1.89,23.1,69.1
72873,sales,2.2,54.5,1,1,6.5,31.1,80.4
72874,sales,3.9,51.2,0,0,1.36,17.1,53.4
72875,eng,2.1,72.5,0,0,3.08,23.9,93.6
72876,eng,4.5,69.2,0,0,2.67,19.9,74.8
72877,eng,0.7,54.4,1,0,3.75,16.4,67.2
72878,ops,1.6,49.5,1,1,4.31,25.0,76.1
72879,eng,5.5,47.8,1,1,6.78,26.4,71.1
72880,eng,2.1,49.7,1,0,1.87,20.5,69.7
72881,eng,1.1,56.1,1,0,1.07,22.1,69.2
72882,sales,3.5,51.8,1,0,1.75,14.9,55.6
72883,eng,2.4,43.7,0,1,5.92,29.4,65.3
72884,sales,7.6,49.1,1,0,2.05,11.8,56.7
72885,sales,2.2,43.3,1,1,4.44,28.6,67.8
72886,eng,6.2,55.0,1,1,4.09,33.6,90.1
72887,ops,13.2,41.2,0,1,4.9,26.4,75.0
72888,ops,4.7,64.6,1,1,4.01,29.5,84.0
72889,eng,7.4,36.9,1,1,4.64,23.0,66.5
72890,eng,3.9,62.3,1,1,6.69,26.1,84.6
72891,sales,2.9,63.6,0,1,4.55,31.7,82.8
72892,eng,0.2,77.7,1,0,2.21,21.9,83.7
72893,ops,2.3,47.9,0,0,3.31,15.2,63.0
72894,ops,5.0,42.1,0,1,5.13,21.4,65.0
72895,sales,3.6,54.8,1,1,4.28,28.2,74.0
72896,sales,9.0,65.8,0,1,3.65,30.7,92.2
72897,eng,4.4,54.7,0,1,3.67,30.4,74.4
72898,sales,11.0,57.5,1,1,5.23,32.6,86.5
72899,eng,5.2,59.1,1,1,6.46,35.9,84.0
72900,sales,3.1,45.4,0,1,4.28,27.4,66.2
72901,ops,4.4,66.2,1,1,5.75,32.9,86.4
72902,eng,4.6,56.7,0,0,2.25,23.8,81.0
72903,ops,8.0,66.0,0,0,1.68,27.8,81.3
72904,eng,8.1,65.4,0,0,2.59,25.0,80.4
72905,ops,1.0,49.5,0,0,2.85,20.4,67.6
72906,eng,2.7,41.4,0,1,5.01,24.6,70.8
72907,eng,0.3,55.1,1,0,1.89,17.2,63.5
72908,eng,5.1,43.3,1,1,3.92,23.2,61.9
72909,sales,6.0,55.4,1,1,4.25,27.9,74.6
72910,eng,4.2,70.2,1,1,6.24,34.5,88.5
72911,eng,3.1,66.3,1,1,4.92,32.5,79.0
72912,sales,0.4,39.9,0,0,2.7,20.9,55.7
72913,sales,7.3,72.0,1,0,4.29,26.4,77.9
72914,eng,2.5,34.7,1,1,5.38,27.4,64.3
72915,sales,8.5,49.4,1,0,-0.22,26.7,67.0
72916,sales,6.2,49.2,1,1,5.47,24.5,68.4
72917,ops,2.6,59.7,0,1,4.92,32.1,87.5
72918,ops,19.6,38.6,0,0,2.4,19.7,67.0
72919,sales,7.1,61.3,1,0,1.74,24.3,75.1
72920,sales,1.5,50.4,0,1,5.42,27.3,71.5
72921,sales,1.2,61.6,1,0,0.52,22.7,78.5
72922,eng,3.0,63.2,0,1,4.61,30.1,94.4
72923,sales,11.7,55.7,0,1,4.69,28.3,90.1
72924,sales,1.9,41.2,1,1,5.3,21.8,69.4
72925,eng,4.3,56.9,0,1,6.26,23.9,70.1
72926,ops,2.3,58.7,0,0,3.81,18.5,64.0
72927,ops,3.1,36.7,0,0,2.59,16.3,58.5
72928,sales,5.5,46.4,1,0,3.22,20.3,63.9
72929,eng,1.7,56.3,0,1,5.58,28.3,74.0
72930,eng,2.0,79.1,0,0,2.4,31.0,97.7
72931,ops,4.1,29.1,0,1,4.45,17.3,48.3
72932,eng,4.5,63.0,0,0,1.7,25.6,84.8
72933,ops,9.6,53.5,1,1,4.92,21.5,70.4
72934,eng,6.5,76.0,0,0,3.97,22.5,86.7
72935,eng,3.4,65.3,0,0,2.53,25.7,74.5
72936,ops,5.7,52.6,1,0,1.16,18.3,67.4
72937,ops,2.4,50.1,0,0,1.19,15.4,70.9
72938,eng,2.6,60.2,0,1,5.26,28.1,82.6
72939,eng,1.8,50.1,0,1,5.17,25.3,72.7
72940,sales,3.0,59.0,1,1,5.43,26.6,81.1
72941,sales,8.6,57.5,1,0,1.77,22.3,72.2
72942,ops,0.7,33.4,1,1,5.03,27.8,64.9
72943,sales,3.6,48.8,0,1,5.86,26.7,73.1
72944,sales,7.2,70.1,1,1,5.51,29.5,86.2
72945,sales,4.5,56.1,0,0,3.29,19.7,64.0
72946,eng,1.7,63.9,1,1,4.11,31.7,81.2
72947,eng,4.1,66.4,0,0,3.25,26.4,86.7
72948,eng,8.1,61.2,0,0,2.88,29.0,86.3
72949,sales,5.1,48.3,1,0,1.48,19.6,59.0
72950,ops,1.4,44.5,1,1,4.03,19.4,67.7
72951,ops,1.0,50.3,0,0,1.65,24.7,73.5
72952,eng,4.5,59.2,0,1,5.6,26.2,86.2
72953,ops,7.2,57.0,1,0,1.6,17.9,57.1
72954,eng,5.0,69.2,0,1,5.12,25.8,84.8
72955,ops,8.7,55.6,0,1,6.37,26.0,73.3
72956,eng,6.4,70.9,0,0,2.1,26.7,82.4
72957,sales,11.3,44.6,0,0,0.6,19.6,62.0
72958,eng,5.5,75.8,1,1,3.84,31.8,92.0
72959,sales,6.5,53.3,1,0,3.2,22.1,67.1
72960,ops,1.7,50.7,0,0,1.18,19.2,69.9
72961,ops,1.4,55.4,1,1,4.19,24.6,77.2
72962,eng,6.0,69.9,1,1,5.73,23.3,84.1
72963,eng,1.7,59.4,1,1,4.31,33.1,74.7
72964,sales,25.3,64.5,0,1,3.79,28.0,77.2
72965,sales,6.6,52.0,0,1,4.4,28.6,85.1
72966,ops,9.7,68.4,0,0,2.22,31.8,93.8
72967,ops,4.8,47.4,0,0,0.8,11.5,64.2
72968,ops,1.6,48.4,1,1,5.88,26.8,68.4
72969,sales,10.2,42.4,1,1,4.28,25.7,64.4
72970,eng,6.1,56.7,0,1,6.84,35.2,88.9
72971,ops,4.2,62.2,1,0,2.9,27.1,82.4
72972,eng,3.0,54.4,0,1,6.7,22.0,64.1
72973,sales,2.5,54.1,1,1,5.07,33.1,84.8
72974,sales,2.3,49.8,1,1,4.34,26.6,70.1
72975,sales,2.6,50.3,0,0,2.35,19.6,71.8
72976,sales,1.0,52.9,0,1,2.9,17.8,68.1
72977,sales,6.5,41.9,1,1,5.16,21.9,59.1
72978,eng,4.8,60.1,1,0,1.92,24.0,69.3
72979,ops,10.0,73.3,1,0,3.56,26.9,85.7
72980,sales,7.5,50.1,0,0,2.86,17.0,63.0
72981,eng,5.3,52.8,0,1,5.82,25.6,77.4
72982,sales,6.0,33.4,1,1,5.87,19.3,52.7
72983,eng,7.2,36.7,1,0,0.83,18.6,57.5
72984,sales,6.5,47.1,1,1,4.06,32.1,70.6
72985,sales,9.2,60.9,1,0,0.53,24.1,80.2
72986,eng,2.5,46.0,0,1,5.67,22.6,64.4
72987,sales,4.6,41.8,0,0,2.16,15.0,54.0
72988,eng,4.9,57.6,0,0,2.45,22.7,75.0
72989,sales,2.8,67.1,0,0,0.99,25.4,76.0
72990,eng,3.3,50.2,1,1,4.75,24.3,73.2
72991,eng,3.3,43.3,0,1,4.12,15.2,66.7
72992,eng,2.1,59.6,1,1,3.87,26.0,83.6
72993,sales,5.8,47.2,0,1,7.24,37.5,81.4
72994,ops,4.0,58.9,0,1,6.13,26.8,78.4
72995,sales,6.9,61.5,1,0,1.23,24.5,76.3
72996,ops,9.1,47.6,1,0,2.82,25.2,70.6
72997,sales,4.2,66.4,1,1,4.86,29.0,74.6
72998,ops,9.1,70.7,0,0,2.16,32.1,81.1
72999,sales,3.1,56.0,0,1,6.12,24.0,65.7
73000,ops,1.3,29.6,1,1,5.62,23.1,63.8
73001,eng,4.4,43.8,1,1,4.77,29.0,73.6
73002,sales,2.6,56.4,1,1,4.26,25.6,78.9
73003,eng,7.1,76.4,0,0,2.52,24.3,87.5
73004,eng,2.3,53.6,0,0,3.7,18.2,58.6
73005,sales,3.8,49.3,0,1,6.24,24.9,78.5
73006,eng,2.7,67.0,1,1,6.21,35.2,98.9
73007,ops,2.6,60.4,1,1,6.24,28.9,86.1
73008,eng,3.3,63.7,0,1,5.51,25.5,79.3
73009,eng,8.1,65.0,1,0,1.69,23.9,86.4
73010,eng,4.7,57.9,1,1,5.05,29.0,79.0
73011,eng,2.2,40.3,1,1,7.65,26.9,71.3
73012,sales,9.9,52.5,1,1,4.66,24.1,80.5
73013,eng,2.7,66.6,1,0,4.06,27.6,88.5
73014,eng,4.4,76.3,1,0,2.8,23.9,87.9
73015,sales,4.5,39.3,0,1,3.82,22.8,59.8
73016,eng,2.5,44.2,0,1,5.38,19.8,76.7
73017,eng,0.4,64.0,0,0,1.54,28.0,75.2
73018,sales,6.2,54.5,1,0,1.15,17.2,64.6
73019,sales,1.3,41.5,0,1,5.63,23.6,64.2
73020,sales,16.0,77.6,0,1,4.71,33.3,100.6
73021,sales,9.4,44.7,0,1,4.52,24.2,72.5
73022,sales,14.7,61.6,0,1,5.12,31.7,93.6
73023,eng,1.9,62.3,0,0,0.75,24.9,81.2
73024,ops,11.1,66.1,1,1,5.67,31.0,88.2
73025,eng,5.5,51.5,1,0,2.3,23.7,69.1
73026,ops,2.4,47.5,0,0,0.93,17.4,53.6
73027,eng,3.7,58.7,0,1,5.42,27.0,78.8
73028,ops,1.4,33.5,1,1,4.38,20.9,71.1
73029,ops,1.9,46.7,0,0,0.68,20.0,60.1
73030,sales,4.3,50.5,0,0,3.54,18.4,56.8
73031,ops,10.7,64.4,0,1,3.71,31.1,85.6
73032,ops,8.7,58.8,1,0,2.46,23.2,72.9
73033,eng,5.7,55.2,0,1,4.53,29.0,77.8
73034,eng,13.2,58.0,0,1,5.1,28.9,91.8
73035,ops,3.7,47.1,1,1,4.2,20.9,58.6
73036,sales,3.7,38.8,0,1,2.84,28.7,66.1
73037,ops,2.4,42.9,1,1,4.96,21.2,70.5
73038,eng,5.9,69.3,0,0,3.12,22.1,81.1
73039,ops,8.3,56.0,1,1,4.32,24.2,74.9
73040,ops,0.6,53.6,0,1,3.96,25.0,71.3
73041,sales,0.9,41.3,1,1,4.56,23.9,61.4
73042,ops,7.1,56.2,1,1,6.17,29.3,83.6
73043,ops,3.7,49.0,1,0,1.57,16.5,65.1
73044,ops,0.9,45.0,0,0,3.63,15.4,53.7
73045,eng,10.1,62.8,0,1,6.53,34.0,86.4
73046,eng,5.2,56.7,1,1,5.13,25.0,76.0
73047,sales,5.0,46.1,0,0,0.95,16.6,58.3
73048,eng,7.8,79.5,1,0,2.03,30.3,95.6
73049,sales,4.2,48.6,1,1,4.13,24.6,74.3
73050,eng,3.9,61.5,1,0,0.67,18.2,70.5
73051,eng,5.7,36.0,0,1,4.26,21.9,60.3
73052,ops,3.2,66.7,1,1,5.51,27.7,79.9
73053,sales,4.4,49.0,0,1,5.41,20.4,64.6
73054,ops,2.1,32.5,1,1,7.1,22.9,59.0
73055,sales,5.9,43.2,0,1,4.79,31.3,60.2
73056,eng,8.3,56.4,1,1,5.41,26.2,81.0
73057,eng,6.6,59.9,1,1,7.12,35.0,90.5
73058,sales,3.7,50.1,1,1,5.19,23.3,67.8
73059,eng,3.6,52.7,1,1,5.52,31.1,85.7
73060,ops,6.3,49.1,0,1,5.48,21.9,70.3
73061,ops,4.3,67.4,0,0,0.18,23.3,77.2
73062,sales,4.5,54.9,1,0,3.06,24.1,79.2
73063,sales,6.1,43.2,0,0,1.39,21.0,68.5
73064,eng,5.8,45.1,0,1,4.28,24.9,67.1
73065,sales,3.3,59.7,0,0,1.32,23.0,69.2
73066,sales,11.8,52.3,0,0,1.57,19.7,66.3
73067,eng,1.3,56.6,0,0,2.87,27.5,85.1
73068,eng,3.0,56.4,1,0,2.07,20.7,68.9
73069,ops,7.1,52.4,0,1,4.35,28.2,81.2
73070,sales,4.2,58.0,1,0,0.91,17.7,66.4
73071,eng,3.6,70.4,0,0,1.8,24.9,80.7
73072,eng,13.8,74.6,1,1,5.85,35.6,94.1
73073,eng,1.2,62.2,1,1,5.22,27.3,78.2
73074,eng,2.8,56.9,0,1,5.83,21.3,71.7
73075,ops,2.2,59.4,1,0,2.03,24.5,80.6
73076,sales,5.9,55.7,0,0,1.37,21.8,66.3
73077,sales,5.3,57.2,1,1,3.58,29.2,85.1
73078,eng,4.7,50.7,1,1,5.81,22.7,72.1
73079,eng,4.9,58.6,1,1,3.02,26.1,77.8
73080,eng,2.6,55.4,0,0,1.79,24.5,63.2
73081,eng,7.4,89.7,1,1,4.04,36.2,104.9
73082,sales,6.0,46.3,0,1,4.45,25.4,75.2
73083,ops,8.6,44.5,0,0,0.73,21.3,64.7
73084,eng,2.5,33.5,0,1,6.96,25.7,64.2
73085,sales,4.7,55.9,1,1,6.68,31.7,81.7
73086,sales,1.7,47.6,0,1,6.03,24.5,62.8
73087,sales,7.3,59.9,1,1,5.01,25.7,79.9
73088,ops,2.3,48.4,1,1,4.24,29.1,71.7
73089,eng,3.8,65.3,1,0,2.75,26.2,87.8
73090,sales,1.0,31.0,0,1,3.96,20.7,58.6
73091,ops,12.3,55.9,1,0,0.07,17.0,60.0
73092,sales,1.0,60.6,1,1,5.1,28.4,80.5
73093,eng,1.7,51.4,0,1,3.6,23.6,61.2
73094,eng,5.2,62.0,0,0,3.84,26.5,80.7
73095,sales,10.7,57.7,1,1,4.17,18.4,79.2
73096,sales,8.3,60.2,1,0,1.23,19.0,69.6
73097,eng,2.3,50.9,0,1,5.14,21.7,65.9
73098,eng,3.2,56.6,0,0,3.82,22.4,77.9
73099,eng,6.9,36.9,0,0,2.57,15.4,49.2
73100,eng,0.8,46.0,0,0,3.9,26.5,70.5
73101,sales,10.7,64.8,1,0,1.98,23.7,80.7
73102,ops,5.0,39.8,0,1,4.12,17.4,58.5
73103,ops,5.9,71.4,0,0,2.45,20.5,69.7
73104,eng,13.3,63.8,0,0,1.61,24.8,84.4
73105,ops,4.6,44.9,1,1,4.27,16.2,66.0
73106,sales,3.9,62.6,1,1,6.61,25.5,81.3
73107,eng,0.2,48.5,0,1,5.47,27.9,76.2
73108,sales,7.5,49.4,0,1,4.98,26.2,67.1
73109,eng,2.8,60.5,0,1,2.88,27.3,79.5
73110,eng,0.7,47.2,0,1,4.53,27.1,81.8
73111,ops,4.5,38.6,0,1,5.35,18.2,61.1
73112,sales,6.1,54.2,0,0,0.98,24.3,75.2
73113,ops,20.2,69.4,0,0,0.16,22.4,80.1
73114,sales,1.4,46.3,1,0,2.87,16.8,66.1
73115,ops,11.5,47.6,1,1,4.43,21.3,65.5
73116,sales,2.9,47.2,1,0,2.3,19.6,69.8
73117,sales,10.4,66.4,0,0,2.94,22.4,73.4
73118,ops,7.3,55.8,0,0,0.56,29.3,81.9
73119,ops,1.1,45.9,1,1,6.41,30.6,75.0
73120,eng,3.8,67.5,0,0,2.28,17.1,82.4
73121,eng,5.6,65.8,0,0,3.02,26.1,80.3
73122,ops,2.0,35.4,0,1,5.05,18.9,51.4
73123,sales,11.6,58.8,0,1,5.49,30.2,87.4
73124,eng,2.8,56.7,1,1,4.86,30.5,78.4
73125,ops,4.0,32.5,0,1,5.6,19.4,57.0
73126,sales,1.7,36.7,0,1,2.99,22.4,51.0
73127,eng,4.9,81.4,0,1,4.62,38.7,106.6
73128,sales,3.0,55.5,0,0,2.31,18.0,59.1
73129,ops,3.8,55.3,0,0,2.26,19.6,61.7
73130,eng,6.2,61.8,0,1,5.93,32.9,95.0
73131,sales,7.8,60.2,0,1,4.92,19.0,60.8
73132,eng,5.9,56.7,1,1,5.4,29.2,75.4
73133,ops,4.3,55.0,1,1,5.14,26.6,79.3
73134,sales,3.9,49.3,0,1,3.92,27.9,73.3
73135,eng,1.6,55.3,0,1,4.34,17.2,63.2
73136,eng,4.5,59.2,0,1,5.75,27.0,84.2
73137,eng,2.7,63.7,0,1,4.22,30.1,82.5
73138,eng,2.8,48.5,1,1,4.85,31.4,76.2
73139,eng,8.0,36.2,0,1,5.04,25.0,72.8
73140,sales,14.2,60.0,0,1,5.27,25.7,78.9
73141,sales,2.2,59.1,0,0,1.47,20.4,72.3
73142,eng,1.3,50.5,0,1,2.87,31.8,81.7
73143,sales,3.6,42.2,0,1,4.95,17.9,61.1
73144,sales,4.9,55.3,0,0,1.51,22.2,74.8
73145,ops,4.0,33.7,1,1,5.67,24.4,69.3
73146,sales,12.2,61.4,1,0,3.4,20.1,73.9
73147,sales,3.4,69.4,1,0,2.7,23.8,83.9
73148,sales,1.8,41.3,0,1,5.02,28.5,62.5
73149,eng,0.7,49.5,1,1,5.29,22.4,73.2
73150,ops,3.5,49.7,1,0,2.91,29.7,79.2
73151,ops,5.6,45.9,1,0,1.56,16.4,63.4
73152,eng,1.3,43.0,0,1,5.41,19.2,64.3
73153,sales,6.1,33.8,1,1,4.61,22.3,64.7
73154,eng,4.2,55.4,0,1,5.71,29.6,81.6
73155,sales,1.6,65.5,1,0,2.69,23.4,90.7
73156,ops,2.5,62.6,1,0,1.72,24.0,76.2
73157,sales,4.9,57.9,0,0,1.58,29.3,69.3
73158,sales,4.3,31.1,0,1,6.24,19.4,54.0
73159,eng,3.5,35.0,0,1,6.5,20.0,56.0
73160,ops,3.1,52.7,1,1,7.37,21.4,67.5
73161,eng,7.7,50.3,1,1,4.62,26.5,75.2
73162,eng,5.2,53.5,1,1,3.99,24.0,76.1
73163,sales,4.9,55.5,0,1,3.46,27.8,72.0
73164,ops,4.1,59.0,1,0,2.46,18.4,70.7
73165,eng,2.3,49.7,1,1,3.15,26.1,75.4
73166,eng,2.0,62.9,0,0,1.47,23.9,80.8
73167,sales,5.0,35.4,0,1,5.16,19.1,62.1
73168,eng,3.6,58.6,0,0,2.85,23.9,75.2
73169,sales,11.5,59.4,0,0,1.64,21.8,74.0
73170,sales,17.3,57.6,0,1,3.42,28.8,71.3
73171,eng,2.0,60.5,1,1,4.83,29.6,82.3
73172,eng,7.8,50.3,1,1,5.83,24.8,68.5
73173,sales,17.9,61.5,0,0,1.08,25.6,77.4
73174,sales,7.9,46.6,1,1,5.03,19.9,65.3
73175,eng,2.0,45.7,1,1,6.78,22.7,72.5
73176,ops,6.8,35.4,0,1,2.66,26.8,55.8
73177,sales,12.2,61.0,1,1,5.62,27.6,73.0
73178,eng,8.7,57.4,0,0,0.42,22.0,73.5
73179,eng,6.4,56.2,1,1,6.91,26.7,86.2
73180,sales,1.9,37.2,0,1,3.88,18.3,59.3
73181,sales,2.9,54.2,1,1,6.0,23.5,74.3
73182,eng,1.9,63.2,0,1,4.45,29.6,79.2
73183,eng,3.4,60.1,1,0,2.12,21.6,71.8
73184,eng,8.3,69.1,1,1,3.8,26.6,92.5
73185,ops,2.6,47.2,1,1,3.34,17.3,63.3
73186,ops,6.5,44.2,0,1,4.84,29.5,70.5
73187,ops,8.3,50.4,1,0,2.31,16.0,60.8
73188,sales,1.3,61.2,0,0,2.15,21.5,75.5
73189,ops,6.5,48.7,0,1,4.34,28.0,73.2
73190,ops,5.8,23.3,0,0,2.73,18.7,49.8
73191,ops,2.0,52.2,0,0,2.25,16.5,77.7
73192,eng,5.8,56.8,0,1,4.3,26.3,78.7
73193,eng,9.6,60.7,0,1,5.87,37.4,101.5
73194,ops,1.5,59.4,0,0,1.76,21.7,61.2
73195,ops,0.4,44.9,0,1,5.57,23.6,54.2
73196,eng,0.8,49.0,1,1,4.68,20.2,71.1
73197,sales,20.6,49.1,1,1,5.02,27.7,83.2
73198,eng,0.7,63.2,1,0,2.1,24.2,76.5
73199,sales,3.7,70.7,0,0,2.17,29.1,94.0
73200,eng,9.7,60.4,1,1,5.48,32.4,91.0
73201,eng,4.0,37.8,1,0,2.97,13.7,54.1
73202,ops,3.8,55.9,0,0,1.71,19.5,63.4
73203,sales,3.8,45.7,0,0,2.55,23.7,70.6
73204,sales,3.7,53.1,1,1,3.07,27.8,71.5
73205,eng,2.8,38.0,1,1,3.93,16.3,57.1
73206,ops,2.8,48.7,0,0,5.19,21.3,63.2
73207,eng,2.9,43.0,0,1,4.62,24.3,60.6
73208,eng,6.5,77.9,1,1,4.33,28.9,86.7
73209,eng,7.7,44.1,1,1,4.54,28.4,75.5
73210,eng,4.5,60.5,1,1,4.99,29.2,83.6
73211,sales,1.4,54.5,1,1,4.87,29.8,79.9
73212,ops,3.9,47.4,0,1,5.3,20.5,70.0
73213,sales,10.5,53.9,0,1,5.01,30.9,81.9
73214,eng,2.4,58.8,1,1,4.65,29.9,72.8
73215,eng,6.4,64.4,1,1,4.96,33.0,88.2
73216,ops,6.1,64.9,0,0,3.1,22.1,77.3
73217,eng,2.9,65.7,0,0,1.68,21.3,70.5
73218,sales,0.7,43.6,1,0,2.57,17.6,56.9
73219,eng,1.7,55.6,1,1,4.94,26.4,76.2
73220,ops,4.5,57.8,1,0,1.23,21.4,55.3
73221,sales,6.3,43.1,1,1,2.88,23.6,72.6
73222,sales,3.3,46.5,1,1,5.41,28.1,75.5
73223,eng,3.5,61.3,0,0,1.86,23.5,74.0
73224,sales,3.1,68.1,0,0,3.05,29.0,75.7
73225,sales,0.9,55.8,0,0,2.36,23.2,75.5
73226,eng,1.1,37.9,1,1,5.81,24.9,70.9
73227,eng,2.9,44.0,0,1,5.87,24.3,63.1
73228,ops,1.9,55.0,0,0,2.42,13.2,59.7
73229,eng,1.4,41.9,1,1,6.21,30.6,76.0
73230,sales,1.0,49.2,0,0,1.77,17.6,66.2
73231,sales,5.9,34.1,1,1,6.65,22.6,67.3
73232,sales,1.1,49.5,0,1,4.8,21.8,62.0
73233,ops,4.3,33.6,1,1,4.96,19.4,57.6
73234,eng,7.9,64.9,1,1,6.68,31.9,99.5
73235,ops,4.7,41.5,1,1,6.22,23.9,68.7
73236,ops,11.4,52.6,0,0,2.45,16.4,67.0
73237,sales,14.8,78.4,1,0,3.08,29.0,93.9
73238,eng,2.4,71.1,1,1,7.36,29.8,92.6
73239,ops,5.7,43.0,0,1,3.35,26.7,71.1
73240,sales,6.7,59.1,0,1,5.6,23.1,63.3
73241,eng,3.7,67.6,1,1,6.35,35.0,97.0
73242,eng,3.3,57.2,0,1,4.45,31.7,85.9
73243,eng,11.9,52.0,1,1,5.82,29.4,78.2
73244,eng,6.2,56.0,0,0,1.83,21.2,67.9
73245,sales,2.9,60.7,1,1,5.23,31.9,89.0
73246,eng,7.5,66.3,0,1,4.17,24.9,88.1
73247,sales,5.0,52.3,0,0,3.76,22.5,69.3
73248,sales,7.3,57.9,0,0,2.94,22.2,67.6
73249,eng,2.5,69.6,1,0,1.31,15.4,64.3
73250,sales,4.0,22.3,0,1,2.98,14.7,37.6
73251,eng,0.5,62.0,0,1,5.18,31.4,74.2
73252,eng,2.8,57.8,1,0,2.32,20.2,70.6
73253,eng,16.3,42.6,1,1,4.02,26.8,67.8
73254,eng,8.4,79.7,1,0,2.39,21.6,81.8
73255,sales,2.1,58.3,0,0,2.65,17.2,68.8
73256,sales,4.9,56.3,1,0,2.91,19.3,74.5
73257,sales,18.6,60.0,1,0,2.26,26.0,74.0
73258,sales,1.8,46.9,0,1,5.32,26.2,68.4
73259,ops,2.0,55.9,0,0,3.23,21.0,74.0
73260,ops,0.3,45.9,0,0,2.63,15.3,64.5
73261,eng,3.6,42.4,0,1,3.71,24.3,64.8
73262,sales,8.4,64.0,0,1,3.82,28.3,70.8
73263,eng,4.2,62.6,0,1,3.93,34.3,86.7
73264,sales,2.0,34.9,1,1,4.54,15.8,56.3
73265,sales,3.1,58.9,1,1,5.22,25.3,72.3
73266,eng,3.4,55.2,0,0,2.03,15.2,67.8
73267,ops,9.7,33.8,0,1,5.17,21.1,60.7
73268,eng,8.0,55.4,1,1,4.12,29.0,76.0
73269,sales,4.0,56.3,1,0,3.2,18.1,67.6
73270,ops,12.3,58.4,1,0,2.7,19.6,68.3
73271,sales,7.5,75.5,0,0,2.48,25.0,77.5
73272,ops,1.2,47.6,0,1,4.45,20.4,74.1
73273,eng,2.3,44.0,0,0,0.51,16.8,62.9
73274,eng,2.0,42.3,0,1,7.29,28.5,72.6
73275,eng,11.3,55.3,0,0,2.01,25.4,73.6
73276,sales,7.0,55.0,0,0,1.79,19.5,66.7
73277,sales,3.2,33.8,1,1,3.3,19.7,57.1
73278,eng,1.6,61.1,1,0,3.04,27.2,72.2
73279,eng,3.4,48.8,1,1,5.56,21.8,69.0
73280,sales,1.9,48.6,0,0,3.72,18.4,62.7
73281,ops,10.4,46.9,1,0,1.13,14.2,70.6
73282,eng,8.9,49.0,0,1,2.46,24.7,70.0
73283,sales,1.6,40.1,1,1,5.41,18.5,58.1
73284,ops,4.7,49.9,0,1,5.8,25.2,74.6
73285,ops,10.3,45.2,1,1,5.32,18.0,59.8
73286,sales,1.2,54.9,0,0,1.05,24.5,68.0
73287,sales,2.8,52.2,1,1,6.02,27.8,70.3
73288,sales,4.3,57.0,0,1,3.64,24.3,72.2
73289,sales,3.1,35.8,1,1,4.54,23.2,53.8
73290,eng,0.8,41.9,0,1,4.93,17.9,57.7
73291,eng,4.4,62.9,1,0,2.68,28.0,80.9
73292,sales,8.0,47.5,1,0,3.43,16.0,64.1
73293,ops,7.9,65.7,1,1,5.4,34.0,93.9
73294,ops,10.8,46.9,1,1,5.18,25.8,63.3
73295,sales,6.8,46.6,1,0,1.38,17.0,61.6
73296,sales,4.6,43.2,1,0,3.78,12.9,60.3
73297,ops,3.9,54.3,1,1,6.18,25.8,78.5
73298,ops,6.7,39.8,0,1,4.59,23.7,60.9
73299,sales,2.4,34.2,0,0,1.29,16.7,57.3
73300,eng,0.8,41.2,1,0,2.17,15.0,54.2
73301,eng,1.0,68.3,1,1,5.8,29.5,76.5
73302,eng,4.8,75.8,0,0,3.19,33.5,94.2
73303,eng,6.0,58.0,1,0,2.04,28.2,79.2
73304,eng,2.9,43.5,1,1,3.59,15.8,66.4
73305,sales,4.1,44.1,0,1,3.48,22.5,55.9
73306,sales,2.3,53.1,0,1,5.8,26.0,83.6
73307,eng,1.0,61.7,1,0,1.9,23.1,65.3
73308,sales,5.3,58.2,1,0,1.79,19.9,71.9
73309,eng,7.2,58.7,1,1,7.27,28.9,88.6
73310,ops,16.3,56.4,0,1,5.99,31.5,83.4
73311,eng,4.6,62.6,1,1,4.89,26.7,88.2
73312,eng,3.1,60.4,1,1,5.17,28.2,82.3
73313,ops,5.6,34.7,1,0,3.22,20.3,58.1
73314,sales,8.4,55.9,0,1,5.07,31.1,78.9
73315,eng,5.6,67.2,1,1,4.8,29.4,91.7
73316,ops,5.9,60.5,1,1,5.48,22.7,66.8
73317,ops,1.6,59.2,1,1,6.25,31.5,73.8
73318,eng,2.8,58.2,0,1,4.31,33.3,81.7
73319,ops,1.1,62.0,0,0,2.69,25.2,80.8
73320,eng,1.3,46.1,1,1,5.74,27.5,71.8
73321,ops,5.9,39.8,0,0,0.47,19.0,59.5
73322,ops,0.8,56.3,0,0,1.6,19.4,72.3
73323,eng,3.0,61.7,1,1,5.56,30.6,81.2
73324,sales,8.2,56.5,0,0,1.86,26.8,79.3
73325,eng,5.6,62.2,1,1,5.81,28.6,89.6
73326,sales,9.9,56.3,0,1,5.21,23.3,75.5
73327,eng,2.6,65.2,0,1,6.61,27.1,83.9
73328,eng,3.6,48.0,0,0,2.19,20.5,57.6
73329,eng,3.4,53.8,0,0,2.53,18.9,69.3
73330,eng,9.6,49.5,1,1,5.42,25.8,73.5
73331,ops,4.6,61.9,0,0,1.2,22.8,74.7
73332,sales,0.6,50.3,0,0,2.47,21.3,75.2
73333,eng,1.4,60.8,1,1,4.16,22.8,70.5
73334,eng,0.8,58.2,0,1,4.19,20.0,78.4
73335,sales,6.5,56.6,1,0,0.43,21.4,61.5
73336,sales,2.5,51.7,0,0,3.91,19.0,62.9
73337,eng,0.9,54.4,1,1,6.81,34.8,79.0
73338,eng,7.9,57.0,1,1,5.24,32.6,85.3
73339,sales,9.8,58.6,0,1,4.2,30.8,88.9
73340,sales,7.6,73.6,0,0,2.98,27.2,86.8
73341,eng,5.1,67.0,1,1,4.89,30.3,88.6
73342,sales,8.4,49.1,1,1,4.34,25.5,73.7
73343,sales,4.7,45.2,0,0,3.29,19.6,59.4
73344,sales,1.3,45.9,1,1,4.83,25.3,71.0
73345,sales,0.3,59.0,0,0,1.89,23.7,76.8
73346,sales,7.2,54.5,1,1,3.72,24.5,76.0
73347,sales,4.8,36.3,1,1,5.58,15.2,60.6
73348,sales,3.8,59.9,0,1,5.52,31.3,80.3
73349,ops,8.1,35.0,1,1,5.82,22.0,65.1
73350,eng,1.2,74.4,1,1,5.24,30.3,87.6
73351,ops,8.7,47.2,1,1,4.41,28.6,65.9
73352,sales,9.1,46.5,1,1,3.0,20.6,63.8
73353,eng,3.1,40.7,0,1,4.96,24.2,62.3
73354,sales,9.4,67.1,0,0,4.4,23.0,84.0
73355,ops,1.1,69.0,0,1,5.0,34.2,89.2
73356,sales,2.1,49.4,1,1,3.38,24.8,69.6
73357,ops,1.5,47.9,1,1,5.01,25.5,67.6
73358,eng,2.2,59.8,1,0,1.84,19.7,71.6
73359,eng,2.1,45.0,1,1,5.57,22.7,65.4
73360,sales,3.0,54.7,0,0,3.35,16.0,77.1
73361,sales,4.3,71.9,0,1,6.46,28.5,89.7
73362,eng,3.2,58.3,1,0,1.48,18.0,64.7
73363,ops,4.0,54.7,0,1,5.13,38.6,93.1
73364,ops,7.2,42.2,1,1,6.78,26.3,68.1
73365,sales,4.0,33.7,1,1,6.45,23.5,65.1
73366,eng,3.0,43.0,0,0,2.09,20.3,58.3
73367,eng,4.0,63.3,1,1,6.69,30.5,91.4
73368,ops,10.0,72.7,1,0,0.93,23.1,86.3
73369,ops,4.8,53.0,1,1,4.88,28.2,75.7
73370,sales,13.1,46.2,0,0,1.19,19.7,55.1
73371,eng,4.1,51.3,1,1,5.54,29.4,77.3
73372,eng,2.9,59.7,0,0,2.09,24.6,76.1
73373,eng,0.5,57.6,0,0,1.83,20.9,73.8
73374,eng,6.8,55.2,1,1,5.96,25.6,76.8
73375,ops,0.5,51.0,0,1,3.92,24.1,73.7
73376,eng,3.4,60.5,1,1,3.96,33.4,82.5
73377,eng,0.4,43.8,1,0,2.16,17.1,59.0
73378,eng,8.7,65.2,0,0,1.16,27.8,91.8
73379,sales,8.2,49.6,0,0,1.55,18.2,68.3
73380,sales,3.9,52.2,1,1,4.36,33.1,74.6
73381,eng,6.3,54.9,1,1,6.71,22.7,74.0
73382,eng,2.7,62.8,1,1,6.74,32.9,94.1
73383,eng,1.2,42.9,1,1,6.15,26.4,68.3
73384,sales,0.8,43.5,0,0,3.04,12.0,56.1
73385,eng,3.5,48.6,1,1,4.39,27.9,75.9
73386,ops,3.1,46.7,0,0,1.96,24.1,55.3
73387,ops,4.0,36.6,1,1,3.55,17.1,53.8
73388,eng,1.6,68.4,0,0,2.04,22.0,78.4
73389,sales,1.3,58.5,1,1,5.24,25.9,85.2
73390,eng,8.3,65.5,0,1,3.95,26.1,83.0
73391,eng,4.5,58.5,0,1,4.07,31.6,82.8
73392,eng,6.0,82.0,1,0,1.79,27.2,97.4
73393,sales,3.5,57.4,1,1,5.04,22.2,64.3
73394,eng,3.7,48.6,1,1,4.44,22.9,67.5
73395,ops,3.7,43.8,0,0,3.09,18.6,58.2
73396,ops,6.0,31.9,0,1,4.33,20.3,59.3
73397,ops,3.7,45.4,1,1,4.67,21.3,63.5
73398,ops,7.5,58.9,0,0,2.24,23.9,74.2
73399,sales,1.9,64.3,1,0,1.36,23.3,74.6
73400,ops,0.9,32.7,1,1,4.44,14.0,53.7
73401,sales,2.8,65.5,0,1,7.38,36.0,88.6
73402,eng,8.0,50.6,0,1,4.6,32.4,74.6
73403,sales,4.9,49.4,0,1,3.91,24.6,70.1
73404,eng,0.8,50.9,1,0,1.64,24.9,77.4
73405,eng,5.8,62.5,0,0,2.95,26.6,86.5
73406,ops,3.4,71.1,0,0,0.11,26.3,72.7
73407,sales,1.0,64.5,0,0,2.3,19.9,75.8
73408,eng,6.2,76.2,1,0,1.24,23.6,88.4
73409,sales,1.9,50.8,0,0,1.61,19.3,62.1
73410,eng,5.8,68.1,0,0,0.88,21.6,74.0
73411,sales,3.8,48.7,1,1,6.15,21.6,52.6
73412,eng,2.2,39.2,0,1,3.94,19.4,63.6
73413,eng,2.4,58.2,1,0,2.21,24.1,69.6
73414,ops,0.7,49.3,0,1,6.06,24.6,70.6
73415,ops,4.3,17.9,0,1,2.75,18.3,42.6
73416,eng,3.4,58.1,0,1,4.86,28.4,79.0
73417,eng,3.3,60.4,0,0,2.15,18.2,74.2
73418,eng,3.2,33.8,1,1,3.07,20.2,54.5
73419,sales,3.9,49.7,1,1,4.52,23.5,65.4
73420,sales,2.0,46.0,0,1,5.49,21.5,73.0
73421,eng,0.7,64.9,1,0,3.18,24.8,86.0
73422,ops,4.1,25.9,1,1,3.69,17.3,51.2
73423,sales,6.6,59.9,0,0,1.98,23.0,69.2
73424,ops,7.3,49.9,0,0,1.95,20.6,63.4
73425,ops,6.7,59.4,1,1,4.95,29.3,78.0
73426,sales,4.2,58.0,0,1,5.98,23.0,69.5
73427,eng,4.1,43.3,1,1,4.59,20.6,68.4
73428,sales,1.6,29.0,1,1,4.99,16.7,44.7
73429,eng,1.4,30.2,1,1,4.95,22.7,61.2
73430,sales,7.1,57.1,1,1,5.08,31.7,81.7
73431,eng,5.6,35.0,1,1,5.93,22.3,62.7
73432,eng,1.3,61.8,0,1,5.51,35.5,84.6
73433,eng,5.7,69.3,0,0,3.43,26.7,86.0
73434,eng,3.9,56.1,1,1,6.29,27.8,78.7
73435,ops,2.1,66.2,1,0,2.29,30.9,88.9
73436,eng,5.5,56.1,1,0,1.17,17.5,63.8
73437,eng,2.3,84.7,0,0,2.46,25.4,97.2
73438,sales,5.0,53.4,0,1,5.69,28.3,86.1
73439,sales,4.4,34.3,1,1,5.68,19.7,60.2
73440,ops,1.1,40.5,0,1,5.59,15.1,73.6
73441,sales,3.0,30.2,1,0,1.98,19.2,47.9
73442,eng,5.2,49.6,1,0,1.49,19.7,63.7
73443,eng,8.2,82.3,1,1,4.84,40.0,103.5
73444,ops,4.1,31.9,1,1,4.37,21.3,57.3
73445,eng,7.3,59.8,1,1,1.77,31.1,79.5
73446,eng,1.6,51.6,0,1,5.76,27.9,79.4
73447,eng,5.7,65.9,1,1,5.37,32.8,88.0
73448,sales,2.6,43.7,0,0,3.55,17.9,58.3
73449,eng,7.8,60.0,0,0,1.1,25.4,73.8
73450,ops,8.8,55.9,1,0,1.88,23.7,73.3
73451,ops,13.1,43.9,1,0,3.12,17.2,51.1
73452,ops,10.7,56.8,1,1,6.16,24.1,74.1
73453,eng,3.0,46.3,0,1,5.12,24.8,68.5
73454,sales,0.4,50.3,1,1,5.05,21.8,72.2
73455,ops,5.4,46.9,1,1,5.77,24.8,70.8
73456,ops,4.9,61.8,0,0,1.86,11.3,62.2
73457,eng,11.6,68.3,0,0,1.68,24.6,81.8
73458,eng,3.3,56.5,0,0,2.01,22.9,80.2
73459,sales,4.1,45.3,0,1,5.42,28.1,77.1
73460,eng,3.9,57.1,0,1,5.54,31.4,79.6
73461,eng,7.6,64.2,0,1,7.39,30.6,89.6
73462,eng,5.5,43.0,1,1,3.77,24.7,62.0
73463,eng,4.0,48.5,1,0,1.92,14.0,66.6
73464,sales,6.4,52.9,1,1,5.45,30.2,69.7
73465,eng,9.5,61.4,0,0,2.85,20.5,70.4
73466,eng,2.0,61.1,0,0,3.04,21.4,77.2
73467,eng,0.8,56.4,0,0,3.42,18.9,62.0
73468,ops,3.8,47.0,0,0,3.93,12.4,57.5
73469,eng,2.5,51.1,0,1,3.54,24.6,70.6
73470,eng,0.6,60.7,0,1,3.19,32.4,85.6
73471,ops,6.1,39.2,1,1,6.19,25.1,71.5
73472,sales,7.7,54.8,1,1,6.22,32.4,81.9
73473,eng,5.7,63.6,1,1,5.12,32.8,92.7
73474,eng,2.2,46.0,1,1,5.15,24.8,62.0
73475,ops,8.3,45.1,0,1,6.11,26.1,77.5
73476,eng,0.6,80.9,1,0,2.66,24.2,82.9
73477,ops,1.4,62.4,1,0,1.61,22.4,79.9
73478,sales,9.6,62.9,0,0,3.21,24.9,79.6
73479,ops,5.6,65.4,1,1,5.68,32.6,85.3
73480,eng,7.2,56.9,1,1,6.11,26.2,80.5
73481,eng,7.7,74.8,0,0,2.04,23.7,89.7
73482,eng,5.4,55.6,1,1,4.03,27.0,77.5
73483,sales,1.3,57.4,0,0,1.45,18.8,71.3
73484,ops,2.8,45.2,1,1,6.32,22.7,70.4
73485,eng,2.9,44.3,0,1,4.23,17.3,67.7
73486,eng,2.3,55.7,0,1,5.28,31.9,84.0
73487,sales,5.9,60.9,0,1,7.53,20.9,77.9
73488,sales,4.3,47.9,0,0,3.28,12.5,59.5
73489,ops,8.3,56.7,1,0,2.97,23.6,71.2
73490,eng,2.4,28.2,1,1,4.98,25.2,63.4
73491,ops,6.1,44.6,1,1,5.48,18.7,63.0
73492,ops,8.1,49.1,0,1,4.18,22.9,72.5
73493,sales,0.5,36.1,0,1,5.54,21.5,62.0
73494,eng,4.4,69.4,1,1,5.65,38.5,89.2
73495,sales,12.1,63.0,1,0,2.91,23.5,70.5
73496,sales,0.1,55.5,0,0,0.92,21.2,62.5
73497,ops,1.7,39.1,0,1,5.61,18.3,55.8
73498,sales,3.8,80.7,1,0,2.53,30.2,93.1
73499,sales,2.1,47.1,0,1,3.29,28.1,73.7
73500,sales,4.4,51.6,1,1,5.17,22.3,71.3
73501,eng,4.6,64.6,1,1,3.42,30.9,82.8
73502,ops,7.0,48.5,1,1,4.95,29.7,69.0
73503,sales,4.1,59.7,0,0,2.4,20.1,68.0
73504,sales,10.2,66.3,1,1,3.68,27.9,90.7
73505,sales,4.2,49.2,0,0,1.37,17.0,68.9
73506,eng,1.7,39.6,0,0,3.25,17.8,58.8
73507,sales,1.9,46.6,0,0,2.38,19.3,58.7
73508,eng,2.4,58.6,0,1,5.79,20.0,70.5
73509,eng,10.8,70.1,0,1,6.29,29.7,95.9
73510,sales,1.8,48.7,1,1,5.38,21.1,66.8
73511,sales,2.6,54.5,1,0,1.88,22.4,79.2
73512,sales,4.9,63.5,1,1,4.85,29.8,87.3
73513,ops,3.5,69.6,1,0,2.28,22.2,70.8
73514,eng,7.0,72.0,1,1,4.21,31.6,97.0
73515,sales,2.0,51.9,0,0,2.34,12.1,58.9
73516,eng,4.0,77.4,0,0,2.44,25.9,87.2
73517,ops,3.2,49.2,1,1,3.72,18.2,59.2
73518,sales,2.7,40.0,0,1,5.62,23.1,68.2
73519,sales,1.2,44.4,1,1,4.18,26.5,74.6
73520,sales,8.2,67.0,1,1,4.12,31.4,84.7
73521,sales,2.5,50.5,0,1,3.84,23.8,81.2
73522,sales,1.9,47.0,0,0,2.32,22.0,57.6
73523,ops,2.9,47.8,0,0,2.65,16.4,62.8
73524,eng,0.6,56.1,0,1,5.34,22.0,70.7
73525,eng,1.7,41.7,0,1,3.99,19.6,60.1
73526,sales,7.0,62.8,0,0,-0.13,28.4,77.0
73527,eng,2.2,55.1,1,1,5.02,31.5,84.7
73528,sales,9.4,46.8,1,1,4.48,22.2,66.4
73529,ops,1.7,37.1,0,1,6.21,18.5,50.1
73530,sales,0.8,52.8,1,1,7.49,35.4,87.1
73531,ops,9.9,50.3,0,0,1.83,26.7,69.5
73532,eng,1.2,54.4,1,1,5.65,29.7,82.9
73533,sales,0.7,70.0,1,0,2.01,24.3,79.6
73534,sales,2.3,58.9,0,1,6.17,31.3,84.5
73535,sales,8.5,28.5,0,1,4.97,20.6,56.6
73536,eng,6.0,57.8,0,0,3.15,27.2,77.1
73537,eng,3.0,48.1,0,1,4.7,26.3,72.0
73538,sales,6.3,43.4,1,1,5.81,22.2,67.1
73539,eng,1.0,50.9,1,1,6.44,26.8,73.2
73540,sales,0.5,52.3,1,1,5.84,33.9,81.4
73541,sales,2.2,45.3,1,1,5.51,28.1,72.4
73542,ops,2.7,60.2,1,0,2.33,22.9,76.0
73543,ops,3.9,49.7,1,1,5.18,26.7,65.5
73544,sales,2.6,68.8,0,0,2.52,24.5,74.0
73545,ops,5.0,56.3,0,1,5.03,27.9,80.2
73546,sales,9.3,37.3,0,1,4.48,20.2,57.9
73547,sales,3.6,53.2,1,1,5.39,25.6,70.8
73548,eng,3.5,53.8,0,1,5.22,28.1,71.9
73549,ops,6.6,43.6,1,1,4.47,26.7,77.2
73550,eng,3.2,51.7,0,0,3.86,22.2,68.2
73551,eng,2.8,59.5,1,1,4.37,30.8,85.1
73552,sales,4.2,45.7,0,0,0.6,11.7,53.0
73553,sales,2.1,30.4,0,1,5.47,21.8,70.5
73554,eng,0.5,42.8,0,1,4.05,22.2,65.2
73555,ops,7.5,48.6,1,1,4.08,25.4,72.6
73556,ops,7.9,53.2,0,0,2.97,20.3,73.6
73557,eng,2.2,65.2,1,0,2.63,22.7,81.2
73558,ops,12.4,60.3,1,1,4.8,29.6,81.2
73559,eng,3.7,53.0,1,1,3.28,25.2,68.5
73560,ops,4.4,52.1,0,0,1.25,19.0,64.1
73561,eng,6.8,49.4,1,1,3.98,29.3,77.2
73562,eng,2.9,51.6,0,0,0.27,22.3,67.8
73563,eng,1.5,67.1,1,1,6.62,25.4,88.7
73564,sales,5.0,42.0,0,0,2.04,21.2,59.1
73565,sales,0.7,68.2,0,0,1.69,25.9,81.2
73566,eng,2.8,57.0,0,1,5.34,29.5,79.0
73567,sales,1.8,48.3,0,1,4.94,27.0,63.6
73568,sales,3.7,38.2,0,1,4.9,23.7,67.4
73569,sales,5.6,55.3,0,0,1.84,21.7,72.2
73570,sales,8.1,51.4,0,1,3.89,24.7,66.1
73571,sales,2.7,52.0,1,0,2.22,16.8,65.0
73572,ops,7.2,54.0,1,1,5.64,26.4,71.8
73573,eng,2.6,59.4,1,1,6.02,22.2,73.8
73574,ops,8.5,62.4,1,0,1.91,22.2,71.9
73575,eng,1.2,46.2,1,1,3.31,21.2,68.1
73576,eng,10.6,64.7,1,1,5.37,27.9,87.8
73577,sales,8.1,43.5,0,1,5.35,25.4,77.3
73578,eng,6.4,47.2,1,1,4.54,23.4,71.5
73579,sales,3.0,53.1,0,0,2.03,22.4,65.1
73580,sales,2.3,55.7,1,0,3.37,20.2,70.4
73581,ops,6.9,65.1,1,0,3.07,18.2,80.0
73582,ops,1.7,19.4,0,1,4.91,17.7,48.6
73583,sales,8.8,39.1,1,0,0.84,12.5,57.8
73584,sales,5.9,65.7,0,0,2.83,23.7,71.5
73585,eng,19.2,64.5,0,1,4.11,28.4,85.7
73586,sales,5.8,62.3,1,1,4.22,29.5,75.5
73587,ops,1.8,42.0,0,1,4.95,28.4,65.2
73588,sales,4.1,60.1,1,1,3.07,30.0,68.7
73589,sales,2.5,64.5,1,0,2.99,23.8,68.0
73590,eng,0.3,32.1,0,1,5.89,18.6,55.6
73591,sales,4.9,38.7,0,1,5.22,24.0,65.9
73592,ops,2.2,42.3,0,0,2.37,16.6,57.6
73593,sales,3.6,59.6,0,1,3.05,31.0,87.4
73594,eng,7.8,63.3,1,0,3.52,29.6,91.5
73595,eng,3.1,67.0,0,1,4.24,30.8,90.2
73596,eng,4.7,55.5,0,0,2.85,26.1,73.4
73597,sales,4.0,49.7,1,1,4.12,23.6,65.9
73598,ops,3.7,49.9,1,0,1.01,24.4,63.4
73599,ops,12.2,52.4,0,1,5.53,28.5,78.6
73600,eng,2.6,50.0,0,1,5.91,23.7,59.4
73601,sales,17.5,53.6,0,1,4.58,26.0,70.7
73602,eng,4.1,59.5,0,0,3.34,15.9,60.6
73603,sales,6.7,45.7,0,0,1.81,19.5,60.7
73604,sales,3.1,64.5,1,0,2.43,28.8,83.1
73605,sales,1.9,58.4,0,1,5.7,27.8,91.9
73606,sales,7.3,42.9,1,1,6.23,23.2,55.3
73607,sales,10.8,46.2,1,1,2.32,24.5,68.6
73608,eng,11.2,82.6,1,1,4.09,31.4,103.4
73609,eng,10.4,45.5,0,1,4.56,22.0,60.7
73610,sales,7.2,57.5,0,0,2.46,21.0,65.2
73611,sales,6.2,58.8,0,1,4.94,25.6,65.5
73612,ops,6.7,53.4,0,0,1.32,18.4,65.7
73613,eng,0.8,69.2,1,1,2.82,29.1,81.6
73614,ops,1.2,25.4,1,1,4.7,15.8,52.8
73615,eng,1.2,45.0,0,1,5.97,24.0,71.6
73616,sales,4.0,42.3,1,1,3.65,25.7,63.7
73617,sales,4.7,62.5,0,0,1.69,21.4,68.4
73618,ops,4.3,49.3,0,1,4.03,29.7,72.6
73619,eng,1.7,45.3,1,0,2.02,21.4,68.8
73620,eng,3.4,46.3,0,0,2.95,19.0,74.6
73621,sales,2.7,55.0,1,0,2.56,17.8,65.5
73622,ops,6.6,49.8,1,1,3.65,26.5,70.2
73623,ops,2.6,53.7,1,1,6.78,28.0,77.6
73624,ops,0.5,62.1,1,0,2.38,22.9,80.3
73625,sales,6.3,44.6,0,1,2.45,20.8,66.0
73626,ops,7.1,46.9,1,0,1.88,16.1,60.9
73627,eng,0.5,59.1,1,1,4.85,34.7,87.4
73628,eng,3.7,53.9,0,0,0.6,20.0,75.8
73629,eng,4.5,50.8,0,0,2.1,16.6,58.7
73630,sales,2.7,40.9,0,1,4.85,29.2,68.9
73631,sales,10.0,45.9,0,1,5.16,22.4,66.2
73632,sales,9.8,55.0,1,1,4.77,28.6,76.1
73633,eng,2.8,45.2,1,0,1.38,22.6,57.4
73634,ops,3.8,25.4,0,1,2.79,15.0,46.9
73635,sales,22.3,89.9,1,1,5.53,36.5,114.1
73636,eng,4.7,53.2,0,0,0.09,15.0,60.6
73637,eng,8.5,58.5,1,0,1.05,21.8,64.4
73638,sales,1.6,62.2,1,1,6.36,24.7,75.7
73639,sales,4.7,46.1,0,0,2.9,19.2,63.5
73640,ops,7.6,43.2,0,0,1.66,17.3,60.8
73641,eng,3.6,64.4,1,0,2.03,21.6,71.1
73642,eng,2.2,49.8,0,0,4.28,20.5,69.7
73643,sales,11.5,66.8,0,1,4.32,32.8,77.5
73644,eng,1.5,65.9,1,0,2.46,25.8,77.4
73645,sales,4.7,46.6,1,1,5.04,23.9,60.9
73646,ops,6.2,44.5,1,0,0.43,19.0,53.8
73647,sales,4.1,34.8,0,1,3.88,16.6,62.2
73648,eng,2.1,43.2,0,1,5.31,20.5,74.2
73649,ops,2.3,57.7,1,1,4.5,26.6,75.6
73650,ops,4.0,39.9,1,0,1.16,11.1,50.1
73651,eng,2.0,62.4,1,0,2.46,25.5,83.6
73652,sales,14.4,64.3,1,0,2.32,16.6,69.9
73653,eng,7.2,52.7,1,0,1.27,16.5,59.9
73654,ops,10.3,61.9,0,0,1.7,17.5,68.2
73655,eng,3.0,55.3,1,0,1.72,16.5,76.9
73656,sales,7.7,66.8,1,1,4.54,24.8,84.1
73657,eng,2.0,49.0,1,0,1.77,21.3,59.9
73658,sales,6.2,49.8,0,0,0.43,14.6,61.7
73659,sales,8.7,50.9,0,1,3.15,22.9,74.4
73660,ops,1.1,46.3,1,1,3.81,28.3,64.5
73661,sales,2.4,43.8,0,1,4.0,23.3,69.8
73662,sales,6.5,57.5,1,1,5.17,30.9,82.4
73663,eng,0.7,62.1,0,0,2.3,23.2,70.9
73664,eng,14.4,70.8,1,0,2.74,28.6,85.0
73665,sales,4.7,58.0,1,1,6.99,24.9,83.3
73666,sales,3.1,48.9,0,1,5.1,21.2,73.0
73667,sales,3.9,41.8,1,1,4.6,21.4,54.0
73668,ops,3.7,55.1,1,0,2.39,19.9,59.7
73669,eng,4.6,53.4,0,1,4.76,28.3,82.6
73670,sales,2.2,41.6,0,0,1.92,17.3,50.9
73671,eng,5.0,52.4,0,1,3.87,32.5,73.4
73672,eng,9.2,61.7,0,0,1.73,25.8,87.4
73673,eng,5.7,67.6,1,0,3.56,23.7,79.9
73674,ops,2.1,52.4,1,0,4.1,25.0,72.0
73675,ops,8.7,53.1,0,0,1.84,25.8,79.3
73676,eng,4.3,49.5,0,1,5.0,26.0,77.9
73677,sales,4.0,58.6,1,1,6.39,34.7,84.4
73678,eng,7.3,53.0,1,1,3.59,25.6,71.2
73679,sales,1.7,59.2,1,1,5.39,32.0,89.8
73680,eng,1.4,56.8,1,0,2.94,23.1,72.1
73681,ops,6.0,47.8,1,1,4.17,27.3,69.5
73682,sales,2.3,50.9,0,0,1.6,17.8,57.4
73683,sales,4.5,33.1,0,1,5.33,20.7,55.7
73684,sales,9.1,78.4,1,1,6.46,32.2,97.4
73685,ops,10.3,55.2,1,1,6.32,24.9,83.4
73686,sales,6.8,60.2,1,1,5.4,30.2,86.7
73687,sales,3.8,39.7,1,1,4.04,24.4,67.5
73688,eng,2.9,62.3,0,0,2.09,19.2,69.5
73689,sales,6.2,53.9,1,0,2.97,23.3,68.5
73690,eng,2.2,57.1,0,0,4.12,21.8,71.4
73691,ops,8.9,73.7,1,0,3.41,33.1,99.1
73692,eng,4.2,80.1,0,1,4.21,36.9,100.8
73693,eng,5.2,63.1,1,1,6.26,33.8,83.7
73694,sales,7.4,53.2,1,1,3.97,25.1,70.0
73695,sales,1.4,41.9,0,0,1.98,14.5,50.4
73696,ops,1.7,60.8,0,0,0.41,22.4,71.7
73697,sales,12.4,57.4,1,1,4.26,31.4,76.3
73698,sales,6.0,46.7,0,1,4.66,21.2,53.0
73699,ops,1.6,58.4,0,0,3.65,18.9,69.9
73700,ops,9.5,42.0,0,1,4.2,24.8,71.5
73701,sales,6.2,56.2,0,0,2.04,24.5,68.3
73702,eng,1.4,57.8,1,1,4.66,32.3,97.8
73703,sales,22.1,66.2,0,1,3.6,31.8,87.8
73704,ops,2.0,64.2,0,0,1.38,20.8,79.7
73705,sales,3.5,52.2,0,1,5.34,31.8,77.4
73706,eng,5.0,68.4,0,0,1.31,27.0,81.4
73707,sales,3.9,43.3,1,1,3.82,16.2,59.0
73708,sales,14.0,50.3,0,1,4.74,24.7,72.8
73709,sales,1.7,26.9,0,1,2.56,18.2,50.7
73710,sales,2.7,57.6,0,0,2.09,18.0,72.2
73711,ops,6.0,41.9,1,0,3.0,18.3,45.9
73712,eng,6.1,68.2,0,0,1.73,22.9,83.5
73713,sales,2.7,56.7,1,1,3.2,28.9,77.0
73714,ops,1.8,69.6,0,0,2.65,19.8,74.9
73715,sales,5.3,51.4,0,0,2.95,20.9,66.6
73716,sales,4.1,61.0,1,0,0.84,28.9,79.1
73717,eng,5.9,63.0,1,1,7.02,31.0,81.1
73718,sales,7.7,52.4,0,1,5.33,26.8,75.0
73719,ops,1.8,61.5,1,0,1.63,20.8,72.3
73720,ops,7.4,52.3,0,1,4.97,21.2,73.0
73721,sales,1.9,44.8,0,0,0.2,17.2,56.1
73722,sales,2.6,52.4,1,0,1.0,15.4,65.4
73723,ops,9.4,33.3,1,1,5.36,24.5,70.0
73724,eng,4.5,62.5,0,0,1.57,25.6,77.4
73725,sales,2.8,71.1,0,0,2.26,25.2,78.1
73726,ops,7.7,47.6,1,1,5.04,24.0,65.9
73727,eng,5.8,61.0,1,0,3.42,26.0,79.6
73728,ops,10.1,67.0,0,1,2.8,29.1,77.1
73729,sales,5.4,49.4,1,0,4.17,18.2,69.9
73730,eng,9.2,60.5,0,1,4.37,28.4,80.4
73731,eng,4.8,63.8,0,0,3.0,20.7,80.9
73732,ops,5.2,45.7,0,1,5.54,29.2,68.8
73733,sales,11.0,36.7,0,1,5.84,19.2,65.4
73734,sales,2.1,55.7,1,1,6.08,30.2,75.0
73735,eng,10.9,50.9,0,1,5.11,29.4,74.0
73736,eng,2.9,71.5,1,0,0.62,30.5,88.2
73737,eng,0.4,40.4,0,1,2.78,18.8,59.6
73738,ops,7.0,34.7,1,1,4.57,26.3,58.4
73739,eng,1.1,51.3,0,1,5.37,29.8,75.9
73740,ops,4.0,39.0,0,0,1.26,10.0,48.1
73741,eng,9.3,51.4,0,1,4.84,23.5,73.9
73742,sales,3.3,43.4,0,1,4.16,14.0,65.4
73743,ops,5.6,29.3,1,1,5.65,16.6,45.2
73744,eng,7.5,44.5,0,0,1.08,17.9,63.6
73745,sales,6.5,67.1,0,0,1.53,23.8,73.7
73746,eng,3.8,65.5,0,0,2.52,20.9,73.4
73747,ops,2.0,54.4,1,0,3.37,25.7,71.0
73748,ops,8.5,43.0,1,1,6.16,27.0,67.1
73749,sales,1.9,41.9,0,1,4.41,21.5,70.9
73750,eng,2.0,68.1,1,1,4.93,32.1,84.1
73751,sales,11.0,52.4,1,1,5.19,25.6,78.5
73752,ops,3.9,57.4,0,0,2.99,20.1,70.0
73753,sales,5.9,39.4,0,0,1.26,14.7,51.2
73754,ops,2.9,57.4,1,1,5.09,27.4,79.1
73755,ops,10.0,42.5,0,0,1.69,19.0,58.0
73756,eng,4.3,64.1,1,0,1.21,22.5,66.8
73757,sales,4.6,54.6,1,1,5.74,18.6,76.4
73758,eng,6.3,38.6,0,1,4.62,28.0,73.7
73759,eng,4.7,75.8,1,1,5.24,37.0,106.4
73760,eng,2.3,44.5,0,1,5.26,25.2,70.5
73761,ops,3.8,48.1,0,0,4.05,21.7,69.6
73762,ops,3.0,43.3,1,1,3.78,29.3,65.1
73763,ops,1.9,46.9,1,0,0.53,16.7,51.3
73764,eng,21.3,62.2,0,1,4.59,26.1,71.9
73765,eng,6.6,52.6,1,1,7.02,27.7,86.5
73766,eng,1.5,69.7,0,0,3.25,24.8,82.0
73767,sales,25.2,67.1,1,1,5.09,29.7,96.0
73768,ops,0.5,58.5,0,1,4.26,26.6,73.7
73769,sales,4.0,45.1,1,1,5.13,19.0,62.8
73770,sales,4.9,48.6,1,0,1.03,19.1,70.5
73771,ops,1.7,52.8,0,1,3.68,16.2,60.2
73772,eng,5.5,69.1,0,0,2.06,15.8,85.1
73773,ops,1.8,42.6,1,1,3.99,25.9,70.1
73774,ops,10.3,32.2,0,0,1.62,12.6,55.1
73775,sales,3.4,34.9,0,1,4.37,17.7,50.5
73776,sales,8.0,40.6,0,1,2.93,23.6,58.8
73777,ops,8.8,53.3,0,1,5.61,23.7,78.4
73778,eng,3.8,35.6,1,0,1.26,17.2,51.9
73779,eng,4.3,52.0,1,0,0.81,22.0,71.0
73780,eng,3.8,67.7,0,0,2.22,23.1,85.9
73781,ops,4.4,52.4,1,0,2.23,23.5,73.7
73782,sales,4.3,68.9,1,1,5.8,28.1,91.9
73783,sales,9.5,55.1,0,1,4.6,16.3,71.4
73784,eng,0.6,54.9,1,0,1.51,17.6,61.5
73785,ops,4.8,54.5,0,0,2.03,22.5,68.6
73786,eng,1.7,58.9,0,0,2.04,17.3,69.0
73787,eng,9.4,61.9,0,0,1.2,25.6,83.4
73788,sales,3.4,62.6,1,1,4.07,26.1,83.2
73789,sales,3.4,50.0,0,1,6.8,27.7,85.0
73790,sales,9.4,52.8,1,1,5.01,23.8,78.1
73791,sales,1.6,67.5,1,1,4.12,32.8,85.0
73792,eng,3.7,59.7,1,1,4.34,30.8,86.6
73793,eng,1.5,70.2,1,1,4.39,29.5,84.8
73794,eng,1.4,60.5,1,1,4.25,24.5,80.9
73795,sales,2.5,62.1,0,1,3.64,20.4,74.1
73796,sales,5.1,54.6,0,0,3.09,25.5,77.0
73797,eng,1.2,42.2,1,1,6.43,24.6,66.4
73798,sales,9.8,63.1,0,1,5.31,28.5,84.3
73799,ops,2.6,57.2,1,0,2.39,17.1,66.9
73800,eng,7.6,42.2,1,1,4.02,22.1,55.3
73801,ops,2.2,42.7,1,1,5.12,23.2,65.9
73802,eng,1.1,67.4,1,1,6.55,29.6,84.9
73803,ops,1.8,61.6,1,0,2.38,20.6,80.6
73804,sales,1.8,54.2,0,0,1.14,23.3,74.6
73805,sales,5.9,48.0,0,0,2.7,23.6,67.5
73806,eng,7.5,52.1,0,1,2.47,23.0,64.4
73807,ops,3.3,38.4,0,1,5.21,23.5,66.8
73808,eng,1.1,45.4,0,0,1.9,16.2,54.3
73809,eng,2.5,53.7,1,0,3.47,23.9,68.0
73810,ops,2.8,48.4,1,1,5.73,25.3,75.5
73811,eng,4.4,51.0,0,1,7.21,25.4,63.6
73812,ops,2.4,47.4,1,1,4.91,32.5,74.6
73813,eng,4.7,49.4,1,1,5.99,30.5,76.2
73814,ops,2.1,37.7,1,1,3.58,19.0,56.3
73815,eng,4.5,55.9,0,1,4.13,22.7,75.2
73816,ops,7.4,49.1,1,0,1.35,15.5,45.8
73817,eng,1.1,42.8,1,1,4.88,26.2,64.0
73818,sales,8.8,48.2,0,1,3.18,23.3,66.2
73819,ops,6.9,45.6,0,1,5.25,17.5,61.7
73820,eng,5.6,63.8,1,1,5.23,26.3,81.8
73821,eng,6.2,46.6,1,1,4.65,20.8,67.7
73822,eng,1.7,63.5,1,0,1.57,19.1,76.4
73823,sales,8.0,52.4,1,0,1.93,22.9,66.2
73824,eng,5.4,70.3,0,0,2.45,27.0,86.8
73825,eng,16.1,73.4,0,0,1.37,22.9,82.1
73826,sales,5.6,56.1,1,1,3.81,22.9,64.8
73827,sales,2.7,52.8,1,0,3.92,16.2,68.1
73828,sales,2.8,41.2,0,0,2.16,23.1,46.9
73829,eng,9.4,80.5,0,0,2.37,26.1,88.9
73830,sales,6.4,63.1,1,1,4.55,25.0,80.6
73831,sales,2.7,38.6,0,1,4.15,27.2,76.3
73832,sales,5.2,60.2,0,0,2.8,18.4,72.0
73833,sales,5.1,46.7,0,0,1.66,17.6,50.3
73834,eng,2.5,73.7,1,1,4.15,27.8,82.0
73835,sales,3.8,36.1,0,1,2.85,22.4,61.2
73836,eng,2.9,56.3,1,1,4.9,35.1,82.3
73837,eng,2.0,48.4,0,1,6.49,29.5,77.5
73838,sales,2.9,55.7,1,1,4.79,25.0,73.2
73839,eng,2.5,45.2,1,1,4.46,28.1,73.9
73840,eng,2.8,70.4,1,0,3.23,24.5,80.7
73841,eng,0.4,50.2,0,0,2.42,19.8,69.6
73842,eng,10.2,64.7,0,1,4.24,28.2,90.7
73843,sales,0.5,67.2,1,0,3.12,21.9,70.7
73844,eng,5.4,68.1,1,0,1.95,26.1,86.6
73845,sales,3.0,62.2,1,0,0.62,21.3,72.1
73846,ops,2.1,48.6,1,0,1.83,11.6,62.6
73847,eng,1.9,53.3,1,1,3.76,28.6,75.9
73848,eng,2.0,64.7,0,0,1.94,20.7,74.8
73849,sales,1.9,69.2,0,1,5.46,29.7,91.2
73850,eng,3.6,67.2,0,0,2.08,29.6,85.9
73851,sales,5.0,49.3,0,1,5.36,27.6,78.5
73852,eng,3.5,52.4,0,0,2.38,19.1,64.6
73853,ops,1.7,68.2,0,1,4.26,24.4,83.4
73854,ops,2.8,30.1,1,1,5.37,13.7,58.1
73855,eng,13.9,48.4,0,1,4.8,26.4,72.9
73856,sales,1.9,63.6,0,1,4.8,31.4,80.7
73857,sales,13.7,55.3,0,0,3.48,22.3,66.4
73858,sales,9.2,52.8,1,0,1.74,21.3,69.0
73859,ops,6.7,56.7,1,0,4.39,23.5,80.7
73860,ops,11.7,38.2,1,1,5.29,25.1,66.6
73861,ops,2.0,63.5,0,0,2.44,25.9,78.7
73862,sales,4.3,44.7,0,0,2.67,16.8,61.0
73863,sales,4.6,48.5,0,0,2.86,17.5,69.7
73864,eng,3.8,51.0,1,0,1.28,23.2,66.3
73865,ops,1.8,38.4,1,0,2.42,22.0,60.5
73866,sales,7.1,72.1,0,0,1.78,28.1,80.2
73867,sales,6.5,67.7,0,0,0.07,21.2,78.0
73868,eng,2.6,45.3,0,1,3.31,23.0,73.7
73869,ops,1.2,50.9,1,1,4.66,24.4,72.7
73870,sales,1.2,66.3,0,1,5.24,28.1,75.8
73871,sales,2.3,46.5,0,0,2.01,16.5,51.6
73872,sales,2.9,34.9,1,1,5.49,14.0,47.0
73873,eng,6.4,58.2,0,1,5.61,31.3,87.7
73874,sales,3.0,41.4,0,1,5.51,27.9,65.8
73875,eng,1.8,43.3,1,0,3.67,18.1,63.0
73876,sales,1.7,54.5,1,1,3.88,21.8,54.6
73877,ops,2.7,48.2,1,0,2.11,10.8,63.6
73878,eng,1.7,40.4,0,1,4.21,24.5,74.2
73879,eng,1.3,51.1,1,1,4.63,24.4,79.6
73880,sales,2.7,40.1,1,1,4.25,18.7,62.9
73881,sales,2.7,49.6,1,1,4.63,22.2,68.3
73882,eng,1.0,46.6,0,1,6.14,25.3,81.1
73883,sales,8.5,64.8,0,0,4.11,18.9,78.6
73884,ops,5.5,55.5,0,0,0.58,15.7,68.4
73885,sales,9.4,62.4,1,0,1.0,18.3,75.8
73886,ops,2.6,43.1,0,1,4.45,22.6,70.3
73887,sales,9.0,63.9,0,1,5.51,32.2,88.7
73888,ops,3.7,65.8,1,1,6.2,34.7,89.9
73889,ops,5.9,62.8,1,0,2.65,18.8,76.6
73890,sales,1.0,63.2,1,1,5.01,30.8,83.7
73891,sales,2.6,47.4,1,0,1.64,17.2,59.9
73892,eng,5.0,58.9,0,1,4.76,28.1,81.6
73893,sales,4.6,66.9,0,0,3.64,26.9,76.5
73894,sales,5.8,48.2,0,1,5.1,24.5,70.3
73895,ops,12.4,47.9,0,1,6.91,26.4,70.9
73896,ops,6.2,39.7,1,1,4.14,24.1,54.2
73897,ops,4.9,61.7,0,0,3.23,24.0,80.2
73898,eng,7.1,83.8,1,1,6.15,34.1,93.7
73899,sales,7.2,48.0,1,1,6.76,26.5,71.4
73900,sales,2.4,56.6,1,1,5.28,26.5,87.3
73901,eng,7.0,71.3,0,0,1.9,20.6,87.2
73902,ops,1.6,54.9,1,0,2.75,26.5,73.9
73903,ops,0.3,49.2,0,1,5.74,25.6,63.0
73904,eng,6.4,67.9,1,1,5.29,34.2,87.3
73905,eng,5.2,58.3,1,1,5.06,22.6,75.8
73906,ops,2.2,43.1,1,1,4.8,19.3,64.0
73907,sales,6.7,39.8,1,1,5.44,21.3,60.4
73908,eng,2.5,54.2,0,1,6.0,26.2,81.0
73909,eng,9.2,48.7,1,0,1.26,23.3,65.4
73910,ops,4.5,52.4,1,0,2.31,19.1,61.8
73911,eng,2.7,59.8,1,0,1.86,24.0,80.3
73912,sales,4.1,65.3,0,1,6.07,22.2,81.0
73913,eng,12.3,44.8,0,1,4.21,31.8,82.7
73914,eng,1.4,60.7,1,1,4.77,28.4,80.1
73915,sales,5.5,70.1,0,0,1.42,22.4,77.7
73916,ops,1.2,62.4,1,0,1.43,23.9,81.6
73917,eng,5.1,52.8,0,1,5.65,22.2,73.2
73918,eng,8.1,55.5,0,0,3.31,23.6,80.1
73919,eng,4.4,55.5,1,1,3.95,28.9,74.0
73920,sales,5.8,56.4,1,0,1.7,24.3,69.0
73921,sales,1.2,49.0,1,1,4.95,19.6,58.4
73922,sales,1.7,57.5,1,1,6.18,32.1,86.9
73923,eng,5.6,55.8,1,0,3.72,25.3,73.9
73924,sales,8.0,41.9,1,1,4.64,30.8,79.1
73925,eng,8.1,67.6,0,1,4.18,28.1,79.6
73926,eng,1.5,43.0,1,1,4.48,29.1,64.0
73927,eng,7.3,54.2,1,1,5.38,29.0,69.4
73928,eng,1.7,52.4,0,0,2.86,24.0,61.5
73929,sales,8.9,72.2,0,0,3.73,25.1,92.4
73930,sales,4.2,49.4,0,0,0.67,17.2,58.2
73931,eng,2.6,51.1,0,1,6.19,24.8,74.9
73932,ops,3.6,57.0,1,1,3.38,19.1,71.1
73933,ops,10.0,49.6,0,0,-0.18,22.6,64.1
73934,sales,3.9,43.5,1,1,4.54,24.5,61.0
73935,eng,6.5,55.9,0,0,1.97,15.5,58.8
73936,eng,3.3,68.6,1,0,0.86,20.2,80.5
73937,sales,4.5,38.3,0,1,4.85,25.4,62.6
73938,eng,3.1,54.0,1,1,7.47,32.1,84.9
73939,eng,1.1,50.4,0,1,5.53,32.6,82.5
73940,eng,3.7,48.3,1,1,2.67,25.3,62.0
73941,eng,1.4,57.8,0,0,2.59,23.2,68.4
73942,sales,4.2,63.2,0,0,3.1,23.0,76.5
73943,ops,1.3,55.9,1,0,3.1,24.2,77.4
73944,eng,17.5,62.4,1,0,2.08,26.2,78.1
73945,ops,2.2,40.5,0,0,1.65,16.3,54.4
73946,sales,5.4,64.5,0,0,2.66,19.3,77.8
73947,sales,2.4,57.8,0,0,1.96,23.4,75.2
73948,sales,2.2,62.7,0,0,2.84,26.8,66.3
73949,eng,6.4,57.1,0,1,3.71,26.9,83.1
73950,ops,13.2,60.0,0,0,3.22,23.3,77.6
73951,eng,3.9,53.6,1,1,5.34,28.0,81.8
73952,eng,4.0,85.4,1,0,2.74,29.6,98.8
73953,sales,7.9,47.0,1,0,2.98,12.7,49.5
73954,ops,3.7,53.2,1,1,6.68,29.5,83.2
73955,sales,5.1,39.3,0,1,5.21,32.3,69.8
73956,sales,9.0,63.2,0,1,7.55,31.7,93.4
73957,ops,3.6,54.8,1,1,6.46,25.1,66.9
73958,ops,1.4,37.4,0,1,3.63,21.7,53.8
73959,sales,7.2,57.4,1,1,5.06,33.3,83.7
73960,eng,1.4,50.4,0,0,3.05,24.7,62.5
73961,eng,20.7,59.0,1,1,4.84,27.1,61.6
73962,sales,3.4,61.7,0,0,1.0,20.1,70.7
73963,eng,4.9,54.2,1,1,4.13,28.9,71.2
73964,eng,1.2,68.3,1,1,5.6,32.5,81.7
73965,sales,9.5,57.3,0,1,3.9,29.7,74.2
73966,sales,4.6,59.1,1,1,3.43,25.8,66.8
73967,ops,5.4,42.1,0,1,4.26,22.8,68.2
73968,eng,8.5,63.2,1,1,5.13,25.1,79.3
73969,sales,1.4,65.2,1,1,4.42,29.2,89.2
73970,sales,5.2,54.3,0,1,4.82,30.5,76.7
73971,sales,6.2,40.7,1,1,4.27,27.5,62.1
73972,sales,4.8,56.2,1,0,3.46,25.1,86.4
73973,sales,4.8,47.0,0,0,3.24,18.9,70.9
73974,ops,3.8,47.5,1,1,5.99,25.6,80.7
73975,sales,3.2,48.4,1,1,4.99,21.9,75.2
73976,eng,1.6,50.6,0,0,4.34,17.2,69.5
73977,eng,9.6,59.6,1,1,4.18,28.5,86.9
73978,eng,12.3,57.3,0,0,1.49,26.6,79.6
73979,ops,4.3,55.9,0,0,1.81,22.3,66.3
73980,eng,13.4,54.2,1,1,3.56,20.4,74.7
73981,sales,5.3,56.3,0,0,3.33,17.8,65.1
73982,sales,0.2,47.0,0,0,3.0,9.8,49.8
73983,eng,2.1,61.1,0,1,3.5,29.4,84.5
73984,sales,12.0,61.6,0,1,5.37,27.0,86.6
73985,sales,3.0,61.1,0,0,1.68,21.4,70.1
73986,eng,2.7,72.2,0,1,5.04,28.8,89.1
73987,eng,1.8,50.4,0,0,2.05,14.6,59.5
73988,ops,2.6,32.0,1,1,2.98,25.9,56.0
73989,sales,6.3,70.5,0,1,5.09,33.7,106.6
73990,sales,9.2,61.4,0,0,3.67,19.7,73.5
73991,eng,12.1,48.7,0,1,4.58,20.8,76.0
73992,eng,3.2,56.1,0,0,2.73,24.0,69.9
73993,eng,2.9,48.8,0,1,5.13,24.3,79.4
73994,sales,6.0,66.0,0,0,1.36,21.3,82.7
73995,eng,1.9,54.3,1,1,4.62,27.5,82.6
73996,sales,7.2,64.4,0,1,5.64,26.2,79.2
73997,eng,2.3,61.5,1,1,5.21,26.4,86.8
73998,sales,4.7,45.3,1,1,4.85,26.4,74.0
73999,eng,8.1,59.9,0,1,5.83,30.5,75.0
74000,eng,9.1,74.9,0,1,5.11,37.8,105.9
