pid,age,female,diabetes,smoker,ldl_baseline,admits_prior_yr,flu_shot_prior_yr,adherent,cardiac_adm_12m,injury_adm_12m
700001,56,1,0,1,138,0,1,1,0,0
700002,68,1,0,0,151,0,0,0,0,1
700003,84,1,1,0,96,0,1,0,0,0
700004,53,0,0,0,126,0,0,0,0,1
700005,72,0,0,0,178,0,1,0,0,0
700006,67,1,0,0,164,0,0,0,0,0
700007,66,0,0,1,148,0,0,1,0,0
700008,63,0,0,0,167,0,1,1,0,0
700009,64,0,0,0,156,0,0,1,0,0
700010,76,0,1,0,144,1,0,1,0,1
700011,72,0,0,0,147,0,1,0,0,0
700012,58,0,1,0,149,0,1,0,0,0
700013,81,0,1,0,125,2,0,0,0,0
700014,55,0,0,0,185,0,1,1,0,0
700015,73,0,0,1,203,0,1,0,0,0
700016,68,1,0,0,141,1,1,1,1,0
700017,77,0,1,0,135,1,0,0,0,0
700018,70,0,0,0,202,0,0,0,0,0
700019,76,0,0,0,149,0,0,0,0,0
700020,66,1,1,0,153,0,0,0,0,0
700021,75,0,0,1,150,0,0,0,0,0
700022,70,1,0,0,139,0,1,0,0,0
700023,86,0,0,0,127,0,1,0,0,1
700024,60,0,0,0,159,0,1,0,0,0
700025,77,1,0,0,96,0,1,1,0,0
700026,71,1,1,0,166,1,0,1,0,0
700027,68,1,0,0,179,0,0,0,0,1
700028,62,0,0,0,131,1,0,0,0,0
700029,71,1,0,0,127,0,1,1,0,0
700030,53,0,0,0,192,0,0,1,0,0
700031,54,0,0,0,132,0,0,1,0,0
700032,73,1,1,0,122,1,0,0,1,0
700033,53,0,0,0,163,0,0,0,0,0
700034,80,1,0,0,107,0,0,1,0,0
700035,64,0,0,0,79,0,1,1,0,0
700036,69,1,0,1,137,0,1,0,0,0
700037,67,0,1,0,123,2,0,1,0,0
700038,70,0,1,1,115,0,1,0,0,0
700039,64,1,0,0,117,1,0,0,0,0
700040,63,1,0,0,120,0,1,0,0,0
700041,66,1,1,0,129,1,1,1,1,0
700042,76,1,1,0,74,0,0,1,0,1
700043,77,1,1,0,159,1,0,0,0,0
700044,78,1,0,0,128,1,0,1,0,0
700045,70,1,0,0,127,0,1,1,0,0
700046,65,0,0,0,128,1,0,1,0,0
700047,52,1,1,0,160,1,1,0,0,0
700048,72,1,0,0,145,0,0,0,0,0
700049,74,1,0,0,199,0,0,1,1,0
700050,63,0,0,0,77,0,1,1,0,0
700051,74,0,0,1,160,1,0,0,0,0
700052,78,0,0,0,164,0,0,0,1,0
700053,68,1,0,0,60,0,0,1,0,1
700054,76,0,0,1,152,0,1,1,0,0
700055,69,0,0,0,133,0,0,0,0,0
700056,51,0,0,0,133,1,1,0,0,0
700057,62,1,0,0,136,0,0,1,0,0
700058,63,1,0,0,148,1,1,1,0,0
700059,71,1,0,0,126,1,1,1,0,0
700060,59,0,0,0,116,0,0,1,0,0
700061,63,1,0,0,163,0,0,1,0,0
700062,58,0,1,0,136,0,0,1,0,0
700063,66,0,1,0,160,0,1,0,0,0
700064,67,0,1,0,211,1,0,1,0,0
700065,75,1,1,1,98,0,0,0,0,1
700066,74,0,0,0,111,0,1,0,0,0
700067,68,1,0,1,116,0,1,1,0,1
700068,69,0,0,0,133,0,1,1,0,0
700069,68,1,1,0,183,0,0,0,1,0
700070,68,0,0,0,149,0,0,0,0,0
700071,81,0,0,0,167,1,1,1,0,0
700072,44,0,0,1,189,0,0,0,0,0
700073,65,0,0,1,81,0,1,0,0,0
700074,70,0,0,0,126,0,1,1,0,0
700075,77,1,0,0,117,2,0,1,1,0
700076,57,1,0,0,148,0,0,1,0,0
700077,70,0,0,0,107,3,0,1,1,0
700078,74,0,0,1,182,1,0,0,1,0
700079,63,1,1,0,122,1,1,1,0,0
700080,50,1,0,1,114,0,1,1,0,0
700081,63,1,1,0,107,1,0,0,0,0
700082,56,0,0,1,99,0,0,0,0,0
700083,73,1,1,0,135,1,0,1,0,0
700084,59,1,0,0,119,0,1,0,0,0
700085,83,1,0,1,145,1,0,0,0,0
700086,68,0,0,0,122,0,0,0,0,0
700087,59,0,0,0,149,1,1,1,0,0
700088,62,0,0,0,142,0,0,0,0,0
700089,57,0,0,0,166,0,1,1,0,0
700090,70,0,1,0,156,0,0,1,0,0
700091,80,0,1,0,121,1,0,0,0,0
700092,65,1,1,0,170,2,1,1,0,0
700093,75,0,0,1,120,1,1,0,0,0
700094,58,0,0,0,110,1,1,1,0,0
700095,69,1,1,0,160,0,1,1,0,0
700096,87,0,0,0,101,1,1,1,0,0
700097,54,0,0,0,117,0,0,0,0,0
700098,78,0,1,0,93,0,1,0,0,0
700099,77,1,0,1,94,0,0,1,0,0
700100,50,1,0,0,144,1,0,0,0,0
700101,54,0,1,0,110,1,0,0,0,0
700102,58,0,1,0,182,0,0,0,0,0
700103,75,0,1,0,176,0,0,1,0,0
700104,63,0,1,0,145,0,1,1,0,0
700105,65,0,0,0,117,0,0,1,0,0
700106,73,0,1,1,135,0,1,0,0,0
700107,68,0,0,0,128,0,1,1,0,0
700108,69,0,0,1,167,0,1,0,1,0
700109,64,0,0,1,82,0,1,0,0,0
700110,77,0,0,0,130,0,1,0,0,0
700111,60,0,0,1,137,1,1,0,1,0
700112,82,0,0,0,146,1,1,0,0,0
700113,64,0,1,1,155,1,0,0,0,0
700114,60,1,0,0,124,0,1,0,0,0
700115,73,0,1,0,152,0,1,0,0,0
700116,71,1,0,1,102,1,0,1,0,0
700117,49,0,1,0,166,0,0,1,0,0
700118,69,1,1,0,146,0,0,1,0,0
700119,55,0,0,0,132,0,1,1,0,0
700120,59,0,0,0,166,0,0,0,0,0
700121,74,1,0,1,115,0,1,0,0,0
700122,59,0,1,0,88,0,0,0,0,0
700123,70,0,0,1,149,0,0,0,1,0
700124,63,0,0,1,138,2,0,0,0,0
700125,84,1,0,1,126,1,0,0,0,0
700126,66,1,0,0,116,0,0,1,0,0
700127,56,0,0,1,148,1,0,0,0,1
700128,57,0,0,0,160,0,1,1,0,0
700129,58,0,0,1,109,0,0,0,0,0
700130,68,0,0,1,96,0,0,0,0,0
700131,67,0,0,0,154,1,0,1,0,0
700132,75,1,1,0,105,0,1,1,0,0
700133,68,1,0,0,170,0,0,0,0,0
700134,68,0,0,1,175,0,0,0,1,0
700135,70,0,0,0,119,0,1,0,0,0
700136,65,0,0,0,200,0,0,1,0,0
700137,69,1,0,0,128,0,1,1,0,0
700138,74,0,0,0,133,3,1,0,0,0
700139,74,0,0,0,132,0,0,0,0,0
700140,62,1,1,0,148,0,0,1,0,0
700141,51,0,0,0,158,0,0,1,0,0
700142,59,1,0,0,145,0,0,0,0,0
700143,69,0,0,0,116,0,0,0,1,0
700144,44,1,0,1,126,0,1,0,0,0
700145,62,0,0,0,92,0,0,1,0,0
700146,71,1,0,0,107,1,0,1,0,0
700147,61,0,0,0,140,0,1,1,0,0
700148,57,1,0,1,135,0,1,0,0,0
700149,82,1,0,0,119,0,1,1,0,0
700150,79,0,1,0,141,0,1,0,0,0
700151,64,0,0,1,114,0,1,1,0,1
700152,78,0,1,1,134,1,1,0,0,0
700153,78,0,1,1,137,1,0,1,0,0
700154,56,0,1,0,163,0,0,1,0,0
700155,90,1,1,0,164,2,1,0,1,0
700156,58,0,0,0,107,1,1,1,0,0
700157,64,0,0,0,124,0,0,1,1,0
700158,57,0,0,0,86,0,1,0,0,0
700159,67,1,1,0,191,1,0,1,0,0
700160,55,0,1,0,76,1,0,1,0,0
700161,66,0,0,0,133,0,0,0,0,0
700162,76,1,1,0,91,0,1,0,0,0
700163,68,0,0,1,136,0,1,0,0,0
700164,64,1,0,1,141,0,0,0,0,0
700165,80,0,1,1,152,0,1,0,0,0
700166,58,0,0,0,117,1,0,0,0,0
700167,75,1,0,0,154,0,0,0,0,0
700168,64,0,0,0,115,0,0,0,0,0
700169,68,0,0,0,108,0,0,1,0,0
700170,67,0,1,1,112,0,0,0,0,0
700171,68,1,0,0,113,0,0,0,0,0
700172,66,0,1,1,181,0,0,1,0,0
700173,59,1,0,1,159,1,1,1,1,0
700174,61,0,0,0,152,0,0,0,0,0
700175,70,1,0,0,78,1,0,0,0,0
700176,65,0,0,0,132,0,0,1,0,0
700177,56,0,0,0,152,0,1,0,0,0
700178,60,0,0,1,85,1,0,1,1,0
700179,60,0,0,0,162,0,0,1,0,0
700180,66,1,0,0,104,0,1,1,0,0
700181,68,0,0,0,134,1,0,0,0,0
700182,67,1,0,0,142,0,0,0,0,0
700183,61,0,0,0,131,1,0,1,0,0
700184,67,0,0,0,134,0,0,0,0,0
700185,54,1,0,0,148,0,1,1,0,1
700186,40,0,0,0,167,0,0,0,0,0
700187,66,0,0,0,177,0,0,1,0,0
700188,51,1,0,1,173,0,0,1,0,0
700189,58,0,0,0,139,0,0,1,0,0
700190,55,1,0,0,79,0,0,0,0,0
700191,72,0,0,0,104,0,0,0,0,0
700192,55,1,1,1,121,1,1,0,0,0
700193,69,0,0,0,152,0,1,1,0,0
700194,62,1,1,1,168,1,0,0,0,0
700195,55,0,0,0,124,0,0,0,0,0
700196,52,1,1,0,116,0,1,1,0,0
700197,70,0,1,0,137,1,1,1,0,0
700198,70,1,0,0,140,1,0,1,0,0
700199,73,1,0,1,154,0,1,1,1,0
700200,83,0,1,0,156,0,1,1,0,0
700201,69,0,0,1,129,0,0,0,0,0
700202,69,0,1,0,66,0,1,1,0,0
700203,65,1,1,0,123,0,1,1,0,0
700204,67,0,1,1,60,0,0,1,0,0
700205,63,1,0,0,130,0,1,1,0,0
700206,58,1,0,0,210,0,1,1,0,0
700207,84,0,1,1,169,0,0,1,0,0
700208,49,0,0,0,145,0,0,0,0,0
700209,68,1,0,0,197,0,1,1,0,0
700210,70,1,1,0,106,1,0,1,0,0
700211,67,0,0,0,146,1,0,1,0,0
700212,57,1,1,1,150,0,0,0,0,0
700213,64,1,0,1,116,0,0,0,1,0
700214,62,1,0,0,119,0,0,0,0,0
700215,56,1,0,1,154,0,1,0,0,0
700216,66,1,0,0,142,0,0,0,0,0
700217,62,0,0,0,119,0,0,0,0,0
700218,61,1,0,0,131,0,0,1,0,0
700219,72,1,1,0,154,1,0,0,0,0
700220,57,1,0,0,129,0,0,0,0,0
700221,70,0,0,0,114,1,1,1,0,0
700222,61,1,0,0,146,0,0,0,0,0
700223,70,1,1,0,131,0,0,0,0,0
700224,67,0,1,0,139,1,1,1,0,0
700225,68,0,0,0,102,1,1,1,0,0
700226,57,1,1,0,134,0,1,1,0,0
700227,59,0,1,0,125,0,0,0,1,1
700228,58,1,0,0,95,0,0,1,0,0
700229,68,0,0,0,178,1,1,1,0,0
700230,73,1,0,0,139,1,0,1,0,0
700231,76,1,0,0,142,0,1,1,0,0
700232,61,0,0,0,159,0,0,0,0,0
700233,67,0,1,0,174,0,1,1,0,0
700234,51,0,0,1,164,0,0,1,0,0
700235,46,0,0,0,116,0,1,1,0,0
700236,58,0,1,0,141,0,0,0,1,0
700237,60,1,0,0,119,1,1,1,0,0
700238,52,1,0,0,129,0,1,1,0,0
700239,50,1,0,0,146,0,0,0,0,0
700240,71,0,0,0,169,1,0,0,0,0
700241,59,0,0,0,105,0,0,1,0,0
700242,51,1,0,0,157,0,0,1,1,0
700243,87,1,0,0,146,0,1,0,0,0
700244,67,1,0,1,106,1,0,0,1,1
700245,63,1,0,0,217,0,1,1,0,0
700246,72,0,0,1,132,1,1,1,0,0
700247,59,1,0,0,169,0,0,0,0,0
700248,80,0,0,1,134,0,0,0,0,0
700249,52,0,0,0,146,0,0,1,0,0
700250,54,1,1,0,160,0,0,0,0,0
700251,65,0,0,0,137,2,0,0,1,0
700252,59,0,0,1,136,0,1,1,0,0
700253,78,0,0,0,171,0,1,0,0,0
700254,51,0,0,0,167,0,0,1,0,0
700255,59,1,0,0,205,0,0,0,0,0
700256,68,0,0,0,144,0,1,0,0,0
700257,71,0,0,0,86,0,1,1,0,0
700258,75,1,1,0,95,1,0,0,0,0
700259,69,1,0,0,150,1,1,0,0,1
700260,86,0,0,0,107,0,1,1,0,0
700261,61,0,0,0,95,0,0,0,0,0
700262,67,1,0,0,168,0,1,1,0,0
700263,73,1,1,0,90,2,1,1,0,0
700264,63,1,0,1,90,0,1,1,0,0
700265,63,0,0,0,140,0,0,0,0,0
700266,62,1,1,0,169,0,1,1,0,0
700267,60,1,0,0,158,0,1,0,0,1
700268,56,0,0,0,103,1,1,1,0,0
700269,61,0,0,0,157,0,1,1,0,0
700270,52,1,0,0,107,0,0,0,0,0
700271,69,1,1,0,144,0,1,1,0,1
700272,51,0,0,0,60,1,1,0,0,0
700273,84,0,1,0,100,1,1,0,0,0
700274,81,0,1,0,146,0,1,1,0,0
700275,76,1,1,0,131,1,0,1,0,0
700276,64,1,0,0,147,0,1,1,0,0
700277,60,0,0,0,60,0,1,0,0,0
700278,77,1,0,0,174,0,0,0,0,0
700279,67,1,0,0,160,0,1,0,0,0
700280,71,0,0,0,194,0,0,0,0,0
700281,59,0,0,0,120,0,0,0,1,0
700282,75,0,0,0,162,1,0,0,0,1
700283,58,1,1,1,153,0,1,1,1,0
700284,67,1,0,0,130,0,0,1,0,0
700285,50,1,0,0,150,0,1,1,0,0
700286,60,0,0,1,138,0,1,1,0,0
700287,70,1,1,1,155,0,0,1,0,0
700288,62,0,0,0,130,0,1,0,0,0
700289,62,0,0,1,138,0,0,0,0,0
700290,73,0,0,0,114,0,0,1,0,0
700291,65,0,0,0,124,1,0,0,0,0
700292,77,0,1,0,142,1,1,1,1,0
700293,44,0,0,0,144,0,0,1,0,0
700294,71,1,1,1,146,1,1,1,0,0
700295,70,1,1,1,161,0,0,1,0,0
700296,52,0,0,0,115,0,0,1,0,0
700297,54,0,1,1,114,0,0,0,0,0
700298,73,0,0,0,89,1,0,0,0,0
700299,56,1,0,1,172,0,1,0,0,0
700300,60,0,1,0,190,0,0,0,0,0
700301,71,0,0,0,146,0,1,1,0,0
700302,63,1,0,0,154,0,0,1,0,0
700303,70,1,0,0,114,0,0,1,0,0
700304,58,1,1,0,139,0,0,1,0,0
700305,68,0,0,0,176,0,1,1,0,0
700306,75,0,1,0,145,0,0,1,0,0
700307,68,1,1,0,96,0,1,1,0,0
700308,46,1,0,0,144,0,0,1,0,0
700309,71,0,0,0,136,0,0,1,0,0
700310,66,0,0,0,161,0,1,0,0,0
700311,57,0,0,0,183,1,0,0,0,0
700312,78,0,0,0,138,0,1,1,0,0
700313,50,0,0,0,150,0,1,0,0,0
700314,82,0,0,0,164,0,1,0,0,0
700315,60,1,0,1,112,0,0,0,0,0
700316,80,0,0,1,130,1,1,0,0,1
700317,65,0,1,1,89,1,0,0,1,0
700318,54,0,1,1,143,0,1,1,0,0
700319,66,1,0,0,157,0,0,0,0,0
700320,68,1,0,0,146,0,1,1,0,0
700321,70,0,0,0,149,0,0,1,0,0
700322,75,1,0,0,115,1,0,1,0,0
700323,57,0,1,0,113,0,1,1,0,0
700324,70,0,1,0,173,0,0,0,0,0
700325,72,1,0,0,155,1,1,0,0,0
700326,63,0,0,0,126,0,1,0,1,0
700327,57,0,0,0,153,0,0,1,0,0
700328,57,0,0,0,115,0,0,0,0,0
700329,72,0,0,0,109,1,1,1,0,0
700330,73,1,0,0,146,1,1,1,0,0
700331,58,1,0,0,134,0,1,1,0,0
700332,54,1,0,0,145,0,0,0,0,0
700333,77,1,1,0,203,1,0,1,0,0
700334,52,0,0,0,148,0,0,0,1,0
700335,67,1,0,1,141,2,0,0,0,0
700336,58,0,0,1,194,0,0,1,0,0
700337,50,1,0,0,114,0,1,1,0,0
700338,67,1,1,0,132,1,0,0,0,0
700339,64,0,0,0,123,0,1,1,0,0
700340,78,1,1,0,134,1,1,0,0,0
700341,86,0,1,0,201,0,1,0,0,0
700342,64,0,0,0,82,2,1,1,0,0
700343,75,0,1,0,172,0,1,0,0,0
700344,75,1,0,0,99,0,1,1,0,0
700345,61,1,0,0,92,0,0,1,0,0
700346,58,0,1,0,132,0,0,0,1,0
700347,80,0,0,0,134,0,0,1,0,0
700348,62,1,0,0,128,0,1,1,1,0
700349,65,1,0,0,105,1,1,0,0,0
700350,63,0,0,0,155,0,1,1,0,0
700351,64,0,0,0,100,0,0,0,0,0
700352,60,0,0,0,154,0,0,0,0,0
700353,72,0,0,1,216,0,0,0,0,0
700354,77,1,0,1,100,2,1,1,0,0
700355,62,0,0,1,144,0,0,1,0,0
700356,53,0,1,0,140,1,1,0,0,0
700357,66,1,0,0,93,0,0,0,0,0
700358,52,1,0,1,137,1,0,1,0,0
700359,60,1,0,0,165,0,1,1,0,0
700360,77,1,0,0,163,0,0,0,0,0
700361,86,0,1,0,156,0,1,1,0,0
700362,69,1,0,0,120,0,1,1,0,0
700363,56,1,1,0,134,0,1,1,0,0
700364,72,0,0,0,112,0,1,1,0,0
700365,45,1,0,1,170,0,1,0,1,0
700366,59,1,0,0,116,0,0,1,0,0
700367,79,1,0,1,106,3,0,0,1,0
700368,72,1,0,0,120,2,0,1,0,0
700369,53,0,0,1,185,0,0,0,0,0
700370,51,0,1,0,92,1,1,1,0,0
700371,73,1,0,0,162,0,1,1,0,0
700372,65,0,0,1,159,0,1,0,0,0
700373,60,1,0,0,122,0,0,0,0,0
700374,69,1,0,0,143,1,0,0,0,0
700375,60,1,0,1,95,2,0,1,0,0
700376,48,1,0,0,148,0,1,1,0,0
700377,73,0,1,0,150,0,1,1,0,0
700378,60,1,0,1,116,0,0,0,0,0
700379,57,1,1,0,142,0,0,1,0,0
700380,54,0,0,0,138,0,0,1,0,0
700381,68,1,0,0,154,0,0,0,0,0
700382,58,0,0,1,157,2,0,1,1,0
700383,71,0,0,0,168,0,0,1,0,0
700384,63,0,1,0,134,1,0,0,1,0
700385,75,1,0,0,154,1,1,0,0,0
700386,62,1,0,0,163,0,0,1,0,1
700387,60,0,1,1,185,0,1,1,0,0
700388,48,1,0,1,141,0,0,0,0,1
700389,56,0,0,0,124,0,0,1,0,0
700390,72,0,1,0,119,0,0,0,0,1
700391,90,0,0,0,135,0,1,0,0,1
700392,54,1,0,1,89,1,0,0,0,0
700393,56,0,0,0,107,1,0,1,0,0
700394,69,0,1,0,157,0,0,0,0,0
700395,70,0,0,1,195,1,1,1,0,0
700396,59,1,0,0,177,1,0,0,0,0
700397,66,0,0,0,120,0,0,1,0,0
700398,51,0,0,0,172,0,0,1,0,0
700399,63,1,0,0,148,0,0,0,0,0
700400,74,1,1,1,123,0,0,1,0,0
700401,80,1,0,0,176,0,1,1,0,0
700402,64,0,1,0,164,0,0,1,0,0
700403,63,0,0,1,163,0,1,1,1,0
700404,70,0,0,0,154,1,1,0,0,0
700405,75,1,1,0,166,1,1,0,0,0
700406,70,0,1,1,130,0,1,0,0,0
700407,59,1,0,0,130,0,1,0,0,0
700408,69,0,1,0,121,0,1,1,0,0
700409,74,1,1,0,164,1,1,1,0,0
700410,59,0,1,0,152,1,0,0,0,0
700411,54,0,0,0,166,0,1,1,0,0
700412,70,0,0,0,129,0,0,1,0,0
700413,69,1,1,0,130,0,1,1,0,0
700414,74,0,0,1,138,0,0,1,1,0
700415,66,1,0,1,139,0,0,0,1,0
700416,60,1,1,0,132,0,0,0,0,0
700417,62,1,0,0,179,1,1,1,0,0
700418,56,0,1,0,144,0,0,1,0,0
700419,57,0,0,0,64,1,1,1,0,0
700420,60,1,1,1,121,0,0,0,0,0
700421,61,0,0,0,145,0,1,1,0,0
700422,76,0,1,0,143,0,0,0,0,0
700423,55,1,0,0,140,0,0,0,0,0
700424,65,1,0,0,132,0,1,1,0,0
700425,60,0,0,0,182,0,0,1,0,0
700426,79,0,1,0,116,0,0,0,0,0
700427,68,0,1,0,160,0,1,1,0,0
700428,62,0,0,1,165,1,1,0,0,0
700429,73,0,0,0,166,1,1,0,1,0
700430,66,0,0,0,201,1,0,0,0,0
700431,61,1,0,0,114,0,0,0,0,0
700432,79,0,1,0,120,0,1,1,0,0
700433,72,0,0,0,150,0,0,0,1,1
700434,81,1,1,0,154,1,0,1,0,0
700435,76,1,0,0,155,0,0,0,0,0
700436,73,1,0,1,120,0,0,0,0,0
700437,67,1,0,0,128,0,1,1,0,0
700438,56,0,0,0,183,0,1,0,0,0
700439,72,1,0,1,158,0,0,1,0,0
700440,66,0,0,0,158,0,1,0,0,0
700441,72,1,0,0,163,0,0,0,0,0
700442,66,1,0,1,190,0,1,0,0,0
700443,59,0,0,0,135,0,1,1,0,0
700444,57,0,0,1,148,2,1,0,0,0
700445,72,0,1,1,94,0,1,0,0,0
700446,77,0,0,0,129,0,1,0,0,0
700447,63,0,0,1,148,0,1,1,0,0
700448,70,1,0,1,157,0,1,0,0,0
700449,78,0,1,0,119,1,1,0,0,0
700450,58,0,0,0,101,0,1,1,0,0
700451,63,0,0,0,115,0,0,0,0,0
700452,56,0,0,0,80,0,1,1,0,0
700453,76,0,0,0,109,1,1,1,1,0
700454,68,1,1,0,135,0,1,0,0,0
700455,61,1,0,1,152,0,0,1,0,0
700456,51,0,1,1,180,0,1,1,0,0
700457,64,1,0,0,143,0,1,1,0,0
700458,75,0,0,1,117,2,0,1,0,0
700459,63,1,0,1,144,0,1,1,0,0
700460,62,0,0,0,128,0,0,0,0,0
700461,71,1,0,0,168,1,1,0,0,0
700462,55,1,0,0,169,0,0,1,0,0
700463,66,0,0,0,91,1,0,0,0,1
700464,71,0,1,0,131,1,1,1,0,0
700465,59,1,0,0,197,1,1,1,0,0
700466,58,1,0,0,173,0,0,0,0,0
700467,68,0,0,0,133,0,0,0,0,0
700468,65,0,1,0,60,0,0,0,0,0
700469,64,1,1,1,158,0,0,1,0,1
700470,68,1,0,0,149,0,0,0,0,0
700471,68,0,0,0,134,2,0,0,0,0
700472,57,1,1,0,161,1,1,1,0,0
700473,60,0,0,0,146,0,1,1,0,0
700474,70,1,0,0,154,0,0,0,0,0
700475,76,0,1,0,131,0,0,0,0,0
700476,78,1,0,0,133,0,0,0,0,1
700477,58,0,0,0,149,0,0,1,0,0
700478,75,1,0,0,129,2,0,0,1,0
700479,72,0,1,0,104,0,1,1,0,0
700480,65,0,0,0,102,1,0,0,0,0
700481,70,0,1,0,145,0,0,1,0,0
700482,73,1,1,0,114,0,0,1,0,0
700483,82,0,0,0,113,0,1,0,0,0
700484,56,1,0,1,118,0,0,1,0,0
700485,71,1,0,0,156,0,1,1,0,0
700486,64,1,0,0,77,0,1,0,0,0
700487,64,0,0,0,67,0,0,0,0,1
700488,76,0,0,0,142,3,1,0,0,0
700489,73,0,1,0,131,1,1,0,0,0
700490,57,0,0,1,179,0,0,1,1,0
700491,63,0,0,0,128,0,0,1,0,0
700492,68,0,0,1,95,0,1,0,0,0
700493,53,0,0,1,144,0,0,0,0,0
700494,73,0,0,0,145,0,0,0,0,0
700495,65,0,0,0,146,0,1,0,0,0
700496,67,0,0,1,146,0,0,0,1,0
700497,69,0,0,0,197,1,1,1,0,0
700498,82,1,0,0,126,0,0,0,0,0
700499,66,0,0,0,147,0,0,1,0,0
700500,63,0,1,1,135,1,0,1,1,0
700501,81,0,0,0,87,0,0,0,0,0
700502,61,0,1,0,102,0,0,1,0,1
700503,61,1,1,0,110,0,1,0,0,0
700504,53,1,0,0,127,0,0,0,0,0
700505,75,1,0,0,101,0,1,1,0,0
700506,68,1,1,0,175,1,0,1,1,0
700507,70,0,0,0,133,0,0,0,0,0
700508,67,0,1,0,108,1,0,0,0,0
700509,65,0,0,0,115,0,0,0,0,0
700510,59,0,1,0,137,0,0,0,0,0
700511,59,1,0,0,117,0,0,0,0,0
700512,70,1,1,1,105,0,0,1,0,0
700513,67,1,0,1,100,0,0,0,0,0
700514,80,0,0,0,134,2,1,0,0,0
700515,59,0,0,0,184,0,0,0,0,0
700516,61,1,1,0,60,1,1,1,0,0
700517,57,1,0,1,124,0,1,1,0,0
700518,78,1,0,1,136,0,0,0,0,0
700519,55,0,0,0,111,1,1,0,0,0
700520,73,0,1,0,197,1,1,0,1,0
700521,79,0,0,1,139,0,0,1,0,0
700522,64,1,0,1,86,1,0,0,1,0
700523,72,1,0,0,142,0,0,1,0,0
700524,47,0,0,0,101,0,0,0,0,0
700525,62,1,1,0,157,0,0,1,0,0
700526,51,0,0,0,135,0,0,0,0,0
700527,67,1,0,0,168,0,1,1,0,1
700528,66,1,0,0,107,0,0,0,0,0
700529,59,0,0,0,145,0,1,0,0,0
700530,74,1,0,0,180,0,1,1,0,1
700531,69,0,0,0,127,0,0,0,0,0
700532,61,0,0,0,105,0,1,0,0,1
700533,61,0,0,0,124,0,1,0,0,0
700534,53,0,0,0,140,1,1,1,0,0
700535,64,1,0,0,124,2,0,0,0,0
700536,85,0,0,0,147,0,0,0,1,0
700537,59,1,0,0,166,0,0,0,0,0
700538,70,0,0,1,110,1,1,0,0,0
700539,61,1,0,0,90,0,0,0,0,0
700540,73,1,1,0,109,0,0,0,1,1
700541,70,1,0,0,89,0,1,1,0,0
700542,64,0,0,0,112,1,0,1,0,1
700543,50,0,0,0,126,1,0,0,0,0
700544,61,0,0,0,86,0,1,1,0,0
700545,76,0,1,1,134,1,1,0,0,0
700546,64,1,1,0,131,1,0,1,0,0
700547,71,1,0,0,88,1,0,0,0,0
700548,61,1,0,1,120,0,0,1,0,0
700549,49,0,0,0,86,0,1,0,0,0
700550,70,0,1,0,149,0,0,0,0,0
700551,69,1,0,0,124,0,0,0,0,0
700552,61,1,0,0,145,0,1,0,0,0
700553,62,1,1,0,170,0,0,0,0,0
700554,68,0,1,1,150,0,0,0,1,1
700555,61,1,0,0,131,0,0,1,0,1
700556,69,1,1,1,139,0,1,1,0,0
700557,64,1,0,0,118,0,1,0,0,0
700558,45,1,0,0,130,0,0,1,0,0
700559,64,1,1,0,180,2,0,0,0,0
700560,60,0,0,1,114,0,0,1,0,0
700561,58,0,0,0,128,0,0,1,0,0
700562,69,1,0,0,137,0,1,0,0,0
700563,61,0,0,0,141,0,1,1,0,0
700564,71,0,1,0,151,0,1,0,0,0
700565,76,1,0,1,98,0,0,1,0,0
700566,67,1,0,0,116,0,0,0,1,0
700567,52,0,0,0,128,0,0,0,0,0
700568,59,1,1,0,138,1,1,0,0,0
700569,74,1,0,0,148,0,1,1,0,0
700570,63,0,0,1,142,0,0,0,0,0
700571,59,0,0,0,132,2,0,0,0,0
700572,65,0,0,1,105,1,1,1,0,0
700573,70,0,1,1,98,2,0,0,0,0
700574,68,0,1,1,97,0,0,0,1,0
700575,72,1,0,0,153,0,0,0,0,0
700576,58,1,0,0,174,1,0,0,1,0
700577,63,0,1,0,107,0,0,1,0,0
700578,64,0,1,0,92,0,0,0,0,0
700579,66,0,0,0,120,1,1,1,0,0
700580,47,0,0,0,136,0,0,1,0,0
700581,64,0,0,1,115,0,0,0,0,0
700582,54,0,0,0,123,0,0,1,0,0
700583,78,1,0,0,148,1,1,1,0,0
700584,80,0,1,1,140,1,1,0,0,0
700585,81,1,1,0,117,1,1,0,0,0
700586,73,1,0,0,94,1,1,1,0,0
700587,62,0,0,1,126,0,0,1,0,0
700588,74,0,0,0,159,0,0,0,0,0
700589,64,0,0,0,83,0,0,1,0,0
700590,71,1,0,1,172,0,0,1,0,0
700591,58,0,0,0,135,0,1,1,0,0
700592,61,1,0,0,172,0,0,0,0,0
700593,70,1,0,1,112,0,1,1,0,0
700594,82,0,1,0,108,0,0,0,0,0
700595,66,0,0,0,93,0,0,1,0,0
700596,86,0,0,0,136,1,1,0,0,0
700597,90,0,1,0,133,0,1,0,0,0
700598,54,0,0,0,124,0,0,1,0,0
700599,66,1,0,0,132,0,1,1,0,0
700600,57,1,0,0,142,0,1,0,0,0
700601,65,0,0,0,108,0,0,0,0,0
700602,61,0,0,0,156,1,0,1,0,0
700603,65,0,0,1,86,0,0,0,0,0
700604,74,0,1,0,117,0,1,1,0,0
700605,74,1,0,0,139,0,0,1,0,0
700606,68,0,0,0,123,3,0,1,1,0
700607,66,1,0,0,134,0,1,1,1,0
700608,67,0,0,0,86,0,1,1,0,0
700609,67,1,0,0,121,1,0,0,0,0
700610,71,1,1,0,128,0,0,0,1,0
700611,66,0,0,1,91,0,0,1,0,0
700612,70,0,0,0,145,0,0,1,0,0
700613,54,0,0,0,95,0,0,1,0,0
700614,73,0,1,1,107,0,0,0,0,0
700615,81,1,0,0,94,1,1,1,0,0
700616,67,0,0,1,135,1,0,0,1,1
700617,53,0,0,1,108,0,1,0,0,0
700618,78,0,1,0,146,1,1,1,0,0
700619,63,1,0,0,152,0,1,1,0,0
700620,40,1,0,0,120,0,1,0,0,0
700621,64,1,1,0,144,0,0,1,0,0
700622,71,0,0,1,178,1,1,0,0,0
700623,69,0,0,0,83,1,1,1,0,0
700624,77,0,1,0,82,0,1,1,0,0
700625,71,0,0,0,178,0,0,1,1,0
700626,67,0,0,1,105,0,0,0,0,0
700627,48,1,0,0,209,0,0,1,0,0
700628,56,1,1,0,153,1,0,1,0,0
700629,67,1,1,0,66,0,0,1,0,0
700630,72,0,1,0,154,1,0,1,0,0
700631,57,0,0,0,126,0,1,1,0,1
700632,60,1,0,0,133,0,1,1,0,0
700633,70,0,1,1,153,0,0,1,0,0
700634,49,0,0,0,113,0,0,1,0,0
700635,49,1,0,0,121,0,1,0,0,0
700636,64,0,0,0,134,0,1,1,0,0
700637,68,1,0,0,83,0,0,0,0,0
700638,62,0,1,1,122,2,1,1,1,0
700639,45,1,0,1,137,0,1,1,0,0
700640,66,1,1,0,131,0,0,1,1,1
700641,54,0,0,0,134,0,0,0,0,0
700642,72,0,0,0,130,1,1,0,0,0
700643,65,1,0,0,76,0,1,1,0,1
700644,68,0,0,0,106,0,0,0,0,1
700645,72,0,0,0,77,0,1,0,1,0
700646,61,1,1,0,139,1,0,1,0,0
700647,73,0,0,0,157,0,1,0,1,0
700648,77,0,1,0,135,0,0,0,0,0
700649,69,1,0,1,75,0,1,0,0,0
700650,78,1,1,0,120,2,0,1,0,1
700651,60,1,0,0,153,0,1,0,0,0
700652,74,0,0,0,144,1,0,1,0,0
700653,68,1,0,1,152,0,0,0,1,0
700654,57,0,1,0,154,0,0,1,0,0
700655,65,0,0,0,101,0,1,0,0,0
700656,61,0,1,0,138,0,1,0,0,0
700657,61,1,0,0,140,1,1,1,0,0
700658,67,1,0,0,103,1,0,0,0,0
700659,75,1,1,0,115,1,1,0,1,0
700660,63,0,0,0,128,0,1,0,0,0
700661,67,0,0,0,185,0,1,1,0,0
700662,53,1,1,1,160,1,1,0,1,0
700663,67,0,0,0,132,0,0,1,0,1
700664,76,0,0,1,133,1,1,0,0,0
700665,73,0,0,0,87,0,1,1,0,0
700666,70,0,0,0,133,0,1,1,0,0
700667,61,0,0,0,159,0,1,0,0,0
700668,57,0,0,0,121,0,0,0,0,0
700669,65,1,0,0,147,0,1,1,0,0
700670,54,0,1,0,170,0,0,1,0,0
700671,55,0,0,0,123,1,0,0,0,0
700672,74,0,0,0,89,0,0,1,0,0
700673,58,1,0,0,129,0,0,1,0,0
700674,82,1,0,1,128,1,0,0,1,0
700675,53,1,0,0,207,1,0,1,1,0
700676,70,0,0,0,129,0,0,0,0,0
700677,55,1,0,0,129,1,0,0,0,0
700678,67,1,0,0,160,1,1,1,0,0
700679,57,1,0,0,111,0,0,1,0,0
700680,66,0,0,0,123,0,0,1,0,0
700681,65,0,0,0,128,0,0,1,0,0
700682,62,1,1,0,127,1,0,1,0,0
700683,70,0,0,0,142,1,1,1,1,0
700684,79,1,1,0,136,1,0,1,0,0
700685,61,1,0,0,67,0,0,0,0,0
700686,74,1,0,0,163,0,1,0,0,0
700687,67,1,0,0,119,0,1,0,0,0
700688,66,0,0,0,151,0,1,1,0,0
700689,85,0,0,1,134,0,0,0,0,0
700690,47,0,0,0,149,1,1,1,0,1
700691,60,0,1,0,169,0,0,1,0,0
700692,50,1,1,0,127,0,0,1,0,0
700693,63,0,0,0,120,1,0,0,1,1
700694,64,1,0,0,143,0,0,1,0,0
700695,90,0,0,0,129,0,1,1,0,0
700696,69,1,0,0,182,0,1,1,0,0
700697,82,1,0,0,126,1,1,1,0,0
700698,77,0,1,0,116,0,1,1,0,0
700699,62,0,0,1,187,0,1,0,0,0
700700,70,0,0,1,113,1,1,1,0,0
700701,81,1,0,0,154,2,0,0,0,0
700702,67,1,0,1,116,0,0,1,0,0
700703,68,1,1,0,151,1,1,1,0,0
700704,70,0,0,0,177,0,0,1,0,0
700705,52,1,0,0,171,0,0,1,0,0
700706,59,1,0,0,122,2,0,0,1,0
700707,69,0,0,1,149,0,1,1,0,0
700708,71,0,0,0,166,1,1,1,0,0
700709,58,1,1,0,137,0,1,0,1,0
700710,63,1,0,0,185,0,0,1,0,0
700711,65,0,1,0,177,2,0,0,1,0
700712,65,0,0,0,181,0,0,1,0,0
700713,72,1,0,0,134,0,0,0,1,0
700714,67,1,0,1,145,1,1,0,0,0
700715,67,0,0,0,100,0,1,1,0,0
700716,53,1,0,1,109,0,0,0,0,0
700717,56,0,0,1,150,0,0,0,0,0
700718,69,0,0,0,114,0,0,0,1,0
700719,52,1,0,0,135,1,0,0,0,0
700720,68,0,0,1,104,0,0,0,0,0
700721,60,1,0,0,114,0,1,0,0,0
700722,59,1,1,1,100,1,0,0,0,0
700723,72,1,0,0,142,1,0,0,0,0
700724,60,1,0,0,114,0,1,0,0,0
700725,58,1,0,1,138,0,1,1,1,0
700726,60,0,0,0,150,1,1,1,0,0
700727,66,1,0,0,124,1,1,0,0,0
700728,90,0,0,0,135,0,1,0,0,0
700729,47,0,1,0,198,0,0,0,0,0
700730,66,0,0,0,149,0,0,1,0,0
700731,64,1,0,1,178,0,0,0,0,0
700732,74,0,0,1,176,0,1,0,0,0
700733,63,1,0,0,158,0,1,0,0,0
700734,44,0,0,0,149,0,1,0,1,0
700735,78,0,1,1,89,0,1,1,0,0
700736,56,0,0,0,148,0,0,0,1,0
700737,65,0,1,0,107,0,0,0,0,0
700738,54,1,0,1,97,0,0,1,0,0
700739,56,0,0,0,132,0,0,0,0,0
700740,61,0,0,0,166,1,0,1,0,0
700741,73,1,0,0,151,0,0,0,0,0
700742,73,1,0,1,155,0,1,1,0,0
700743,60,0,1,0,156,0,0,0,1,1
700744,70,0,0,0,156,0,1,1,0,0
700745,62,0,0,0,105,0,1,1,0,0
700746,67,0,1,0,104,0,1,1,0,0
700747,67,0,0,0,137,0,1,0,0,0
700748,71,1,0,0,163,0,0,1,0,0
700749,60,1,1,1,133,2,1,0,1,0
700750,65,1,0,0,113,0,0,1,0,0
700751,68,1,1,0,119,0,0,0,0,0
700752,67,0,0,0,121,0,0,1,0,0
700753,59,0,1,1,116,1,0,0,0,0
700754,81,1,0,1,104,0,1,1,0,0
700755,62,0,0,1,179,0,1,0,0,0
700756,73,0,1,0,139,0,1,1,0,0
700757,68,0,0,0,88,0,0,1,0,0
700758,77,0,0,0,139,3,0,0,0,0
700759,46,0,1,0,149,0,0,1,0,0
700760,84,0,0,1,158,1,1,0,0,0
700761,64,1,0,1,106,0,0,1,0,0
700762,55,1,0,0,82,2,1,1,0,0
700763,67,1,0,0,198,0,1,0,0,0
700764,86,1,1,0,98,2,0,1,0,0
700765,70,0,1,0,95,0,0,0,0,0
700766,55,0,1,0,139,1,1,1,0,0
700767,62,1,1,0,165,0,0,0,0,0
700768,78,1,1,0,162,3,1,0,0,0
700769,53,0,0,0,111,0,0,1,0,0
700770,64,0,0,0,135,0,0,0,0,0
700771,63,0,0,0,113,1,0,0,0,0
700772,85,0,0,0,134,0,0,0,0,0
700773,63,0,1,0,115,0,0,0,1,0
700774,77,0,1,1,204,1,0,0,0,0
700775,60,1,0,0,167,0,0,1,0,0
700776,59,1,1,0,129,0,0,1,0,0
700777,75,1,0,0,130,0,1,0,0,0
700778,71,0,1,0,173,0,1,1,0,0
700779,50,0,0,0,115,0,1,1,0,0
700780,71,1,1,1,127,0,0,0,1,0
700781,71,0,0,0,121,0,1,1,0,0
700782,60,1,1,0,135,0,1,0,0,0
700783,68,0,0,0,182,1,0,1,0,0
700784,68,0,0,0,116,0,0,1,0,0
700785,61,1,0,1,99,0,0,0,0,0
700786,60,0,0,0,102,0,0,0,0,1
700787,60,0,0,0,117,0,0,1,0,0
700788,63,0,1,1,95,1,0,0,1,0
700789,54,1,0,1,99,0,1,0,0,0
700790,65,0,0,0,110,0,0,1,0,0
700791,52,0,0,0,148,0,1,1,0,0
700792,66,1,0,0,141,0,1,0,0,0
700793,65,1,0,0,124,0,0,1,0,0
700794,56,0,0,0,144,0,1,0,1,0
700795,73,0,0,0,135,0,0,1,0,0
700796,83,1,0,1,131,2,1,0,1,1
700797,78,0,0,0,109,0,0,0,0,0
700798,53,0,0,0,156,0,0,0,0,0
700799,77,0,1,0,133,0,0,0,0,0
700800,68,0,0,0,128,0,0,0,0,0
700801,65,1,1,1,124,0,1,1,0,0
700802,60,1,0,0,138,0,0,0,0,0
700803,66,0,1,0,131,0,1,1,0,0
700804,78,1,1,0,99,0,0,0,0,0
700805,71,0,1,0,117,1,1,1,0,0
700806,62,0,0,0,100,0,0,1,1,0
700807,60,1,1,0,60,0,1,1,0,0
700808,62,0,0,1,97,0,0,1,0,0
700809,71,1,0,0,206,0,1,0,1,0
700810,82,0,0,0,84,1,1,0,0,0
700811,56,0,0,0,131,0,0,1,0,0
700812,66,1,0,0,155,0,1,1,0,1
700813,62,0,0,0,129,0,1,0,0,0
700814,59,0,0,0,131,0,1,0,0,0
700815,69,0,0,1,105,0,0,0,0,0
700816,71,1,0,0,113,0,1,1,0,0
700817,53,0,0,0,114,0,0,1,0,0
700818,56,1,0,0,101,0,0,0,0,0
700819,76,0,1,1,129,0,0,0,0,1
700820,69,1,0,0,151,0,1,0,0,0
700821,70,0,0,0,159,0,0,1,0,0
700822,61,0,0,0,182,0,0,0,0,0
700823,62,0,0,0,151,0,0,0,0,0
700824,70,1,0,0,226,1,1,0,0,0
700825,61,0,0,0,139,0,0,1,0,0
700826,56,0,0,0,103,0,1,0,0,0
700827,66,1,1,0,94,0,0,1,0,0
700828,74,0,0,0,142,0,1,1,0,0
700829,56,0,0,0,158,0,1,1,0,0
700830,75,0,1,0,161,0,1,0,0,0
700831,72,0,1,0,136,1,1,1,0,1
700832,58,1,0,1,172,0,0,0,0,0
700833,66,0,0,1,136,0,1,0,0,0
700834,65,0,0,0,124,1,1,1,0,0
700835,71,0,0,0,130,1,1,0,0,0
700836,72,1,0,0,138,1,0,1,0,0
700837,54,0,0,0,152,0,0,1,0,0
700838,54,1,0,0,100,0,0,1,0,0
700839,75,0,1,0,105,1,0,1,0,0
700840,67,0,0,0,168,0,0,0,1,0
700841,69,1,0,1,125,0,0,0,0,0
700842,69,0,1,0,168,0,0,1,0,0
700843,79,0,0,0,153,1,1,1,0,0
700844,55,0,0,0,144,0,0,0,0,0
700845,75,1,0,0,169,0,0,0,0,0
700846,58,1,0,0,131,0,1,0,0,0
700847,72,1,0,0,154,1,1,0,0,0
700848,78,0,1,0,158,1,1,1,0,0
700849,53,0,0,0,165,0,0,1,0,0
700850,69,1,0,0,109,0,0,0,0,0
700851,63,0,1,0,135,0,1,1,0,0
700852,63,0,1,1,178,0,0,1,0,0
700853,66,1,0,0,156,0,0,1,0,0
700854,56,0,0,1,174,0,0,0,1,0
700855,57,1,0,0,179,0,0,0,0,0
700856,72,0,0,0,119,0,0,1,0,0
700857,73,1,0,1,135,0,1,0,0,0
700858,61,0,0,0,177,0,0,0,0,0
700859,53,1,0,0,151,0,0,1,0,0
700860,86,1,1,0,111,1,0,0,1,0
700861,75,1,0,0,148,1,0,0,0,0
700862,69,1,1,0,147,1,1,1,0,0
700863,57,0,0,0,121,0,1,0,0,0
700864,61,0,0,1,125,0,0,0,0,0
700865,68,1,1,0,162,0,0,1,0,0
700866,57,0,0,0,156,0,0,0,0,0
700867,80,0,0,0,105,0,1,1,0,0
700868,67,0,1,0,110,0,0,0,0,0
700869,69,0,0,1,127,0,0,0,0,0
700870,57,0,0,0,136,0,1,0,0,0
700871,58,0,0,0,133,0,0,0,0,0
700872,59,0,1,0,112,2,0,1,0,0
700873,68,0,1,0,145,1,1,1,0,0
700874,63,0,0,0,78,0,0,1,0,0
700875,63,1,0,1,111,0,0,0,0,0
700876,68,1,0,1,136,1,0,1,0,1
700877,68,0,0,0,135,3,0,1,0,0
700878,79,0,0,0,132,2,1,1,0,0
700879,64,0,1,0,145,0,1,1,1,0
700880,57,0,0,0,140,0,1,1,0,0
700881,66,0,0,0,126,0,1,1,0,0
700882,79,0,0,0,180,0,1,1,0,0
700883,61,0,0,0,132,0,0,1,0,0
700884,66,1,0,0,209,0,0,1,0,0
700885,63,1,0,0,88,0,1,1,0,0
700886,69,1,0,0,160,0,0,0,0,0
700887,68,1,1,0,99,0,0,0,0,1
700888,59,1,0,0,87,0,0,1,0,0
700889,64,0,0,0,107,2,1,0,0,0
700890,74,0,1,1,60,0,1,0,0,0
700891,75,0,0,0,120,0,1,1,0,0
700892,74,0,1,1,132,2,0,1,1,0
700893,73,1,1,0,106,0,0,0,0,0
700894,63,1,0,0,122,0,1,0,0,0
700895,62,0,0,0,148,1,0,0,0,0
700896,74,0,0,1,117,2,0,1,1,0
700897,55,0,0,0,161,0,0,0,0,0
700898,65,0,0,0,114,0,1,0,0,0
700899,49,1,0,0,187,0,0,1,0,0
700900,62,0,0,0,134,0,0,0,0,0
700901,59,1,0,0,97,0,0,1,1,0
700902,55,1,1,0,155,1,1,1,0,0
700903,71,1,0,1,142,1,1,1,0,0
700904,59,0,0,1,93,0,0,0,0,0
700905,62,0,0,0,190,0,0,1,0,0
700906,63,0,0,0,123,0,1,1,0,0
700907,59,0,0,0,151,1,0,1,0,0
700908,78,0,0,0,211,0,1,1,0,0
700909,61,1,0,0,116,0,0,0,0,0
700910,67,0,0,1,115,0,1,1,0,0
700911,54,0,0,0,148,0,0,0,1,0
700912,62,1,0,0,68,0,1,1,0,0
700913,63,0,0,0,166,0,1,1,0,0
700914,63,0,0,1,110,0,0,1,0,0
700915,61,1,1,0,176,0,0,1,0,0
700916,67,0,1,1,170,0,0,0,0,1
700917,79,0,0,1,103,0,1,1,0,0
700918,65,1,1,0,98,0,1,1,0,0
700919,64,0,1,0,171,0,0,0,1,0
700920,62,0,0,0,100,2,0,0,0,0
700921,88,1,0,0,136,1,1,1,1,0
700922,80,0,0,1,149,0,1,1,0,0
700923,71,1,0,1,160,1,0,1,0,0
700924,72,0,0,1,137,0,0,0,0,0
700925,59,1,1,0,113,1,1,1,0,0
700926,64,0,0,1,159,0,0,0,0,0
700927,68,0,0,1,149,2,1,0,0,0
700928,67,0,0,0,167,0,0,1,0,0
700929,58,1,1,0,106,0,1,1,0,0
700930,59,0,0,0,180,0,0,1,0,1
700931,70,1,0,0,150,0,0,0,0,0
700932,68,0,0,0,126,0,1,1,0,0
700933,47,0,1,1,153,2,0,1,1,0
700934,67,0,0,0,133,0,1,1,0,0
700935,77,0,0,0,83,0,0,0,0,0
700936,60,0,0,0,117,1,0,0,0,0
700937,68,1,0,1,145,0,1,0,0,0
700938,53,0,0,0,143,0,1,1,0,0
700939,73,1,1,0,142,0,0,1,0,0
700940,56,1,0,1,114,0,0,0,0,0
700941,55,0,0,1,106,0,0,1,0,0
700942,63,0,0,0,123,0,1,1,0,0
700943,87,0,1,0,140,1,0,0,0,0
700944,60,1,0,0,132,0,1,1,0,0
700945,55,0,1,0,145,0,0,1,0,0
700946,70,0,0,1,116,1,0,0,1,0
700947,68,0,0,0,118,0,1,0,0,0
700948,80,0,1,1,118,0,0,1,0,0
700949,55,1,0,1,127,0,0,0,0,0
700950,52,0,0,0,118,0,1,0,0,0
700951,63,0,0,1,133,0,0,1,0,0
700952,69,0,0,0,122,0,0,1,0,0
700953,69,0,1,0,173,1,0,0,0,0
700954,75,0,1,0,115,0,1,0,0,0
700955,53,1,0,0,108,0,1,0,0,0
700956,58,1,0,0,147,0,1,1,0,0
700957,65,1,0,0,182,0,1,1,0,0
700958,73,1,1,0,130,0,1,0,0,0
700959,70,1,1,0,101,0,0,0,0,0
700960,62,0,1,0,156,0,0,1,0,0
700961,57,0,0,0,105,0,1,1,0,0
700962,74,1,0,0,133,0,1,1,1,0
700963,74,0,0,0,127,1,0,0,0,0
700964,90,0,0,0,101,0,0,1,0,0
700965,64,0,0,0,158,0,1,1,0,0
700966,80,1,0,0,144,0,0,1,0,1
700967,55,1,0,0,130,0,0,0,0,0
700968,61,0,1,0,143,0,0,0,0,0
700969,60,1,0,0,101,0,0,0,0,0
700970,62,1,0,0,126,0,0,0,0,0
700971,58,0,0,0,144,1,0,0,0,0
700972,61,0,0,0,155,1,1,0,0,0
700973,65,0,1,1,82,1,0,0,1,1
700974,62,1,0,0,148,1,1,1,0,0
700975,72,0,1,0,105,1,0,1,0,0
700976,65,0,1,0,74,0,0,0,0,0
700977,66,1,0,0,157,0,1,0,1,0
700978,79,0,0,0,166,0,0,1,0,0
700979,69,0,1,1,105,0,0,0,1,0
700980,67,0,0,1,158,0,0,0,0,0
700981,66,0,1,0,136,0,0,0,0,0
700982,66,0,0,0,157,1,0,0,1,0
700983,71,1,0,1,188,1,0,1,0,0
700984,59,0,0,0,170,0,1,1,0,0
700985,76,1,1,0,139,0,1,1,0,0
700986,80,0,0,1,102,1,1,1,0,0
700987,76,0,0,0,114,0,1,1,0,0
700988,61,0,0,1,126,0,1,0,0,0
700989,52,0,0,0,117,0,0,0,0,1
700990,62,0,0,0,145,0,1,1,0,0
700991,67,0,0,0,152,0,0,1,0,0
700992,73,1,0,0,187,0,1,1,0,0
700993,64,1,0,0,168,0,0,0,1,0
700994,63,0,0,0,98,0,1,1,0,0
700995,79,1,0,1,206,0,0,1,0,0
700996,60,0,0,1,135,1,0,0,0,1
700997,75,1,0,0,123,0,0,1,0,0
700998,74,0,1,0,84,1,1,1,0,0
700999,54,1,0,0,139,0,1,0,0,0
701000,68,0,0,0,201,0,0,0,1,0
701001,61,1,0,0,135,0,1,0,0,0
701002,57,0,0,0,151,0,1,1,0,0
701003,49,0,1,0,147,0,0,0,0,0
701004,52,0,0,0,165,0,0,1,0,0
701005,69,1,0,0,115,0,0,1,0,0
701006,62,0,0,0,112,0,1,1,0,0
701007,68,1,0,0,154,0,0,1,0,0
701008,56,0,0,0,163,0,0,0,0,0
701009,63,1,0,0,117,0,0,1,0,0
701010,63,1,0,1,147,0,1,1,0,0
701011,52,0,0,0,164,0,0,1,0,0
701012,51,1,0,0,146,0,1,1,0,0
701013,70,1,1,0,124,0,1,0,0,0
701014,67,0,1,0,196,0,0,1,0,0
701015,58,1,0,0,178,0,1,1,0,1
701016,65,1,0,1,154,2,0,0,0,1
701017,72,0,1,1,131,0,1,1,0,0
701018,82,0,0,0,99,1,0,0,0,0
701019,58,1,0,1,123,0,0,0,0,0
701020,71,0,0,0,137,1,0,0,0,0
701021,84,0,0,0,108,1,1,1,0,0
701022,66,0,1,0,165,0,0,0,0,0
701023,79,1,0,0,100,1,0,0,0,0
701024,43,0,0,0,183,1,0,0,0,0
701025,79,0,1,0,124,0,0,0,0,0
701026,66,0,0,0,113,0,0,0,0,0
701027,49,1,0,0,127,0,1,1,0,0
701028,73,1,1,0,150,2,0,0,1,0
701029,75,1,0,0,166,0,1,1,1,0
701030,76,1,0,0,104,0,0,0,1,0
701031,76,0,0,1,154,0,0,1,0,0
701032,65,0,0,0,123,0,0,1,0,0
701033,59,1,0,0,97,0,0,1,0,0
701034,62,0,0,1,102,1,0,0,0,0
701035,65,0,0,0,170,0,1,1,0,0
701036,69,1,0,0,96,0,0,1,0,1
701037,61,1,0,0,117,1,1,0,1,0
701038,66,1,0,0,136,0,1,0,0,0
701039,73,0,0,0,178,1,1,1,0,0
701040,69,1,0,0,74,0,1,0,0,0
701041,86,0,1,1,139,1,1,1,0,0
701042,85,0,0,1,140,1,0,1,0,0
701043,56,0,0,1,87,0,1,1,0,0
701044,61,0,0,1,122,0,0,0,0,0
701045,54,1,0,0,125,1,1,0,0,0
701046,55,0,0,0,151,0,1,1,0,0
701047,71,0,0,0,126,0,1,0,0,0
701048,57,1,0,0,119,0,1,0,0,0
701049,56,1,0,0,141,0,1,1,0,0
701050,63,0,1,0,166,1,0,0,1,0
701051,73,0,0,0,97,0,1,0,0,0
701052,63,1,0,0,136,0,1,1,0,0
701053,63,1,1,0,128,0,0,1,0,0
701054,74,1,0,0,133,1,0,1,0,0
701055,70,0,0,0,161,1,0,0,0,0
701056,70,0,0,0,117,0,0,0,1,0
701057,74,1,1,0,92,0,1,1,0,0
701058,57,0,0,0,128,0,0,0,0,0
701059,68,0,0,1,97,1,0,0,0,0
701060,60,0,0,1,182,0,1,1,0,0
701061,75,0,0,0,174,1,0,1,0,0
701062,73,0,0,1,103,0,0,0,1,0
701063,57,0,0,0,134,0,0,0,0,0
701064,78,1,0,0,87,1,0,0,0,0
701065,55,0,0,1,129,0,0,1,0,0
701066,76,1,0,0,121,0,0,0,0,0
701067,68,0,1,0,189,0,1,0,0,0
701068,58,1,0,0,148,1,0,0,0,0
701069,56,0,0,0,141,1,0,0,1,0
701070,63,0,1,1,167,0,1,1,0,0
701071,66,1,1,1,123,0,0,1,1,0
701072,59,0,0,0,154,0,0,1,0,0
701073,71,0,0,0,115,0,1,0,0,0
701074,53,1,0,0,117,0,0,1,1,0
701075,66,0,0,0,190,0,0,1,0,0
701076,66,0,0,0,60,0,0,0,0,0
701077,49,0,0,0,152,0,0,1,0,0
701078,68,1,1,0,113,1,0,1,0,0
701079,55,1,0,0,162,0,0,1,0,0
701080,44,0,0,0,112,0,0,0,0,0
701081,60,1,0,0,139,0,0,0,0,0
701082,64,0,0,0,96,0,0,0,0,0
701083,74,0,1,0,166,0,0,0,0,0
701084,61,0,0,0,113,0,0,1,0,0
701085,79,0,0,0,93,0,1,0,0,1
701086,78,0,1,1,60,0,1,0,0,0
701087,75,0,0,0,81,0,1,1,0,0
701088,77,0,0,0,155,1,0,0,0,0
701089,69,0,0,0,97,1,1,0,0,0
701090,61,1,0,0,96,0,0,1,0,0
701091,71,0,0,0,135,0,0,1,0,0
701092,74,0,0,0,129,0,0,1,0,0
701093,68,0,0,0,138,2,1,0,0,0
701094,64,0,0,0,125,0,0,0,0,1
701095,52,0,0,0,187,0,1,1,0,0
701096,72,0,1,0,100,0,1,1,0,0
701097,69,0,0,0,114,0,0,0,0,0
701098,54,0,0,0,127,0,1,1,0,0
701099,67,1,0,0,150,0,1,1,0,0
701100,72,0,0,0,177,0,0,1,0,0
701101,65,1,1,0,135,0,1,1,0,0
701102,73,0,1,0,158,0,1,1,0,0
701103,72,1,0,0,146,0,1,0,0,0
701104,53,0,0,0,221,0,0,1,0,0
701105,63,0,0,0,115,0,0,0,0,0
701106,70,0,1,1,175,1,0,0,0,0
701107,74,0,0,0,134,1,1,1,0,0
701108,78,0,0,1,142,0,0,1,0,0
701109,49,0,1,1,154,0,0,1,0,0
701110,65,0,1,0,171,1,0,1,0,0
701111,72,1,1,0,115,0,1,1,1,0
701112,77,1,0,1,130,0,0,0,0,0
701113,81,1,0,0,107,1,0,0,0,1
701114,57,1,0,0,60,0,0,0,0,0
701115,62,0,0,0,196,0,1,1,0,0
701116,56,1,0,0,139,0,0,1,0,0
701117,73,1,0,1,133,1,0,1,0,0
701118,54,0,0,1,111,0,1,1,0,0
701119,76,0,0,0,127,1,1,0,0,0
701120,74,1,1,0,145,0,1,1,0,0
701121,70,0,0,0,170,0,0,0,0,0
701122,46,1,0,0,143,0,0,0,0,0
701123,60,0,0,0,138,0,1,1,0,0
701124,72,1,0,1,103,0,0,1,0,0
701125,53,0,1,0,116,0,1,1,0,0
701126,64,0,0,0,135,0,1,1,0,0
701127,65,0,1,0,80,0,0,0,0,0
701128,74,1,1,0,119,0,1,1,0,0
701129,68,1,0,1,135,2,1,0,0,0
701130,68,1,1,0,181,0,0,0,0,0
701131,62,1,0,1,84,0,0,1,0,0
701132,66,0,1,0,95,0,1,1,0,0
701133,65,0,1,0,157,1,0,0,0,0
701134,72,1,0,1,63,1,0,0,0,0
701135,64,0,1,0,199,0,0,0,0,0
701136,75,1,0,1,140,0,0,0,0,1
701137,51,0,0,1,161,0,0,0,0,0
701138,76,1,0,0,151,1,0,1,0,0
701139,64,1,0,1,85,0,1,1,0,0
701140,76,1,0,0,152,0,1,0,0,0
701141,66,0,1,0,106,2,0,1,0,1
701142,73,0,1,0,128,0,1,1,0,0
701143,79,1,0,0,134,0,1,0,0,0
701144,61,0,0,0,141,1,0,1,0,0
701145,66,1,1,0,157,0,1,1,0,0
701146,64,1,1,0,135,0,1,1,0,0
701147,68,1,0,0,167,0,1,1,0,0
701148,51,1,0,0,143,0,1,1,0,0
701149,64,0,0,0,118,0,0,1,0,0
701150,63,0,1,1,147,0,0,0,0,0
701151,59,1,1,1,122,2,1,1,1,0
701152,64,0,0,1,158,0,0,1,0,0
701153,52,1,1,0,123,0,0,1,0,0
701154,78,1,0,0,124,0,0,0,0,0
701155,70,1,0,1,163,0,0,1,0,0
701156,82,0,0,0,82,0,1,0,1,0
701157,58,1,0,0,148,0,1,1,0,0
701158,55,1,1,1,120,1,0,1,0,0
701159,68,0,0,0,155,0,0,0,0,0
701160,51,0,1,0,152,1,1,1,0,0
701161,68,0,0,0,107,0,1,0,0,0
701162,59,1,0,0,148,0,1,1,0,0
701163,63,0,0,0,181,1,0,0,0,0
701164,68,1,0,0,123,0,1,0,0,0
701165,66,1,0,0,156,1,0,0,1,0
701166,82,0,1,0,204,0,0,1,1,0
701167,71,0,0,1,79,1,0,0,0,0
701168,54,0,1,0,128,1,0,1,0,0
701169,74,0,0,0,188,1,1,1,0,1
701170,54,1,0,0,130,0,1,0,0,0
701171,66,1,0,0,130,0,1,1,1,0
701172,55,1,0,0,104,1,1,0,0,0
701173,58,0,0,0,60,0,0,1,0,0
701174,77,0,0,0,156,0,1,1,0,0
701175,61,0,0,0,153,1,0,0,1,0
701176,60,0,1,0,171,0,0,0,0,0
701177,61,0,0,1,151,1,0,1,1,0
701178,63,0,0,0,105,1,0,0,0,0
701179,78,0,1,0,79,0,0,0,1,0
701180,55,0,1,1,141,0,1,1,0,0
701181,55,0,0,0,176,0,0,0,0,0
701182,71,0,0,0,146,1,0,0,0,0
701183,51,1,0,0,150,0,0,1,0,1
701184,62,0,0,1,185,0,1,1,0,0
701185,76,0,0,0,120,0,0,0,0,0
701186,66,0,0,0,129,0,1,1,0,1
701187,61,0,0,0,162,0,0,0,0,0
701188,59,0,0,1,122,0,0,0,0,1
701189,57,0,0,0,113,1,0,0,0,0
701190,60,0,1,0,122,0,0,1,0,0
701191,67,1,0,0,153,0,1,0,0,1
701192,77,0,1,1,112,2,0,1,0,0
701193,74,1,0,1,124,0,0,1,0,0
701194,61,1,0,0,143,0,1,0,0,0
701195,59,0,0,0,109,0,0,0,0,0
701196,72,1,0,1,118,0,0,0,0,1
701197,49,0,1,0,140,0,1,1,0,0
701198,62,0,0,0,141,1,1,1,0,0
701199,63,1,0,0,112,0,1,1,0,0
701200,56,0,1,0,118,1,1,1,0,0
701201,57,1,0,0,160,0,0,0,0,0
701202,69,1,0,0,120,1,0,1,0,0
701203,51,1,0,0,133,0,0,0,0,0
701204,57,0,0,0,130,0,0,0,0,0
701205,60,0,1,0,115,0,0,0,0,0
701206,66,0,1,0,154,0,0,0,0,0
701207,53,1,0,0,126,1,0,1,0,0
701208,75,1,0,1,84,0,1,0,0,0
701209,63,0,0,0,181,1,1,0,0,0
701210,63,1,0,1,127,0,0,0,0,1
701211,62,0,0,1,138,0,0,1,0,0
701212,60,1,0,0,143,2,0,0,0,0
701213,57,0,0,0,121,0,0,0,0,0
701214,76,0,0,0,102,1,1,0,0,0
701215,67,1,0,0,107,0,1,1,0,0
701216,64,1,0,0,116,1,0,1,0,0
701217,74,0,0,0,153,1,1,1,0,0
701218,59,1,0,0,124,0,0,0,0,0
701219,71,0,1,0,147,1,0,1,0,1
701220,66,0,0,0,66,1,0,0,0,0
701221,58,1,0,0,105,1,0,0,0,0
701222,72,1,0,0,136,1,1,0,0,0
701223,52,1,0,0,101,1,0,1,0,0
701224,71,0,0,1,154,1,0,0,1,0
701225,58,1,0,0,127,0,1,0,0,0
701226,69,0,0,1,125,0,0,1,0,0
701227,78,0,0,0,104,1,0,0,0,0
701228,70,1,1,0,128,1,0,1,1,0
701229,60,0,1,0,91,1,0,1,0,0
701230,65,0,0,0,159,1,1,1,0,0
701231,62,0,0,0,142,0,1,1,0,0
701232,55,1,0,0,124,0,1,1,0,0
701233,56,0,0,1,102,0,0,1,0,0
701234,66,1,0,0,146,0,1,1,0,0
701235,70,1,1,0,109,0,1,1,0,0
701236,50,0,0,0,162,0,0,0,0,0
701237,65,0,1,0,153,1,0,0,1,0
701238,70,1,0,0,113,0,0,1,0,0
701239,66,0,1,1,127,1,0,1,0,0
701240,56,1,0,0,184,0,0,0,0,0
701241,74,0,0,0,151,2,1,0,0,0
701242,55,1,1,0,161,0,0,0,0,0
701243,71,1,0,0,118,0,0,0,0,0
701244,79,1,0,1,155,0,1,0,0,0
701245,47,1,0,0,96,0,1,1,0,0
701246,68,0,0,1,152,0,1,1,0,0
701247,68,0,0,1,161,1,1,1,1,0
701248,67,1,0,1,127,0,1,0,0,0
701249,58,1,1,0,146,0,1,0,0,0
701250,62,0,0,0,122,0,0,0,0,0
701251,53,0,0,1,125,0,1,0,0,0
701252,66,0,0,1,140,0,0,0,0,0
701253,70,0,0,0,146,0,0,0,0,0
701254,59,1,0,1,138,0,1,1,0,0
701255,57,1,0,0,147,0,0,1,0,0
701256,61,1,0,0,104,0,0,0,0,0
701257,65,0,1,1,91,1,0,1,1,0
701258,66,1,0,0,146,1,1,1,0,0
701259,64,0,0,0,65,0,1,0,0,1
701260,66,0,0,1,86,1,0,0,0,0
701261,54,1,1,0,95,0,0,1,0,0
701262,41,0,0,1,154,0,0,0,0,0
701263,71,0,0,1,152,0,0,0,1,0
701264,78,1,0,0,221,1,1,1,0,0
701265,53,1,0,0,125,2,0,0,0,0
701266,59,1,0,0,123,1,0,1,0,0
701267,68,0,0,0,130,0,0,0,0,0
701268,74,0,0,1,94,0,0,0,0,1
701269,71,0,0,1,162,0,0,0,0,0
701270,76,1,1,0,107,2,0,0,0,0
701271,65,0,1,1,110,1,1,1,0,0
701272,69,0,0,0,138,0,1,1,0,0
701273,69,1,0,0,118,0,0,0,0,0
701274,61,0,0,0,147,0,1,1,0,0
701275,76,1,1,1,154,1,0,0,0,0
701276,71,0,0,0,155,0,1,1,0,0
701277,74,1,0,0,132,1,0,1,0,0
701278,62,0,0,0,109,0,1,1,0,0
701279,74,0,0,0,133,0,1,1,0,0
701280,56,0,0,1,102,1,1,0,0,0
701281,69,1,1,0,90,0,0,0,1,0
701282,42,1,0,0,88,0,0,1,0,0
701283,56,1,1,0,161,0,1,1,0,0
701284,72,0,0,0,93,0,0,1,0,0
701285,61,1,1,0,166,0,1,1,0,0
701286,67,1,0,0,131,0,0,1,0,0
701287,51,1,1,0,123,0,1,1,0,0
701288,79,0,0,0,135,0,1,1,0,0
701289,70,1,0,0,179,0,1,1,0,0
701290,65,0,0,1,92,0,0,1,0,0
701291,69,1,0,1,146,0,0,0,1,0
701292,68,1,1,0,119,1,0,0,0,0
701293,78,0,0,0,103,0,1,1,0,0
701294,67,0,0,0,73,0,0,1,0,0
701295,52,0,0,0,105,0,1,1,0,1
701296,63,0,0,1,105,1,1,1,0,0
701297,76,0,0,1,133,0,0,1,0,0
701298,70,0,0,0,157,1,1,1,0,0
701299,61,0,0,0,144,0,0,1,0,0
701300,70,0,0,1,125,0,1,0,0,0
701301,66,0,1,0,182,0,0,0,0,0
701302,70,0,0,0,115,1,0,1,0,0
701303,51,1,0,0,134,0,0,0,0,0
701304,57,1,0,0,124,1,0,1,0,0
701305,71,0,0,0,152,0,1,1,0,0
701306,63,1,1,1,147,0,0,0,0,0
701307,68,0,1,0,133,1,0,0,1,0
701308,82,0,1,0,151,0,0,0,0,0
701309,62,0,0,0,142,1,0,1,0,0
701310,67,0,0,0,115,0,0,1,0,0
701311,60,0,0,0,161,1,0,1,0,0
701312,60,0,1,0,119,1,1,0,0,0
701313,64,1,1,0,116,1,0,0,0,1
701314,52,1,0,0,154,0,1,1,0,0
701315,47,1,0,0,120,0,0,0,0,0
701316,77,0,0,1,135,0,1,1,0,0
701317,64,0,0,1,207,0,0,0,0,0
701318,75,0,0,1,159,1,0,0,1,0
701319,66,1,1,0,119,1,0,0,0,0
701320,66,0,1,0,119,1,0,1,1,0
701321,71,0,0,0,162,0,1,1,0,0
701322,71,1,0,0,144,0,0,1,0,0
701323,55,0,0,0,108,0,1,0,0,0
701324,76,0,1,0,153,1,0,1,0,0
701325,57,0,0,0,89,0,1,1,0,0
701326,67,0,1,0,171,0,1,1,0,0
701327,88,0,1,1,170,0,0,0,0,0
701328,66,0,0,0,181,1,1,0,0,0
701329,80,0,0,0,97,0,0,0,0,0
701330,62,0,0,0,152,0,1,1,0,0
701331,71,1,1,0,191,0,1,1,0,0
701332,66,0,0,1,147,0,1,0,0,0
701333,69,0,1,0,130,0,0,0,0,0
701334,58,1,1,0,172,0,0,0,0,0
701335,57,0,0,0,94,0,0,0,0,1
701336,68,0,0,0,132,2,1,1,0,0
701337,51,1,0,0,147,0,0,0,0,0
701338,58,0,1,1,122,1,0,0,0,0
701339,71,0,0,1,136,0,1,0,1,0
701340,60,0,0,0,161,0,0,1,0,0
701341,57,1,0,1,158,0,0,1,0,0
701342,55,1,0,0,133,0,1,0,0,0
701343,66,1,0,0,101,0,0,0,0,0
701344,62,0,0,1,91,0,1,0,0,0
701345,66,1,0,0,109,1,0,1,0,0
701346,63,1,1,0,120,0,0,1,0,0
701347,81,0,0,1,113,0,0,0,0,1
701348,61,0,0,0,214,0,0,1,0,0
701349,48,1,1,0,129,0,0,1,0,1
701350,66,0,0,0,131,1,0,0,1,0
701351,65,0,0,1,153,0,0,0,0,0
701352,66,0,0,1,98,1,0,0,0,0
701353,51,0,1,0,118,0,1,1,0,0
701354,75,1,1,0,151,1,1,1,0,0
701355,65,0,0,0,114,0,1,1,0,0
701356,65,0,1,1,163,3,0,0,1,0
701357,51,1,0,0,117,0,0,0,0,0
701358,69,0,0,0,141,1,1,1,0,0
701359,65,1,0,0,176,1,0,0,1,0
701360,77,1,0,0,166,0,0,0,0,0
701361,61,1,0,1,139,0,1,1,0,0
701362,54,1,1,0,139,1,0,1,0,0
701363,66,0,1,0,155,1,1,0,1,0
701364,57,1,0,0,123,0,0,0,0,0
701365,69,0,0,0,104,1,0,0,0,0
701366,56,1,0,0,163,2,1,0,0,0
701367,64,1,0,0,167,0,0,1,0,0
701368,63,0,0,0,143,1,0,1,0,0
701369,65,0,0,0,128,0,0,1,0,0
701370,61,1,0,0,103,0,1,0,0,0
701371,58,0,0,0,117,0,1,0,0,0
701372,65,1,0,0,125,1,1,1,0,0
701373,60,1,0,0,142,1,0,1,0,0
701374,66,0,0,0,159,0,0,0,0,0
701375,63,0,0,1,136,0,0,0,0,0
701376,45,1,0,1,146,0,1,0,0,0
701377,65,0,1,0,99,0,1,0,1,0
701378,77,0,0,1,138,1,0,0,0,0
701379,68,0,0,0,168,1,0,1,1,0
701380,70,1,1,0,116,0,1,1,0,0
701381,69,0,0,1,82,0,1,1,0,0
701382,61,1,0,0,154,0,0,0,0,0
701383,53,1,0,0,177,0,1,0,0,0
701384,72,0,0,1,155,0,0,0,0,0
701385,74,0,0,0,121,0,0,1,0,0
701386,70,0,0,0,152,0,1,1,0,0
701387,69,0,1,1,76,1,0,1,0,0
701388,69,0,1,0,137,0,1,1,0,0
701389,65,0,1,0,114,0,0,0,0,0
701390,68,0,1,0,166,0,1,1,0,0
701391,65,0,0,1,107,0,0,1,0,0
701392,68,0,0,1,192,0,0,0,0,0
701393,57,1,0,0,202,0,1,1,0,0
701394,60,1,0,0,189,0,0,1,0,0
701395,70,0,0,0,163,0,1,1,0,0
701396,62,1,0,0,114,1,0,0,0,0
701397,44,1,0,1,127,1,1,1,0,0
701398,66,0,0,0,162,1,1,1,0,0
701399,45,0,0,0,146,0,0,1,0,0
701400,82,1,0,0,117,1,0,0,0,0
701401,71,1,0,1,128,1,1,0,1,0
701402,71,1,1,1,112,0,0,0,1,0
701403,59,1,0,0,146,0,0,0,0,0
701404,55,1,0,1,133,0,0,0,0,1
701405,63,0,0,1,171,1,1,0,0,0
701406,65,0,0,0,155,0,0,0,0,0
701407,58,0,0,0,125,0,0,1,0,0
701408,67,0,0,0,174,0,0,0,0,0
701409,71,0,0,0,70,2,1,1,0,0
701410,70,1,1,0,94,0,1,1,0,0
701411,56,1,0,0,118,0,1,0,0,0
701412,46,0,0,0,150,0,0,0,0,0
701413,65,1,0,0,188,0,1,0,1,0
701414,59,0,0,0,157,0,0,1,0,0
701415,69,1,1,0,143,1,1,1,0,0
701416,79,0,1,0,135,0,0,0,0,0
701417,79,1,1,0,85,4,0,0,0,0
701418,68,0,1,0,118,1,0,1,0,1
701419,75,1,1,1,165,2,0,1,0,0
701420,79,0,1,0,144,0,1,1,0,0
701421,66,1,0,0,118,0,0,0,0,0
701422,68,1,0,0,134,0,1,0,0,0
701423,73,0,1,1,116,0,1,1,0,0
701424,65,0,0,0,81,0,0,0,0,0
701425,61,0,0,0,128,0,0,0,0,0
701426,59,0,0,0,117,0,1,1,0,0
701427,65,1,0,0,100,0,1,1,0,0
701428,60,0,0,0,129,0,1,0,0,0
701429,72,0,0,0,126,0,0,0,0,0
701430,62,0,1,0,139,1,1,1,0,0
701431,78,0,0,0,135,0,1,1,0,0
701432,76,0,1,0,140,0,1,1,0,0
701433,55,0,0,0,128,1,0,1,0,0
701434,75,1,1,0,114,1,1,1,0,0
701435,62,1,0,1,131,0,1,1,0,0
701436,77,0,0,0,134,1,0,0,1,0
701437,70,1,1,0,161,0,1,1,0,0
701438,65,0,0,1,136,1,0,0,0,0
701439,71,0,0,0,115,0,0,0,0,0
701440,60,0,0,1,157,0,0,0,1,0
701441,68,1,0,0,133,0,0,0,0,0
701442,69,0,1,0,157,2,1,0,0,0
701443,64,1,0,0,195,0,0,0,0,0
701444,69,1,1,0,157,1,0,1,0,0
701445,57,0,1,1,99,0,1,1,0,0
701446,70,0,0,1,108,1,0,0,0,0
701447,55,0,0,0,149,0,0,0,0,0
701448,71,1,0,0,88,1,1,1,0,0
701449,69,0,0,0,121,0,1,1,0,0
701450,71,1,0,1,140,0,0,1,0,0
701451,61,0,0,0,120,0,0,0,0,0
701452,90,0,1,0,110,0,1,1,0,0
701453,63,1,0,0,133,0,0,0,1,0
701454,67,0,1,1,123,0,1,0,0,0
701455,59,1,0,0,119,0,1,0,0,0
701456,78,0,1,0,148,0,0,0,0,0
701457,61,0,0,0,116,0,1,0,0,0
701458,74,1,0,0,127,1,1,1,0,0
701459,57,0,1,1,169,0,1,0,1,0
701460,68,0,1,0,158,1,1,0,0,0
701461,62,0,1,0,135,1,1,1,0,0
701462,73,1,0,0,129,0,1,1,0,0
701463,63,1,1,0,141,1,0,0,0,0
701464,58,0,0,0,141,0,1,0,0,0
701465,69,1,0,0,98,0,0,1,1,0
701466,55,1,0,1,112,1,1,1,0,0
701467,57,0,1,0,165,0,1,0,0,0
701468,72,0,1,1,107,0,1,1,0,0
701469,50,0,0,0,180,1,1,1,0,0
701470,72,0,1,1,154,0,0,1,1,0
701471,62,0,1,0,134,1,0,1,0,0
701472,58,0,0,1,121,1,0,0,0,1
701473,68,0,1,1,138,0,0,0,0,0
701474,71,0,0,0,157,0,1,1,0,0
701475,61,0,0,0,148,0,0,0,0,0
701476,64,0,0,0,172,0,0,0,0,0
701477,72,0,0,0,148,1,0,0,0,0
701478,72,1,1,0,117,1,0,1,1,0
701479,65,1,1,1,151,0,1,1,0,0
701480,59,1,0,0,156,0,1,0,0,0
701481,58,1,0,0,132,2,0,0,0,0
701482,61,1,0,0,110,0,0,1,0,0
701483,71,0,1,0,113,0,0,1,1,0
701484,71,1,0,1,151,1,1,1,0,0
701485,68,0,1,1,110,1,0,0,0,0
701486,77,0,0,0,185,0,0,1,0,0
701487,63,0,1,1,156,0,1,1,0,0
701488,62,1,0,0,84,0,1,1,0,0
701489,62,0,1,0,105,0,1,1,0,0
701490,82,1,1,0,137,1,1,1,1,1
701491,48,1,1,1,100,0,1,0,0,0
701492,68,1,0,0,131,0,0,1,1,0
701493,69,0,1,0,160,1,1,1,1,0
701494,66,0,0,1,153,0,1,0,0,0
701495,86,1,0,0,104,0,0,0,0,0
701496,76,0,0,0,156,1,0,0,0,0
701497,72,1,0,0,163,1,0,0,0,0
701498,58,1,0,1,115,0,0,1,0,0
701499,70,0,0,1,153,0,0,1,1,0
701500,63,0,0,0,118,1,0,0,0,0
701501,66,1,0,0,98,0,0,0,0,0
701502,67,1,0,0,168,0,1,0,1,0
701503,62,0,1,0,167,1,1,1,0,0
701504,71,1,0,0,109,0,1,1,0,0
701505,80,0,1,1,61,1,1,1,0,0
701506,75,0,0,1,163,0,1,1,0,1
701507,68,0,0,0,118,0,1,0,0,0
701508,49,1,0,0,145,0,1,1,0,0
701509,75,0,0,1,98,0,1,1,0,0
701510,75,0,1,0,149,0,0,1,0,0
701511,64,0,0,0,165,0,1,1,0,0
701512,62,1,0,0,139,0,1,1,0,0
701513,71,1,1,0,157,0,0,0,1,0
701514,59,0,0,0,144,0,0,0,0,0
701515,73,1,0,0,162,0,1,1,0,0
701516,57,0,0,0,120,0,0,0,0,0
701517,58,0,1,1,119,0,0,0,0,0
701518,66,1,0,0,80,1,0,0,0,0
701519,54,0,0,1,122,1,1,1,0,0
701520,66,0,0,0,126,2,1,0,0,0
701521,70,0,0,0,102,0,0,1,1,0
701522,55,0,0,0,163,0,1,1,0,0
701523,74,0,0,0,127,0,1,1,0,0
701524,61,0,1,1,218,1,0,0,1,0
701525,71,1,1,0,151,1,1,1,0,0
701526,68,0,0,0,112,1,0,0,0,0
701527,62,1,0,0,134,1,0,1,0,0
701528,61,0,1,1,155,0,0,0,0,0
701529,51,0,0,0,165,0,0,0,0,0
701530,60,1,1,0,177,0,0,1,0,0
701531,59,0,1,0,122,1,1,1,0,0
701532,80,0,0,0,163,0,0,0,1,0
701533,75,1,0,1,133,0,1,1,0,0
701534,54,0,0,0,161,0,1,1,0,0
701535,73,1,0,0,131,0,0,1,0,0
701536,68,0,0,0,133,0,1,1,0,0
701537,63,1,1,0,144,1,1,1,0,0
701538,70,0,0,0,117,1,1,1,0,0
701539,73,1,0,0,135,0,1,1,0,0
701540,61,1,0,0,146,0,0,0,0,0
701541,64,1,0,0,84,0,0,0,0,0
701542,67,0,0,0,120,0,1,1,0,0
701543,58,0,0,0,121,0,0,0,0,0
701544,68,1,0,0,163,0,0,0,0,0
701545,65,0,0,0,139,0,0,0,0,0
701546,60,1,1,0,134,0,1,0,0,0
701547,59,1,0,0,114,0,1,1,0,0
701548,69,0,0,1,147,1,1,0,0,0
701549,73,0,0,0,126,1,1,1,0,0
701550,69,1,1,0,162,0,0,1,0,0
701551,59,1,0,0,127,0,1,1,0,0
701552,72,0,0,0,133,0,0,0,0,0
701553,67,0,0,0,152,0,0,0,1,0
701554,71,1,0,0,148,1,1,1,0,0
701555,76,1,0,0,91,1,0,0,0,0
701556,58,1,0,0,140,0,1,0,0,0
701557,65,0,0,1,133,0,0,1,0,0
701558,61,0,0,0,83,0,0,1,0,1
701559,59,0,0,0,100,0,0,1,0,0
701560,83,1,0,0,161,1,1,1,0,0
701561,74,0,0,0,144,0,1,1,0,0
701562,51,0,0,0,122,1,1,1,0,0
701563,70,0,0,0,161,0,0,1,0,0
701564,61,0,1,0,86,1,0,1,0,0
701565,76,0,0,0,173,0,0,1,0,0
701566,67,0,0,1,119,0,1,1,0,0
701567,65,1,1,0,177,0,1,1,0,0
701568,67,0,0,1,123,0,1,0,0,0
701569,69,0,0,0,120,0,0,0,1,0
701570,66,0,1,0,143,0,1,0,0,0
701571,64,1,0,0,128,0,0,1,0,0
701572,65,0,0,0,164,0,1,1,0,0
701573,70,0,1,0,157,0,0,1,1,0
701574,56,0,1,1,125,0,0,1,0,0
701575,66,0,0,1,130,0,1,0,0,0
701576,65,1,1,0,135,0,1,0,0,0
701577,62,1,1,0,183,0,1,1,0,0
701578,72,1,1,0,134,0,1,1,0,0
701579,55,1,0,1,164,1,1,0,0,0
701580,63,0,0,0,134,0,0,1,0,0
701581,59,1,0,0,112,1,0,0,0,0
701582,71,0,0,1,89,0,0,1,1,0
701583,62,0,0,0,141,0,0,0,0,0
701584,66,1,0,1,148,0,0,1,0,0
701585,69,1,0,0,142,0,0,0,0,0
701586,53,0,1,1,171,1,1,1,0,0
701587,70,0,0,0,155,0,1,1,0,0
701588,60,1,0,0,186,0,1,1,0,0
701589,64,0,0,0,152,0,1,1,0,0
701590,65,0,1,0,109,1,1,0,0,0
701591,73,1,0,0,167,1,1,1,1,0
701592,72,1,0,0,105,1,1,1,0,0
701593,81,1,0,0,131,1,0,0,0,0
701594,67,1,0,1,99,0,1,1,0,0
701595,62,1,0,0,161,0,0,1,1,0
701596,62,0,0,1,175,0,0,1,1,0
701597,71,0,1,0,96,1,0,0,1,0
701598,79,0,0,1,110,0,0,1,0,0
701599,69,0,0,0,115,0,1,0,0,0
701600,61,0,1,0,81,0,0,1,0,0
701601,68,0,0,0,131,1,0,0,0,0
701602,68,1,0,1,126,1,0,0,1,1
701603,66,0,0,1,95,0,0,1,0,0
701604,60,0,1,0,69,0,1,1,0,0
701605,45,0,0,1,92,1,0,0,0,0
701606,61,1,1,0,140,1,0,1,0,0
701607,75,1,0,0,90,0,0,0,0,0
701608,68,0,0,0,133,0,1,0,0,1
701609,47,1,0,0,139,0,0,1,0,0
701610,66,0,0,0,152,0,0,0,0,0
701611,50,0,0,0,131,0,0,0,0,0
701612,83,0,0,0,139,0,1,1,1,0
701613,68,1,0,0,174,1,1,1,0,0
701614,56,0,0,0,116,0,0,0,0,0
701615,73,1,1,0,133,0,1,1,0,1
701616,59,1,0,0,168,1,1,0,1,1
701617,71,1,0,0,100,0,0,0,0,0
701618,66,1,0,1,151,0,0,0,0,0
701619,56,0,0,0,60,0,0,1,0,0
701620,72,0,1,0,88,0,0,1,0,0
701621,55,0,0,0,88,0,0,0,0,0
701622,77,0,1,1,127,0,0,0,0,0
701623,67,0,1,0,132,2,1,1,0,0
701624,57,0,0,1,68,0,0,0,0,1
701625,51,0,0,1,185,0,0,0,0,0
701626,80,0,0,0,192,1,1,1,0,0
701627,78,1,0,0,169,2,1,0,0,0
701628,55,0,0,1,128,0,0,0,0,0
701629,80,0,0,0,147,0,1,0,0,0
701630,67,1,0,1,114,0,1,0,0,0
701631,64,0,0,0,118,1,0,0,0,0
701632,65,1,1,0,112,1,1,0,0,0
701633,64,1,0,0,142,0,0,0,0,0
701634,78,0,0,0,119,2,0,0,0,0
701635,67,0,0,0,121,0,1,1,0,0
701636,51,0,0,1,184,0,0,0,0,0
701637,84,0,1,0,124,1,1,0,0,0
701638,73,0,1,0,151,0,1,1,0,0
701639,57,0,0,0,145,0,1,1,0,0
701640,63,1,0,0,121,0,0,0,0,0
701641,58,0,1,0,122,0,0,1,0,0
701642,66,0,0,0,166,0,1,1,0,0
701643,69,0,0,1,119,0,0,0,0,0
701644,68,0,1,0,153,1,1,1,0,0
701645,61,1,0,0,122,0,1,0,0,0
701646,59,0,0,0,124,0,0,0,0,0
701647,73,0,1,0,176,2,0,0,0,0
701648,65,0,0,0,86,2,0,1,0,0
701649,85,1,0,0,114,0,0,1,0,0
701650,59,1,0,0,117,2,0,1,0,0
701651,73,1,0,1,146,0,1,0,0,0
701652,66,0,1,1,115,0,1,0,0,1
701653,60,1,0,0,137,0,1,1,0,0
701654,77,0,0,0,153,1,1,1,0,0
701655,67,1,0,0,189,0,1,1,0,0
701656,58,0,0,1,161,0,1,0,1,1
701657,63,0,0,0,95,1,0,1,0,0
701658,75,0,0,0,183,0,0,1,1,0
701659,56,0,0,0,134,0,0,0,0,0
701660,78,0,0,0,107,0,0,0,0,0
701661,72,1,0,1,140,0,1,0,0,0
701662,64,1,0,0,106,0,0,1,0,1
701663,77,0,0,0,123,2,0,1,0,0
701664,81,0,1,0,108,2,0,1,0,0
701665,71,0,1,0,120,0,0,1,0,0
701666,67,0,0,0,64,1,0,1,0,0
701667,82,1,1,0,169,1,1,1,0,0
701668,79,0,1,0,135,2,1,0,0,0
701669,58,0,1,0,157,1,0,0,1,0
701670,64,1,0,0,145,0,0,0,0,0
701671,64,0,1,0,131,0,0,1,0,0
701672,63,1,0,0,171,0,1,0,0,0
701673,53,0,0,0,170,1,0,0,0,0
701674,74,0,0,0,123,2,1,0,0,0
701675,67,0,0,1,156,0,1,1,0,0
701676,67,0,1,0,124,0,1,1,0,0
701677,78,0,0,0,120,1,1,1,0,0
701678,61,0,0,0,146,1,0,1,0,0
701679,66,0,0,0,136,1,1,1,0,0
701680,68,0,1,0,130,0,1,1,0,0
701681,62,0,0,0,76,0,1,1,0,0
701682,65,0,0,0,110,0,0,0,0,0
701683,72,1,0,1,136,0,0,0,0,0
701684,66,1,0,0,153,0,1,1,0,0
701685,77,0,0,0,152,1,0,0,0,0
701686,60,0,0,0,118,1,0,0,0,0
701687,68,1,0,1,147,1,1,1,0,0
701688,54,1,0,1,98,0,0,0,0,0
701689,65,0,1,1,146,1,0,1,0,0
701690,60,0,0,0,186,0,0,0,0,0
701691,78,0,0,0,127,0,1,1,0,0
701692,72,1,0,1,105,0,1,0,0,0
701693,70,0,0,1,163,1,0,0,0,0
701694,82,1,1,0,130,0,0,0,1,0
701695,78,1,0,0,134,0,0,1,0,0
701696,72,1,1,0,149,0,0,0,0,0
701697,60,0,0,0,124,1,1,0,0,0
701698,54,1,0,1,153,1,0,0,0,0
701699,66,0,0,0,113,2,1,0,1,0
701700,63,0,0,0,112,0,0,0,0,0
701701,61,1,1,1,141,1,1,0,0,0
701702,64,1,0,0,146,2,1,1,0,0
701703,52,0,1,1,140,0,0,0,1,1
701704,79,1,0,0,152,0,1,1,0,0
701705,56,0,0,1,132,0,0,1,0,0
701706,60,1,0,0,115,0,0,1,0,0
701707,71,0,0,0,147,0,1,1,0,0
701708,52,0,0,1,89,0,1,1,0,0
701709,74,1,0,0,133,0,1,1,0,0
701710,74,0,0,0,160,1,0,1,0,0
701711,63,0,0,1,149,0,1,0,0,0
701712,57,0,0,1,165,0,1,0,0,0
701713,62,0,1,0,127,0,1,1,0,0
701714,50,0,0,0,127,0,0,1,1,0
701715,78,1,0,0,120,0,0,1,0,0
701716,66,0,0,1,120,0,1,0,0,0
701717,60,0,0,0,139,0,0,1,1,0
701718,58,0,1,0,161,0,1,0,0,0
701719,71,0,0,0,133,0,0,1,0,1
701720,79,0,0,0,178,0,1,1,0,0
701721,55,0,0,0,147,0,1,0,0,1
701722,61,0,0,0,77,0,1,1,0,0
701723,51,1,0,0,152,0,0,0,0,0
701724,72,0,1,1,121,1,0,1,0,0
701725,67,0,0,0,137,0,0,0,0,0
701726,85,0,0,0,114,0,0,0,0,0
701727,65,0,0,0,119,0,1,1,0,0
701728,62,1,0,1,192,0,1,0,0,0
701729,60,1,0,0,163,1,0,1,0,0
701730,73,0,0,0,124,1,0,0,1,1
701731,52,0,0,0,113,0,1,0,0,0
701732,72,1,0,0,124,0,0,1,0,0
701733,68,1,1,0,117,1,0,0,0,0
701734,62,0,0,0,152,0,0,1,0,0
701735,58,0,0,0,166,0,1,1,0,0
701736,75,0,0,0,91,0,1,0,0,0
701737,82,1,1,0,147,0,1,1,0,0
701738,62,1,0,0,133,0,0,0,0,0
701739,71,0,0,0,127,1,1,1,0,0
701740,81,1,0,0,157,0,1,1,0,0
701741,61,0,1,0,113,0,0,0,0,0
701742,64,1,0,0,111,0,0,1,0,0
701743,56,1,1,1,132,0,0,0,0,0
701744,65,0,0,0,114,0,0,0,1,0
701745,65,1,0,0,120,0,0,0,0,0
701746,62,1,0,0,157,0,1,1,0,0
701747,60,0,0,0,99,0,0,0,0,0
701748,52,0,0,0,170,1,0,0,0,1
701749,55,0,1,1,173,0,0,1,0,0
701750,58,1,0,0,126,0,1,1,0,0
701751,71,0,0,0,153,0,1,1,0,0
701752,62,0,0,1,106,0,1,1,0,0
701753,59,1,0,0,128,0,1,1,0,0
701754,72,1,0,0,123,0,0,0,0,0
701755,71,1,0,0,112,0,0,1,0,0
701756,60,1,1,0,162,1,0,0,0,0
701757,61,0,0,0,146,0,1,1,0,0
701758,72,1,1,1,163,0,0,1,0,0
701759,69,1,1,1,92,1,1,1,0,0
701760,59,1,0,0,133,0,1,0,0,0
701761,68,1,0,0,124,0,0,0,0,0
701762,66,1,1,0,93,0,0,1,0,0
701763,76,1,0,0,166,0,1,1,0,0
701764,59,0,0,0,139,0,0,1,1,0
701765,74,0,0,0,147,1,0,0,0,0
701766,70,0,0,0,179,0,1,0,0,0
701767,57,1,0,0,122,0,1,1,0,0
701768,75,0,0,0,181,0,0,0,0,0
701769,74,0,0,0,85,0,0,1,0,1
701770,55,1,0,0,176,1,1,1,1,0
701771,83,1,1,0,159,0,1,0,1,0
701772,56,1,1,0,104,1,0,0,0,0
701773,58,1,0,0,101,0,0,0,0,0
701774,63,0,0,1,209,0,0,1,0,0
701775,73,0,0,1,120,0,0,1,0,0
701776,71,1,1,1,171,0,0,1,0,0
701777,65,0,0,0,148,0,1,1,0,0
701778,78,0,1,0,141,0,0,0,0,0
701779,69,0,0,0,133,0,0,1,0,0
701780,78,1,1,0,102,0,1,1,0,0
701781,90,0,1,1,104,0,1,1,0,0
701782,68,1,0,0,114,1,1,1,0,0
701783,44,0,0,1,163,0,0,1,0,0
701784,62,1,1,0,83,1,0,0,0,0
701785,57,0,1,0,107,0,1,0,0,0
701786,67,1,1,1,149,0,1,1,0,0
701787,67,1,0,0,134,0,0,0,0,0
701788,55,0,0,0,123,1,0,1,0,0
701789,56,0,1,0,109,0,1,1,0,0
701790,64,0,0,1,87,0,0,0,1,0
701791,64,1,0,0,114,0,1,0,0,0
701792,43,1,0,0,103,0,1,0,0,0
701793,74,0,1,0,121,1,1,1,0,0
701794,66,0,1,0,109,2,0,0,0,0
701795,66,0,1,0,93,0,1,1,0,1
701796,69,1,1,0,173,0,1,1,0,0
701797,57,0,0,0,77,0,0,0,0,1
701798,66,1,0,0,157,0,1,1,0,0
701799,75,1,0,0,123,1,0,0,0,0
701800,75,0,0,1,119,1,1,0,0,0
701801,70,1,1,0,100,1,0,1,0,0
701802,64,1,1,1,108,1,0,1,0,0
701803,59,0,0,0,122,0,0,1,1,0
701804,77,0,0,0,76,0,1,1,0,0
701805,71,0,0,0,163,1,0,0,0,0
701806,62,0,1,0,139,0,1,1,0,0
701807,47,0,0,0,133,1,1,1,0,0
701808,58,1,0,0,133,0,1,1,1,0
701809,49,0,0,0,165,0,1,1,0,0
701810,77,1,0,0,134,0,1,1,0,0
701811,68,1,0,1,156,0,0,0,0,0
701812,59,1,1,0,116,2,1,1,0,0
701813,64,1,0,0,183,0,0,0,0,1
701814,89,0,1,1,115,1,0,0,1,0
701815,77,0,1,0,104,1,1,1,0,0
701816,54,0,0,0,115,0,0,0,0,0
701817,65,0,1,0,160,0,0,1,0,0
701818,55,0,0,0,179,0,1,1,0,0
701819,51,1,0,0,144,0,0,1,0,0
701820,68,1,0,0,194,1,0,0,0,0
701821,87,0,1,1,105,1,1,1,0,0
701822,80,1,0,0,113,0,1,1,1,0
701823,66,0,0,1,120,0,0,1,0,0
701824,63,0,0,1,171,0,1,0,0,0
701825,68,1,0,1,108,0,0,0,0,0
701826,75,0,0,0,134,0,0,1,0,0
701827,53,0,0,0,101,0,1,1,0,0
701828,50,0,1,0,139,1,0,1,0,0
701829,83,1,0,1,110,1,0,0,0,0
701830,68,1,0,1,219,0,1,1,0,1
701831,80,1,1,0,156,4,1,0,0,1
701832,68,1,0,1,119,0,1,1,0,0
701833,79,1,1,0,158,0,0,0,1,0
701834,61,0,1,0,132,1,0,1,0,0
701835,70,0,1,0,116,0,1,1,0,0
701836,80,1,0,1,148,1,0,0,0,0
701837,75,1,0,0,92,1,0,1,0,0
701838,62,1,1,0,176,0,1,1,0,0
701839,74,1,1,0,169,0,1,1,0,0
701840,60,1,0,0,102,0,0,0,0,0
701841,53,0,0,1,130,0,0,0,1,0
701842,71,0,1,1,80,0,1,1,0,0
701843,78,0,0,0,150,0,0,0,1,0
701844,74,0,1,0,143,0,1,1,0,0
701845,55,1,0,1,140,0,0,1,0,0
701846,74,0,0,0,119,0,0,1,0,0
701847,72,0,1,0,132,0,0,1,1,0
701848,62,0,0,0,115,0,0,1,0,0
701849,44,0,0,1,127,0,1,0,1,1
701850,75,0,0,0,115,0,1,1,0,0
701851,74,1,0,0,115,1,1,1,0,0
701852,70,1,0,1,114,0,1,1,0,0
701853,51,1,1,0,61,0,0,0,0,0
701854,53,0,1,0,111,0,1,1,0,0
701855,75,0,0,0,158,0,1,0,0,0
701856,73,1,0,0,175,0,0,1,0,0
701857,70,0,0,1,117,0,1,0,0,0
701858,64,0,0,0,135,0,1,1,0,0
701859,70,1,1,0,170,0,0,0,0,0
701860,61,1,0,0,88,0,1,0,0,0
701861,63,0,0,0,145,0,1,1,0,0
701862,58,0,0,0,85,0,0,1,0,0
701863,68,0,0,0,145,0,1,1,0,0
701864,62,0,0,0,127,1,1,0,0,0
701865,75,0,0,0,130,1,0,0,0,0
701866,72,1,1,0,127,0,0,0,0,0
701867,59,0,1,0,188,0,0,0,0,0
701868,82,1,1,0,60,0,1,1,0,0
701869,56,1,0,0,93,0,1,1,1,0
701870,70,0,0,0,140,0,0,0,0,0
701871,76,0,0,0,141,0,1,0,0,0
701872,77,1,0,0,113,0,1,0,1,0
701873,46,1,1,0,143,0,0,1,0,0
701874,75,1,0,0,133,1,1,1,0,0
701875,77,1,0,0,137,0,1,1,0,0
701876,79,0,1,0,166,0,1,0,0,0
701877,46,1,1,0,109,0,1,0,0,0
701878,60,0,0,1,140,0,1,1,0,0
701879,65,0,1,1,160,1,1,1,0,0
701880,62,1,1,0,118,0,0,0,0,0
701881,78,0,0,0,169,1,1,1,0,0
701882,60,1,0,0,109,0,1,0,0,0
701883,77,1,0,0,86,1,1,0,0,0
701884,71,1,0,0,102,0,1,1,0,0
701885,53,1,0,0,136,0,0,0,0,0
701886,57,1,0,1,162,0,0,0,0,0
701887,62,0,1,0,123,0,1,1,0,0
701888,67,0,0,0,132,0,0,0,0,0
701889,75,0,0,1,132,3,1,1,0,0
701890,64,0,0,0,151,0,0,0,0,0
701891,74,0,1,0,105,2,0,1,0,0
701892,52,1,0,0,130,0,1,1,0,0
701893,40,1,0,1,107,0,1,1,0,0
701894,63,0,1,0,146,0,1,0,1,0
701895,70,0,0,0,157,1,1,0,0,0
701896,63,1,0,0,69,0,1,0,0,0
701897,57,0,0,0,139,0,0,0,0,0
701898,70,0,1,0,128,2,1,1,0,0
701899,83,1,1,0,154,1,1,0,0,0
701900,65,1,1,1,112,1,0,0,0,0
701901,59,0,0,0,134,1,1,1,0,0
701902,58,1,0,0,98,0,1,0,0,0
701903,84,0,0,0,156,0,1,0,0,0
701904,66,0,1,1,199,0,1,1,1,0
701905,72,0,1,0,140,0,1,1,0,0
701906,77,1,0,0,177,1,1,0,0,0
701907,76,0,0,1,178,0,1,0,0,1
701908,58,0,1,0,126,0,0,1,0,0
701909,75,1,0,1,136,1,1,1,0,0
701910,74,0,1,0,138,0,0,1,0,0
701911,70,1,0,0,163,0,0,0,0,0
701912,75,0,1,0,114,1,1,1,0,0
701913,61,0,0,0,155,0,0,1,1,0
701914,65,1,0,0,109,0,0,1,0,0
701915,61,0,1,0,152,1,0,1,0,0
701916,73,1,1,0,133,1,1,1,0,0
701917,60,1,1,0,85,0,0,1,0,0
701918,70,1,0,1,122,1,0,0,0,0
701919,56,0,0,0,147,0,1,0,0,0
701920,65,1,0,0,129,0,1,1,0,0
701921,63,1,0,0,141,0,1,1,0,0
701922,65,1,1,0,198,0,1,1,0,0
701923,67,1,0,0,97,0,1,1,0,0
701924,64,1,0,1,113,0,0,0,0,0
701925,64,0,0,0,112,0,1,1,0,0
701926,47,1,1,1,134,0,0,0,0,0
701927,76,1,1,0,120,0,1,1,0,0
701928,60,1,0,0,127,1,0,1,0,0
701929,64,0,0,0,110,1,1,0,0,0
701930,59,0,0,1,112,0,0,1,0,0
701931,75,0,0,0,188,0,1,1,0,0
701932,58,0,0,1,205,0,0,0,0,0
701933,71,1,1,0,129,0,0,1,0,0
701934,77,1,0,0,136,0,0,1,0,0
701935,81,1,0,0,86,3,0,0,0,0
701936,77,1,0,0,122,3,0,0,0,0
701937,72,1,0,0,155,0,1,1,1,0
701938,55,1,0,0,146,2,0,1,0,0
701939,78,0,0,0,128,0,1,0,0,0
701940,77,0,1,0,186,1,1,1,0,0
701941,74,1,1,0,218,3,1,1,0,0
701942,73,1,0,1,128,0,1,1,0,0
701943,67,1,0,0,104,0,0,0,1,0
701944,61,0,0,0,151,1,1,1,0,0
701945,76,1,0,0,159,0,0,0,0,0
701946,77,0,1,0,109,1,1,1,1,0
701947,57,1,0,0,132,1,1,0,0,0
701948,74,0,0,1,165,0,1,0,0,0
701949,68,0,1,0,145,0,0,0,0,0
701950,74,0,1,0,109,0,1,0,0,0
701951,69,0,1,0,159,0,0,0,0,0
701952,76,0,0,0,110,0,0,0,0,0
701953,75,0,0,0,178,0,1,1,0,0
701954,74,0,0,0,134,0,0,0,0,0
701955,54,0,1,1,80,1,0,0,0,0
701956,73,1,0,1,109,0,1,1,0,0
701957,67,1,1,0,157,1,0,1,1,0
701958,56,0,1,0,186,0,1,0,0,0
701959,72,1,1,0,144,0,0,1,0,0
701960,54,1,1,0,126,0,1,1,0,0
701961,74,1,0,0,200,0,0,1,0,1
701962,81,0,1,0,96,1,0,0,0,0
701963,62,1,0,0,164,0,0,1,1,0
701964,74,0,1,0,90,0,1,1,0,0
701965,70,1,0,1,84,0,1,0,0,0
701966,72,0,1,0,103,1,0,0,0,0
701967,54,0,0,0,157,0,0,1,0,0
701968,72,1,0,0,141,0,0,0,0,0
701969,67,1,0,1,128,2,0,0,0,0
701970,73,1,0,0,146,0,1,1,0,0
701971,66,0,0,0,114,0,0,0,1,0
701972,76,0,0,1,178,0,0,0,0,0
701973,69,1,0,0,137,1,1,1,0,0
701974,72,0,0,0,149,0,0,0,0,0
701975,78,0,0,1,97,1,0,1,0,0
701976,68,0,0,0,132,0,1,1,0,0
701977,75,1,0,0,99,1,0,1,0,0
701978,68,0,0,1,154,0,0,1,0,0
701979,71,0,1,0,87,0,1,0,0,0
701980,62,0,0,1,155,0,0,1,1,0
701981,73,1,1,0,164,0,1,1,0,0
701982,77,0,1,0,150,0,0,1,0,0
701983,66,0,0,0,170,1,0,0,0,0
701984,73,0,0,0,178,0,1,0,0,0
701985,70,1,0,0,126,0,0,1,0,0
701986,56,1,0,0,120,1,0,1,0,0
701987,69,0,0,1,121,0,1,1,1,0
701988,78,0,1,0,134,0,0,0,0,0
701989,62,0,0,0,128,0,1,0,0,1
701990,50,0,0,0,127,0,0,1,0,0
701991,68,1,0,0,183,1,1,0,0,0
701992,61,1,1,1,136,0,0,0,1,0
701993,83,1,0,0,122,1,1,0,1,0
701994,66,0,1,0,176,0,1,1,0,0
701995,66,1,0,0,102,0,1,1,0,0
701996,61,0,1,0,132,1,0,1,1,0
701997,69,0,1,0,150,0,0,1,0,0
701998,61,0,0,0,153,0,0,0,0,0
701999,58,0,0,0,98,0,0,0,0,0
702000,66,0,1,0,95,0,1,1,0,0
702001,59,0,0,1,99,0,1,0,0,0
702002,78,0,0,0,110,0,1,1,0,0
702003,56,0,1,0,167,0,0,0,1,0
702004,66,0,0,1,131,1,0,1,0,0
702005,60,1,0,0,143,0,0,0,0,0
702006,54,1,0,0,109,0,1,0,0,0
702007,81,0,0,0,119,1,0,0,0,0
702008,48,1,1,0,152,0,0,0,1,0
702009,79,1,1,1,144,0,0,1,1,0
702010,54,1,0,0,125,1,1,1,0,0
702011,67,0,0,1,161,0,1,0,0,0
702012,86,1,0,0,117,1,1,0,0,0
702013,48,0,0,0,118,0,0,1,0,0
702014,54,0,0,1,121,0,0,0,0,0
702015,78,0,0,1,116,1,0,1,0,0
702016,68,0,0,1,157,0,0,0,1,1
702017,61,1,0,0,92,0,1,1,0,0
702018,66,0,0,0,146,0,0,1,0,0
702019,58,0,0,1,81,0,1,0,0,0
702020,67,0,0,1,84,0,1,0,0,0
702021,80,0,1,0,133,1,0,0,1,0
702022,63,0,0,0,142,0,0,1,0,0
702023,68,1,1,0,129,0,1,1,0,0
702024,77,1,0,1,75,0,1,0,0,0
702025,84,1,0,0,167,1,1,1,0,0
702026,61,1,1,0,164,3,0,0,0,0
702027,69,1,0,0,109,0,1,0,0,0
702028,61,1,1,0,171,1,0,1,1,0
702029,61,1,0,1,116,0,1,1,0,0
702030,63,1,0,0,135,0,0,0,1,0
702031,61,1,1,0,111,0,1,1,0,0
702032,51,0,0,0,104,0,1,1,0,0
702033,49,0,0,1,90,0,0,0,0,1
702034,60,0,0,0,125,0,0,0,0,0
702035,67,0,0,0,152,0,1,0,0,0
702036,77,0,1,0,123,0,1,0,0,0
702037,62,0,0,0,151,1,0,0,0,0
702038,65,1,0,0,158,1,1,1,0,0
702039,72,0,0,0,176,0,1,0,0,0
702040,73,1,1,1,163,0,1,1,0,0
702041,65,1,0,0,135,0,1,1,0,0
702042,66,1,0,0,141,0,0,1,0,0
702043,83,0,0,0,130,1,0,0,1,0
702044,63,0,1,0,110,0,1,0,0,0
702045,62,1,0,0,100,1,1,0,0,1
702046,52,0,0,0,182,0,0,0,0,0
702047,70,1,0,1,109,1,0,1,0,0
702048,64,1,0,0,150,0,0,0,1,0
702049,83,0,0,0,176,0,1,1,0,0
702050,63,1,0,0,140,0,1,1,0,0
702051,73,0,1,1,118,1,1,0,0,0
702052,75,0,1,0,145,0,1,1,0,0
702053,81,1,0,0,178,0,1,1,0,0
702054,55,0,0,0,107,0,1,0,0,0
702055,80,0,0,0,109,0,0,1,0,0
702056,66,0,1,0,120,0,1,0,0,0
702057,65,0,1,0,156,0,1,1,0,0
702058,64,0,0,1,157,0,0,0,0,0
702059,63,1,0,0,118,0,0,0,0,0
702060,63,1,0,1,136,1,0,0,0,0
702061,46,0,0,0,159,0,0,1,0,0
702062,71,0,0,0,101,2,0,1,0,0
702063,67,1,1,1,130,1,0,1,0,0
702064,58,0,0,0,146,0,0,1,0,0
702065,66,1,0,0,154,0,1,0,0,0
702066,87,1,1,0,153,0,0,0,0,0
702067,70,1,0,1,94,1,1,0,0,0
702068,63,0,1,0,132,0,0,0,0,0
702069,81,0,0,0,118,0,1,1,0,1
702070,59,1,0,0,141,0,0,0,1,0
702071,65,0,0,0,146,0,0,0,0,0
702072,61,1,0,0,131,0,0,1,0,0
702073,64,1,0,0,141,0,0,0,0,0
702074,73,0,0,0,196,1,0,0,0,0
702075,71,1,0,1,186,0,0,1,0,0
702076,60,0,0,1,161,0,1,1,0,0
702077,65,0,0,0,136,0,0,1,0,0
702078,67,1,0,0,192,0,1,1,0,0
702079,63,1,0,1,116,0,1,0,0,0
702080,66,0,0,1,84,1,0,0,1,0
702081,60,1,1,0,129,0,0,0,0,0
702082,60,1,1,0,108,0,1,1,0,0
702083,67,0,1,0,69,0,0,1,0,0
702084,57,0,1,0,103,1,0,0,0,0
702085,70,1,1,0,123,0,1,0,0,0
702086,65,1,0,0,121,1,1,1,0,0
702087,58,0,0,0,144,1,1,0,0,1
702088,61,0,0,0,151,0,1,0,0,0
702089,62,0,0,0,151,0,1,1,0,0
702090,65,0,0,0,101,0,0,0,0,0
702091,67,0,1,0,154,0,0,1,0,0
702092,64,0,0,0,179,0,1,1,0,0
702093,59,0,1,0,127,0,0,0,0,0
702094,79,0,1,0,127,1,0,1,1,0
702095,74,0,1,0,147,0,1,0,0,0
702096,67,0,0,0,151,1,1,0,0,1
702097,75,0,0,0,135,1,1,1,0,0
702098,69,0,0,1,145,1,1,0,0,0
702099,64,1,1,1,107,0,0,1,0,0
702100,67,1,0,0,84,0,0,1,0,0
702101,90,0,0,1,117,1,1,1,0,0
702102,75,0,0,0,122,0,0,0,0,0
702103,75,0,1,0,131,0,1,1,0,0
702104,63,0,1,0,118,1,0,1,0,0
702105,72,1,0,0,107,0,0,0,0,0
702106,86,0,1,0,139,1,1,1,1,0
702107,70,1,1,1,147,1,0,1,0,0
702108,76,0,0,0,126,1,1,1,0,0
702109,77,0,0,1,122,0,1,0,0,0
702110,72,0,0,0,135,1,0,0,0,0
702111,80,0,0,0,118,0,1,1,0,0
702112,68,0,0,0,147,0,1,1,0,0
702113,71,1,0,0,118,0,1,0,0,0
702114,61,1,0,1,79,0,0,0,0,0
702115,89,1,0,0,184,0,1,0,1,0
702116,69,1,1,0,144,0,0,1,1,0
702117,67,1,0,0,159,1,0,1,0,0
702118,78,0,1,0,128,0,1,1,0,0
702119,62,1,0,0,129,0,0,1,0,0
702120,66,0,1,0,136,0,0,1,0,0
702121,59,1,1,0,137,0,1,1,0,0
702122,66,0,1,1,130,0,0,0,0,0
702123,63,1,0,0,110,1,1,1,0,0
702124,71,1,0,0,151,0,0,0,0,0
702125,65,1,0,0,136,0,1,0,0,0
702126,61,0,1,0,189,0,0,1,0,1
702127,64,0,1,1,111,0,0,1,0,0
702128,65,1,0,1,123,0,0,0,0,0
702129,62,0,1,1,132,0,0,1,1,0
702130,74,0,0,0,80,0,0,0,0,0
702131,72,0,0,0,110,1,1,1,0,0
702132,68,1,0,0,78,0,1,1,0,0
702133,56,0,0,0,116,0,1,1,0,0
702134,71,0,0,0,138,0,1,1,0,0
702135,55,0,1,0,137,0,0,1,0,0
702136,68,1,0,0,163,0,0,0,0,0
702137,67,0,0,0,140,0,1,1,0,0
702138,61,1,0,0,162,0,1,0,0,0
702139,59,0,0,0,149,0,0,0,0,0
702140,60,0,1,0,72,0,1,1,0,0
702141,84,1,1,0,138,2,0,0,0,0
702142,64,1,0,0,91,0,0,1,0,0
702143,64,1,0,0,152,0,1,1,0,0
702144,75,0,1,0,170,0,1,1,0,0
702145,70,0,0,0,172,1,1,0,1,0
702146,75,0,0,1,144,0,1,0,0,0
702147,56,0,0,1,135,0,0,0,0,0
702148,57,0,1,0,96,1,0,1,0,0
702149,90,0,0,0,155,2,1,0,0,0
702150,66,1,1,0,141,1,0,0,0,0
702151,64,0,0,1,127,0,1,0,0,0
702152,68,0,1,0,97,0,0,1,0,0
702153,75,0,0,0,96,0,0,1,0,0
702154,56,0,0,0,120,0,0,1,0,0
702155,69,1,0,0,157,0,1,1,0,0
702156,66,0,0,0,133,1,1,0,0,0
702157,72,1,0,0,109,0,1,0,0,0
702158,68,0,0,0,156,0,0,1,0,0
702159,62,0,0,0,164,0,1,1,0,0
702160,59,0,0,0,141,0,0,0,0,0
702161,45,0,1,0,127,0,1,1,0,1
702162,75,0,0,0,142,0,0,1,0,0
702163,53,1,0,0,130,0,1,0,0,0
702164,63,1,0,0,150,0,1,1,0,0
702165,81,1,0,0,103,1,0,0,0,0
702166,63,1,0,0,169,0,0,0,0,0
702167,72,1,1,1,135,0,0,0,0,0
702168,64,1,0,1,199,0,1,0,0,0
702169,72,1,1,1,75,0,0,0,0,0
702170,66,1,1,0,110,0,1,1,0,0
702171,62,0,1,0,92,1,1,1,0,0
702172,78,0,0,0,135,0,0,1,0,0
702173,64,1,0,1,145,0,0,0,0,1
702174,55,0,0,0,118,0,0,0,0,0
702175,63,0,1,1,139,0,0,0,1,0
702176,71,0,0,1,140,0,0,0,1,0
702177,57,0,0,0,112,0,1,1,0,0
702178,73,1,0,1,133,1,0,1,0,0
702179,73,0,0,0,101,0,0,0,1,0
702180,85,0,1,1,121,1,1,0,0,0
702181,61,0,1,0,118,0,0,1,1,0
702182,72,1,0,0,114,0,1,1,1,0
702183,52,0,0,1,103,0,1,1,0,0
702184,63,1,0,0,143,1,0,0,0,0
702185,67,0,0,0,133,0,0,1,0,1
702186,70,0,0,0,184,0,0,0,0,1
702187,66,1,0,0,74,0,0,0,0,0
702188,65,0,0,1,131,1,0,1,1,0
702189,61,1,0,0,136,0,1,1,0,0
702190,62,0,0,0,149,1,0,1,0,0
702191,69,0,0,0,141,0,0,1,0,0
702192,71,1,1,0,199,1,1,0,1,0
702193,72,0,0,0,113,0,0,1,0,0
702194,75,1,0,0,88,0,1,0,0,0
702195,77,1,0,1,149,0,1,1,1,0
702196,51,0,0,0,110,0,0,1,0,0
702197,62,0,0,0,138,2,0,1,1,0
702198,65,1,0,0,125,2,0,1,1,0
702199,61,0,0,0,192,2,0,0,0,0
702200,75,0,0,0,106,0,0,0,0,0
702201,73,0,0,1,179,0,0,0,0,1
702202,65,1,1,0,146,2,0,0,0,0
702203,67,0,0,1,139,1,1,1,0,0
702204,77,0,1,1,137,1,1,1,0,0
702205,63,1,0,0,105,0,0,1,0,0
702206,64,0,1,0,135,1,1,1,0,0
702207,74,0,0,0,138,2,1,1,0,0
702208,70,1,0,0,124,1,0,0,0,0
702209,78,1,1,0,99,1,0,0,0,0
702210,69,0,0,0,119,0,1,0,0,0
702211,73,0,1,0,127,0,1,0,0,0
702212,62,0,1,1,129,1,1,1,0,1
702213,58,0,0,0,94,1,0,0,0,0
702214,66,0,0,1,138,0,0,0,0,0
702215,43,0,0,1,166,0,1,0,0,0
702216,70,1,1,0,129,0,1,0,1,0
702217,75,1,0,0,174,0,1,0,0,0
702218,67,1,0,0,142,0,1,1,0,0
702219,64,1,0,1,121,0,0,0,0,0
702220,76,0,0,0,105,1,1,1,0,0
702221,66,1,0,0,100,0,1,1,0,0
702222,75,0,0,0,114,2,0,0,1,0
702223,85,1,1,1,128,1,1,1,1,0
702224,72,1,0,1,104,0,1,1,0,0
702225,74,0,1,0,126,2,1,1,0,0
702226,70,1,0,0,183,0,1,1,0,0
702227,68,1,0,0,79,0,0,0,0,0
702228,69,1,0,0,141,0,0,0,0,0
702229,67,1,1,0,138,1,0,0,0,0
702230,76,1,0,0,144,0,0,0,0,0
702231,52,0,0,0,143,0,0,1,0,0
702232,64,1,0,0,133,1,1,0,0,0
702233,72,1,1,0,124,0,1,0,1,0
702234,59,1,0,0,128,0,0,0,0,0
702235,65,0,0,0,109,0,1,0,0,0
702236,60,1,0,0,114,0,0,0,0,0
702237,70,1,0,1,136,0,0,0,0,0
702238,74,0,1,1,136,0,1,0,0,0
702239,79,1,0,0,139,0,1,1,0,0
702240,71,0,0,1,114,1,0,1,0,1
702241,60,0,1,0,100,0,0,1,0,0
702242,68,0,0,0,193,0,0,0,0,0
702243,71,1,1,0,148,0,1,1,0,0
702244,78,1,0,0,159,0,1,1,0,0
702245,48,0,0,0,141,0,0,0,0,0
702246,69,0,0,1,155,1,1,0,0,0
702247,51,1,0,1,163,0,1,0,0,0
702248,72,1,0,0,173,0,1,1,0,0
702249,70,1,1,0,133,0,0,0,0,0
702250,71,0,0,0,149,0,0,1,1,0
702251,74,1,1,1,158,0,1,1,0,0
702252,70,1,0,0,91,1,0,0,0,0
702253,61,0,0,0,135,0,1,1,0,0
702254,69,1,0,1,145,0,1,1,0,0
702255,77,0,0,0,109,1,1,1,0,0
702256,65,1,1,0,118,1,0,0,0,0
702257,66,1,1,0,166,0,1,1,0,0
702258,56,0,0,0,147,0,0,0,0,0
702259,76,1,0,0,133,0,1,0,0,0
702260,62,1,1,1,120,1,0,1,1,0
702261,60,1,1,0,140,1,0,0,0,0
702262,62,1,1,0,228,1,0,0,0,0
702263,59,0,0,0,138,2,0,0,1,0
702264,64,0,0,1,107,0,0,0,0,0
702265,77,1,1,0,89,1,0,1,0,0
702266,73,1,0,1,165,0,1,1,0,0
702267,78,0,0,1,149,0,0,0,1,1
702268,79,1,0,0,109,1,0,1,0,0
702269,59,1,0,0,174,1,1,0,0,0
702270,70,1,1,0,171,0,0,0,0,0
702271,79,1,0,0,114,0,1,1,0,0
702272,86,1,0,1,115,0,0,0,0,1
702273,54,0,0,0,146,1,0,0,0,0
702274,54,0,0,0,134,1,0,1,0,0
702275,70,1,0,0,149,0,1,0,0,0
702276,63,0,0,0,165,0,0,0,0,0
702277,58,1,0,0,118,0,1,0,0,0
702278,70,1,0,1,143,0,0,0,0,0
702279,59,1,1,1,98,0,1,1,0,0
702280,47,1,1,1,153,1,1,0,0,0
702281,66,0,1,0,165,0,0,1,0,0
702282,67,0,0,0,60,0,0,1,0,0
702283,72,0,0,0,101,1,1,1,1,0
702284,74,0,1,0,144,1,0,1,0,0
702285,68,0,1,1,90,0,0,0,0,0
702286,64,0,1,0,136,0,1,1,0,0
702287,60,1,0,0,151,1,0,1,0,0
702288,52,1,0,0,138,0,1,0,0,0
702289,62,1,0,0,154,0,0,0,0,0
702290,75,1,0,0,132,1,0,0,0,0
702291,72,0,1,0,165,0,0,0,1,0
702292,84,0,0,1,126,0,1,1,0,0
702293,65,1,0,0,121,0,0,1,0,0
702294,51,0,0,0,108,1,0,1,0,0
702295,73,0,0,0,85,0,1,1,0,0
702296,75,1,0,0,131,0,0,1,0,1
702297,56,0,1,0,135,1,1,0,0,0
702298,52,1,0,0,129,0,1,1,0,0
702299,68,0,0,0,107,0,0,1,0,0
702300,72,0,0,0,122,1,1,0,0,0
702301,57,0,0,0,162,1,1,0,0,0
702302,63,1,0,0,140,0,1,0,0,0
702303,60,0,0,0,168,1,0,1,0,0
702304,56,0,1,0,147,1,1,0,0,0
702305,55,0,0,0,122,1,1,0,0,0
702306,67,0,0,0,196,0,0,1,0,0
702307,63,1,0,1,109,0,0,0,0,0
702308,60,0,0,1,88,0,1,0,0,0
702309,44,1,1,0,117,1,0,1,0,0
702310,81,0,1,1,141,2,1,0,1,0
702311,58,1,1,0,156,1,0,0,1,0
702312,65,0,0,0,142,0,0,0,1,0
702313,56,0,0,0,119,0,0,0,0,0
702314,69,1,1,0,174,0,0,1,0,0
702315,53,1,0,0,145,1,1,0,0,0
702316,67,1,0,0,140,0,1,1,0,0
702317,65,1,0,0,121,0,1,0,0,0
702318,74,0,0,0,183,0,1,0,0,0
702319,57,0,0,1,171,0,1,1,0,0
702320,61,1,0,0,111,0,0,0,0,0
702321,64,0,0,0,169,1,0,1,0,0
702322,84,0,0,0,143,1,0,0,0,0
702323,53,0,0,0,128,1,0,0,0,0
702324,69,0,0,0,168,1,1,1,0,0
702325,60,0,1,0,118,1,0,1,0,0
702326,69,0,0,0,138,0,1,1,0,0
702327,72,1,1,0,171,0,0,1,0,0
702328,67,0,0,1,141,0,1,1,0,0
702329,68,0,0,0,97,1,0,1,0,0
702330,69,1,0,0,117,0,1,1,0,0
702331,61,1,1,0,142,0,1,1,0,0
702332,64,0,1,1,116,1,0,0,0,0
702333,52,0,0,0,136,0,0,1,0,1
702334,63,1,0,0,155,2,0,0,0,1
702335,59,0,0,0,120,0,1,1,0,0
702336,64,0,0,1,101,0,0,0,1,0
702337,72,0,1,0,145,0,0,0,0,0
702338,69,1,0,1,182,1,1,1,1,0
702339,70,1,0,0,132,0,1,1,0,0
702340,76,1,0,0,148,0,1,1,0,0
702341,46,0,0,0,151,0,0,1,0,0
702342,70,0,0,0,145,0,1,1,0,0
702343,66,1,1,0,101,0,0,1,0,0
702344,65,1,1,0,149,1,1,1,0,0
702345,55,1,0,0,152,1,0,0,0,1
702346,71,1,0,1,114,1,0,0,0,0
702347,76,1,1,0,148,0,0,0,1,0
702348,75,0,0,0,114,0,0,1,0,0
702349,65,0,1,0,106,0,0,1,0,0
702350,72,1,0,0,112,0,1,0,0,0
702351,74,1,1,1,167,0,0,0,1,0
702352,82,0,1,0,161,0,0,1,0,0
702353,77,1,1,1,141,0,0,0,1,0
702354,67,1,0,0,182,1,0,0,1,0
702355,67,0,1,0,115,0,0,0,0,0
702356,67,0,0,0,161,0,1,1,0,0
702357,68,1,0,0,123,0,1,1,0,0
702358,62,1,0,0,78,0,1,1,0,0
702359,73,1,1,0,159,1,0,0,1,0
702360,60,0,0,0,144,0,0,0,0,0
702361,59,0,0,0,96,0,0,0,0,0
702362,69,1,0,0,125,1,1,1,0,0
702363,61,1,0,0,149,1,0,1,0,0
702364,64,0,0,0,126,0,0,0,0,0
702365,48,0,1,0,157,0,1,1,0,0
702366,73,1,0,0,93,0,1,1,0,0
702367,66,1,0,1,197,0,1,1,0,0
702368,65,0,0,0,132,0,1,0,0,0
702369,70,0,1,0,115,0,1,0,0,0
702370,68,1,0,0,121,0,1,0,0,0
702371,60,0,0,0,117,0,0,0,0,0
702372,83,0,0,0,90,0,0,0,0,1
702373,62,0,1,0,104,0,1,1,0,0
702374,74,0,0,1,140,0,1,1,0,0
702375,82,1,1,0,158,0,1,1,0,0
702376,61,0,0,0,102,0,0,0,0,0
702377,67,1,0,0,146,0,1,1,0,0
702378,59,0,0,0,124,0,0,1,0,0
702379,75,1,1,0,198,0,0,1,0,0
702380,63,0,0,0,153,0,0,1,0,0
702381,57,1,0,0,157,0,1,1,0,0
702382,77,1,0,0,145,0,0,1,0,0
702383,74,0,0,0,149,0,1,1,0,0
702384,58,1,0,1,129,0,0,0,0,0
702385,76,0,1,0,113,2,0,0,0,0
702386,68,0,1,0,182,0,0,1,0,0
702387,89,0,0,0,175,1,1,1,1,0
702388,81,0,0,0,166,1,0,1,0,0
702389,61,0,0,1,106,0,0,1,0,0
702390,64,0,0,0,135,0,0,0,0,0
702391,58,0,0,0,155,1,0,0,1,0
702392,67,0,0,0,138,0,0,0,0,0
702393,66,0,0,0,86,0,1,1,0,0
702394,72,0,0,0,135,2,1,0,0,0
702395,67,0,0,1,98,1,1,0,0,0
702396,53,1,0,0,104,0,0,1,0,0
702397,59,0,1,1,151,1,1,0,0,0
702398,78,0,0,0,60,0,1,0,0,0
702399,76,0,1,0,167,0,0,0,0,0
702400,65,1,0,0,106,0,1,1,0,0
702401,65,0,0,0,121,1,0,0,0,0
702402,65,1,1,0,130,0,1,1,0,0
702403,66,0,0,0,124,1,0,1,0,1
702404,52,0,0,1,128,0,0,1,0,0
702405,74,1,1,0,113,0,1,0,0,0
702406,60,0,1,1,139,0,1,0,0,0
702407,67,0,0,1,104,1,0,0,1,0
702408,44,1,0,1,132,0,1,0,0,0
702409,68,0,0,0,135,0,1,0,0,0
702410,77,0,0,0,128,1,1,0,0,0
702411,47,0,0,1,169,0,0,1,0,0
702412,79,1,0,0,130,0,0,0,0,0
702413,70,0,0,0,119,0,1,1,0,0
702414,60,1,1,1,195,0,1,1,0,0
702415,52,1,0,1,176,0,0,0,0,0
702416,76,0,0,1,151,2,1,0,0,0
702417,68,1,0,1,127,0,0,0,0,0
702418,71,0,0,0,178,0,1,1,0,0
702419,64,0,1,0,145,1,0,0,0,0
702420,59,0,0,0,131,0,0,0,0,0
702421,73,1,0,0,131,0,1,0,0,0
702422,58,1,0,1,161,0,0,1,0,1
702423,74,1,1,0,144,0,1,1,0,0
702424,52,0,0,1,118,0,0,1,0,0
702425,58,0,0,0,75,0,1,1,0,0
702426,54,0,0,1,157,0,0,0,0,1
702427,77,1,1,0,137,2,0,1,0,0
702428,51,0,0,0,159,0,0,1,0,0
702429,56,0,1,0,142,0,0,1,0,1
702430,72,0,1,0,163,0,0,0,1,0
702431,68,0,1,1,150,0,0,0,0,0
702432,85,1,1,0,134,0,1,0,0,0
702433,82,1,0,0,130,1,0,0,1,0
702434,71,0,0,0,82,0,1,1,0,0
702435,72,0,1,0,92,1,0,1,0,0
702436,50,1,0,0,193,0,0,1,0,0
702437,58,0,1,0,111,1,1,1,0,0
702438,63,0,0,0,116,0,1,1,0,0
702439,64,0,0,0,193,0,1,1,0,0
702440,54,1,0,0,143,0,1,0,0,0
702441,58,1,0,0,79,0,1,1,0,0
702442,59,0,0,0,63,0,1,1,0,0
702443,75,0,1,0,87,0,0,1,0,0
702444,70,1,0,0,123,0,0,1,0,0
702445,63,1,0,0,158,0,0,1,0,0
702446,64,0,0,0,147,0,1,1,0,0
702447,69,0,0,0,120,1,1,0,0,0
702448,60,0,0,1,158,1,0,0,0,0
702449,64,1,1,0,95,0,1,0,0,0
702450,51,0,0,1,124,0,0,0,0,0
702451,72,0,1,0,166,0,1,0,0,0
702452,74,0,0,0,212,0,0,1,0,0
702453,69,0,1,0,115,0,0,1,0,0
702454,70,1,0,0,105,0,1,1,0,0
702455,69,0,0,0,141,2,1,1,0,0
702456,84,1,0,0,142,0,1,1,0,0
702457,68,0,0,0,157,0,1,1,0,0
702458,55,0,1,0,151,0,1,0,0,0
702459,57,0,0,0,181,1,0,1,0,0
702460,72,1,0,1,189,0,1,1,0,0
702461,75,1,0,0,155,0,1,1,1,0
702462,73,0,0,1,108,2,0,1,1,0
702463,73,0,0,0,128,0,1,1,0,0
702464,68,0,0,1,141,1,0,1,0,0
702465,53,0,0,0,130,0,0,0,0,0
702466,60,0,0,0,170,1,0,1,0,0
702467,50,1,0,0,155,0,0,0,0,0
702468,63,1,1,0,144,2,1,0,0,0
702469,54,0,1,1,137,2,0,0,1,0
702470,67,0,0,0,163,0,1,0,0,0
702471,65,1,1,0,115,0,1,1,0,0
702472,49,0,0,0,102,0,0,0,0,0
702473,72,0,0,0,123,1,1,1,0,0
702474,73,1,0,0,107,1,0,0,1,0
702475,54,1,1,1,121,1,0,1,0,0
702476,67,0,0,0,66,0,0,0,0,0
702477,72,0,1,0,134,0,0,0,0,0
702478,63,1,0,1,116,0,0,0,1,0
702479,73,1,0,0,156,0,1,0,0,0
702480,68,1,0,0,163,0,0,1,0,0
702481,75,1,0,0,152,0,0,1,0,0
702482,68,1,0,0,91,0,0,0,0,0
702483,65,1,0,0,141,0,0,0,0,0
702484,70,1,0,1,144,2,1,1,0,0
702485,73,0,0,0,104,0,1,1,0,0
702486,68,1,0,0,149,0,1,1,0,0
702487,62,1,0,1,112,0,0,0,0,0
702488,59,1,0,0,93,0,0,0,0,0
702489,63,1,0,0,147,0,0,1,0,0
702490,61,0,1,0,121,0,1,1,0,0
702491,68,1,0,0,195,1,0,1,0,0
702492,67,0,0,0,141,0,1,0,0,0
702493,65,0,0,0,121,0,0,1,0,0
702494,66,0,0,1,140,0,1,1,0,0
702495,67,1,0,0,136,1,1,1,0,0
702496,79,0,1,0,131,1,0,1,0,0
702497,76,0,0,0,110,0,0,0,0,0
702498,61,0,0,0,113,0,0,1,0,0
702499,70,0,0,0,179,1,1,0,0,0
702500,63,0,1,0,113,0,0,0,1,0
702501,65,0,0,0,182,1,0,0,0,0
702502,64,0,0,1,113,0,1,0,0,0
702503,60,0,1,0,158,0,1,1,0,0
702504,54,1,1,1,136,0,0,1,0,0
702505,45,1,0,1,175,0,0,0,0,0
702506,68,0,1,0,139,0,0,1,1,0
702507,76,1,0,0,137,0,1,0,0,0
702508,58,0,0,0,121,0,1,1,0,0
702509,70,1,0,0,142,0,1,1,0,0
702510,63,0,0,0,153,1,0,0,1,1
702511,68,1,0,0,161,0,0,1,0,0
702512,59,0,0,0,130,0,0,0,0,0
702513,64,1,1,0,135,0,1,1,0,0
702514,65,1,1,0,132,3,0,0,1,0
702515,45,1,0,0,78,0,0,1,0,0
702516,68,0,1,1,142,0,0,1,0,0
702517,65,0,0,1,101,1,0,0,1,0
702518,44,1,0,0,136,0,1,1,0,0
702519,71,1,0,0,119,0,1,1,0,0
702520,66,0,0,1,121,0,1,0,0,0
702521,68,0,1,0,133,0,0,0,1,0
702522,69,0,1,0,100,0,0,1,0,0
702523,62,1,0,1,136,0,0,0,0,0
702524,56,0,0,0,180,0,1,0,0,0
702525,62,1,0,0,180,0,0,0,1,0
702526,62,1,0,0,186,0,1,0,0,0
702527,85,0,0,0,169,0,1,0,0,0
702528,82,1,0,0,148,1,0,0,1,0
702529,62,1,1,0,191,0,1,1,0,0
702530,62,0,1,0,135,0,1,1,0,0
702531,69,0,0,1,162,0,0,0,0,0
702532,71,0,0,0,153,1,1,1,0,0
702533,60,1,0,0,142,0,0,0,0,0
702534,57,1,0,0,113,2,0,0,0,0
702535,83,1,0,0,145,0,1,0,0,0
702536,75,0,0,1,189,0,1,0,0,0
702537,52,1,0,0,146,1,0,1,0,0
702538,50,0,0,0,128,0,1,1,0,0
702539,59,1,0,0,143,1,0,0,0,0
702540,68,1,0,0,126,0,0,1,0,0
702541,71,1,0,0,135,0,0,0,0,0
702542,63,0,0,0,114,0,0,0,0,1
702543,52,0,0,1,158,1,0,0,0,0
702544,68,0,0,0,127,1,0,0,0,1
702545,71,1,1,0,132,2,1,1,0,0
702546,66,0,0,0,135,1,1,1,0,0
702547,61,1,0,0,92,0,0,0,0,0
702548,71,0,0,1,177,1,0,0,1,0
702549,65,1,0,1,185,0,1,1,0,0
702550,56,1,0,0,118,1,0,0,1,0
702551,67,1,0,0,209,0,1,0,0,0
702552,54,1,1,0,139,0,0,1,0,0
702553,74,1,1,1,124,0,0,0,1,1
702554,70,0,1,0,145,0,1,1,0,0
702555,57,0,0,0,149,0,1,1,0,0
702556,68,1,0,0,121,1,0,1,0,0
702557,77,1,0,0,148,0,1,1,0,0
702558,47,0,0,0,100,0,1,0,0,0
702559,65,0,0,0,158,0,1,0,0,0
702560,80,0,0,1,119,1,0,1,0,0
702561,52,1,0,0,95,0,0,0,0,0
702562,64,0,0,0,135,0,0,0,0,0
702563,53,1,0,0,101,2,0,0,0,0
702564,65,0,0,0,162,0,1,0,0,0
702565,45,1,0,0,179,0,0,1,0,0
702566,52,1,0,0,104,0,1,0,0,0
702567,61,1,0,0,122,0,0,1,0,0
702568,67,0,0,0,103,0,1,1,0,0
702569,69,1,1,0,102,1,1,1,0,0
702570,69,0,0,0,110,0,1,1,0,0
702571,76,0,0,0,133,1,1,1,0,0
702572,72,0,0,1,95,0,1,1,0,0
702573,72,0,1,0,158,0,1,0,0,0
702574,57,1,0,1,198,1,1,0,0,0
702575,64,1,0,0,108,1,1,1,0,0
702576,90,0,0,0,136,1,1,0,0,1
702577,86,0,0,0,120,0,1,1,0,0
702578,73,0,1,1,64,3,0,0,1,1
702579,72,0,1,0,80,1,1,1,1,0
702580,74,0,0,0,185,0,1,0,0,0
702581,62,0,0,0,134,0,0,0,0,0
702582,83,1,1,0,181,1,1,1,0,0
702583,62,0,0,0,138,1,1,0,0,0
702584,65,0,0,0,160,0,0,1,0,0
702585,85,1,1,0,167,1,1,1,0,0
702586,47,0,1,0,122,0,1,0,0,0
702587,69,1,0,0,175,0,1,0,0,0
702588,51,1,0,0,173,0,1,1,0,0
702589,60,0,0,0,128,0,0,1,0,0
702590,65,0,0,1,138,0,0,0,0,0
702591,63,0,1,0,104,0,1,0,1,0
702592,67,1,1,0,181,0,0,1,1,0
702593,59,1,1,0,110,1,1,1,0,1
702594,65,1,0,1,138,0,1,1,0,0
702595,55,0,0,0,121,0,0,0,0,0
702596,62,0,0,0,124,0,0,0,0,0
702597,53,1,0,0,163,0,0,0,1,0
702598,72,1,0,1,141,0,1,1,0,0
702599,54,0,0,0,169,0,0,0,0,0
702600,72,0,1,0,136,1,1,1,0,0
702601,62,1,0,1,168,0,1,1,0,0
702602,63,0,1,0,106,1,0,1,0,1
702603,76,1,1,1,116,0,1,0,0,0
702604,67,1,0,0,60,0,0,1,0,0
702605,49,1,0,0,170,0,0,1,0,0
702606,70,1,1,0,165,0,1,0,0,0
702607,40,0,0,0,98,0,0,0,0,0
702608,68,0,0,1,109,0,0,0,0,0
702609,62,0,0,1,133,1,1,0,0,0
702610,53,1,0,0,106,0,1,1,0,0
702611,66,0,0,1,173,0,0,0,0,0
702612,63,0,0,0,185,0,0,1,0,0
702613,84,0,0,0,143,1,1,1,0,0
702614,62,0,0,0,145,1,0,0,0,0
702615,83,0,0,1,129,1,1,0,0,0
702616,78,0,1,0,98,1,1,0,0,1
702617,60,0,1,0,92,0,0,1,0,0
702618,58,0,0,1,115,1,0,1,0,0
702619,77,0,0,0,132,0,0,0,0,0
702620,65,0,0,0,169,1,0,0,0,0
702621,67,1,0,1,116,0,0,0,0,0
702622,63,0,0,0,147,0,0,1,0,0
702623,55,0,1,0,191,0,0,1,0,0
702624,62,0,0,0,189,0,0,1,0,1
702625,57,1,1,1,165,1,0,0,0,0
702626,52,0,0,1,163,0,1,1,0,0
702627,63,0,0,0,68,0,0,0,0,0
702628,82,0,0,0,123,1,1,1,0,0
702629,80,1,1,1,144,1,0,1,0,0
702630,65,0,0,0,136,0,0,1,1,0
702631,67,1,0,0,158,0,1,1,0,0
702632,70,1,0,0,165,1,1,1,0,0
702633,78,1,0,0,151,0,1,1,0,0
702634,69,0,0,0,107,0,1,1,0,0
702635,61,0,1,0,123,0,0,0,0,0
702636,62,1,0,0,109,0,1,1,0,0
702637,76,1,0,0,167,0,0,0,0,1
702638,89,1,1,0,147,0,0,1,0,0
702639,60,1,1,0,172,0,1,1,0,0
702640,47,1,0,0,140,0,1,0,0,0
702641,73,0,0,0,106,0,1,1,0,0
702642,65,1,0,0,132,0,0,0,0,0
702643,67,0,0,0,108,0,0,1,0,0
702644,77,1,1,0,95,0,1,0,0,0
702645,66,1,0,0,90,0,1,1,0,0
702646,54,1,0,0,162,0,0,0,0,0
702647,48,0,0,0,127,0,0,1,0,1
702648,65,0,0,0,105,0,1,1,0,0
702649,55,1,0,0,118,1,0,1,0,0
702650,68,1,0,0,134,0,0,1,0,0
702651,54,1,0,0,130,0,0,1,0,0
702652,63,1,0,1,126,0,1,0,0,0
702653,53,1,0,0,119,2,1,1,0,0
702654,62,1,1,0,157,1,1,1,0,0
702655,62,0,0,1,124,1,1,0,1,0
702656,71,1,0,0,186,3,1,1,0,0
702657,78,0,0,1,110,0,1,1,0,0
702658,64,1,1,0,60,0,1,1,0,1
702659,58,0,0,1,110,0,0,0,0,0
702660,83,0,1,1,150,0,1,1,0,0
702661,69,0,0,0,144,1,1,0,0,0
702662,71,0,1,1,154,0,1,0,0,0
702663,71,1,0,0,157,0,1,1,0,0
702664,79,1,0,0,185,0,1,0,0,0
702665,75,1,0,0,120,1,0,1,0,0
702666,72,1,0,0,167,0,1,1,0,0
702667,73,0,0,1,141,0,1,0,1,0
702668,58,1,1,0,130,0,1,1,0,0
702669,60,1,0,1,181,0,0,0,0,0
702670,65,1,0,0,178,0,1,0,0,0
702671,67,0,0,1,92,0,0,0,0,0
702672,66,0,1,0,163,2,0,1,0,0
702673,69,1,0,0,160,0,0,1,0,0
702674,66,0,0,0,101,1,0,0,0,0
702675,62,0,0,0,115,0,1,1,0,0
702676,51,0,0,0,130,0,1,1,0,0
702677,73,0,1,1,131,0,1,1,0,0
702678,71,0,1,1,165,0,1,1,0,0
702679,58,0,0,0,170,0,0,1,1,0
702680,70,0,1,0,99,0,0,0,0,0
702681,69,1,1,1,60,0,0,0,0,0
702682,66,1,0,0,112,0,0,0,0,0
702683,49,0,1,0,146,2,0,0,0,0
702684,55,1,1,0,145,0,0,0,0,0
702685,60,1,0,0,175,1,0,0,0,0
702686,80,1,0,0,173,0,1,0,0,0
702687,58,1,0,1,170,0,0,0,0,0
702688,63,1,1,0,105,0,0,1,0,0
702689,56,1,0,0,176,0,0,1,0,0
702690,61,0,0,0,111,1,0,1,0,0
702691,69,1,0,1,184,0,0,0,0,0
702692,47,0,0,0,165,0,0,0,0,0
702693,40,1,0,0,153,0,0,1,0,0
702694,72,1,0,0,158,1,1,1,0,0
702695,66,0,0,0,154,0,0,0,1,0
702696,60,0,0,0,133,0,1,1,0,0
702697,74,0,1,1,99,0,1,1,0,0
702698,74,0,0,0,162,0,0,1,0,1
702699,47,0,0,1,153,0,0,1,0,0
702700,64,1,0,0,154,0,0,1,0,0
702701,76,0,0,1,129,0,0,1,0,0
702702,60,1,0,1,164,1,0,0,0,0
702703,63,1,0,0,120,2,0,1,0,0
702704,74,0,0,0,100,0,0,1,0,0
702705,63,1,0,0,168,2,1,1,0,0
702706,55,1,0,0,130,0,1,1,0,0
702707,60,1,0,1,119,1,0,0,0,0
702708,54,0,0,1,124,0,1,0,0,0
702709,71,0,0,0,181,1,0,1,0,0
702710,50,0,0,1,147,1,0,1,0,0
702711,75,1,1,1,124,0,0,1,0,0
702712,51,1,0,0,108,0,0,0,0,0
702713,66,1,0,0,113,0,1,1,0,0
702714,53,1,0,0,133,0,1,0,0,1
702715,63,0,0,0,95,0,1,1,0,0
702716,75,0,0,1,127,1,1,0,0,0
702717,76,0,0,0,127,0,0,1,0,0
702718,77,0,0,1,102,0,0,0,0,0
702719,65,0,0,0,125,0,0,0,0,0
702720,67,0,1,0,111,1,1,0,0,0
702721,68,1,0,0,139,0,0,0,0,0
702722,71,0,0,0,180,1,0,0,1,0
702723,62,1,0,1,187,1,1,1,0,0
702724,76,0,0,0,107,1,1,1,0,0
702725,69,0,0,1,132,0,0,0,0,0
702726,76,0,0,0,152,0,1,1,0,0
702727,70,0,0,0,126,0,1,1,0,0
702728,72,0,0,0,94,1,1,0,0,0
702729,59,0,0,0,116,0,1,0,0,0
702730,62,0,0,0,109,0,0,0,0,0
702731,54,0,0,0,104,0,0,0,0,0
702732,63,0,0,1,140,0,0,0,0,0
702733,64,0,0,1,134,2,0,0,1,0
702734,73,0,0,0,111,3,0,0,0,0
702735,54,0,0,0,180,0,0,0,0,0
702736,90,0,0,0,129,0,0,1,0,1
702737,65,0,1,1,183,0,0,1,1,0
702738,77,0,1,0,126,1,0,0,0,0
702739,75,0,0,0,142,0,1,1,0,1
702740,43,1,0,0,125,0,0,0,0,0
702741,63,0,0,0,128,2,0,0,0,0
702742,79,1,0,0,107,0,0,0,0,0
702743,44,0,0,0,99,1,0,0,0,0
702744,73,0,0,0,108,1,1,0,0,0
702745,58,1,0,1,155,0,0,0,0,0
702746,62,0,0,0,158,0,0,0,0,0
702747,68,0,0,1,159,0,0,0,1,0
702748,49,0,0,0,98,0,0,0,0,0
702749,68,1,1,0,176,0,0,0,0,0
702750,60,0,0,0,147,0,0,1,0,0
702751,59,0,1,0,108,0,0,1,0,0
702752,72,1,0,0,127,0,0,1,0,0
702753,90,0,0,0,131,0,1,0,1,0
702754,69,1,0,0,141,1,0,0,0,0
702755,71,1,1,0,78,0,0,0,1,1
702756,65,1,1,1,92,2,1,0,0,0
702757,59,1,1,1,152,0,0,1,0,0
702758,68,1,0,0,149,0,0,0,0,0
702759,79,0,1,0,108,1,1,1,0,0
702760,67,0,0,1,132,0,0,0,0,0
702761,74,0,1,0,160,1,0,1,0,0
702762,64,0,0,1,136,1,0,1,0,0
702763,88,0,0,1,126,1,1,1,0,0
702764,51,0,0,0,86,0,0,0,0,0
702765,71,0,0,1,103,0,1,0,0,0
702766,71,0,0,0,147,0,0,0,0,0
702767,68,0,0,1,135,0,1,0,0,0
702768,56,1,0,0,146,1,0,0,0,0
702769,55,0,0,0,104,0,1,1,0,0
702770,64,0,0,0,66,1,0,0,0,0
702771,67,1,0,1,116,1,1,1,0,0
702772,55,1,0,0,121,0,1,1,0,0
702773,56,1,0,0,126,0,0,1,0,0
702774,71,0,0,0,173,0,0,1,0,0
702775,75,0,0,0,171,0,1,1,0,1
702776,61,0,0,0,143,0,0,1,0,0
702777,59,1,0,1,136,0,1,0,0,0
702778,59,0,0,1,143,0,1,1,0,0
702779,88,1,1,0,129,0,1,1,0,0
702780,70,0,1,0,165,0,0,1,0,0
702781,65,0,0,1,89,1,1,1,0,0
702782,75,1,0,0,157,2,1,0,0,0
702783,86,0,0,0,144,2,0,0,0,0
702784,76,1,0,0,126,0,1,0,0,0
702785,53,1,1,1,90,0,0,1,0,0
702786,65,0,0,0,143,0,0,1,0,0
702787,62,0,0,0,103,0,1,0,0,0
702788,63,0,0,0,100,0,0,1,0,0
702789,55,0,0,0,130,0,0,1,0,0
702790,62,1,0,0,128,0,1,1,0,0
702791,56,0,0,0,133,0,0,1,0,0
702792,69,1,0,0,113,0,0,1,0,0
702793,66,0,0,1,132,0,0,1,0,0
702794,53,0,1,0,182,0,1,0,0,0
702795,50,1,0,0,133,1,1,0,0,0
702796,61,0,0,0,108,0,0,0,0,0
702797,72,1,0,0,111,1,1,1,1,0
702798,70,0,0,0,116,0,0,1,0,0
702799,65,1,0,1,175,1,0,0,0,0
702800,40,1,0,0,148,0,1,1,0,0
702801,61,1,0,0,174,0,1,1,0,0
702802,59,1,0,0,145,0,1,1,0,0
702803,63,0,1,0,181,0,0,0,0,0
702804,55,0,0,1,84,0,0,1,0,0
702805,62,0,0,0,89,1,1,1,0,0
702806,60,0,0,0,140,0,0,0,0,0
702807,90,1,0,0,148,0,0,0,0,0
702808,72,0,1,1,101,1,1,0,1,0
702809,64,1,0,0,123,0,0,1,0,0
702810,65,0,0,1,120,0,1,0,0,1
702811,65,1,0,0,152,1,0,0,0,0
702812,67,0,1,0,110,0,0,0,0,0
702813,62,0,1,0,103,0,0,1,0,1
702814,65,1,0,0,117,0,0,0,0,0
702815,75,1,0,0,110,0,1,0,0,0
702816,73,0,0,0,137,0,0,1,0,0
702817,68,0,0,0,132,1,0,1,0,0
702818,78,0,0,0,157,0,1,0,0,0
702819,68,1,0,0,117,0,0,0,0,0
702820,57,0,0,0,123,0,1,0,0,0
702821,50,0,1,1,109,0,0,0,0,0
702822,59,1,0,0,193,0,1,1,0,0
702823,65,1,1,0,112,0,1,0,0,0
702824,69,1,1,0,151,0,1,1,0,0
702825,75,0,0,0,149,1,0,1,0,0
702826,60,0,1,0,105,0,0,1,0,0
702827,58,1,0,1,156,0,0,0,0,0
702828,73,1,0,0,146,0,1,0,0,1
702829,76,1,0,0,113,0,1,1,0,0
702830,61,1,0,0,91,0,0,1,0,0
702831,69,1,0,0,123,0,0,0,0,0
702832,78,0,0,0,119,0,1,1,0,0
702833,69,0,0,0,105,3,0,0,1,0
702834,65,0,1,1,109,0,0,0,0,0
702835,47,1,1,0,147,0,1,0,0,0
702836,78,0,0,1,112,1,1,0,0,0
702837,71,0,0,0,103,0,1,1,0,0
702838,67,0,0,1,137,0,0,1,0,0
702839,61,0,0,0,171,0,1,0,1,0
702840,54,0,0,0,104,0,1,0,0,1
702841,65,0,0,0,101,0,0,1,0,0
702842,65,0,0,0,171,1,0,0,0,0
702843,76,1,0,0,75,0,1,0,0,0
702844,55,0,1,0,125,1,0,1,0,0
702845,79,0,0,0,170,0,1,0,0,0
702846,66,1,0,0,130,0,1,0,0,0
702847,76,1,0,0,116,1,1,1,0,0
702848,57,0,0,0,134,0,0,1,0,0
702849,69,1,0,0,152,0,1,1,0,1
702850,77,0,1,0,113,0,0,1,0,0
702851,67,1,0,0,133,1,1,1,0,0
702852,52,1,0,0,119,0,1,0,0,0
702853,63,0,1,0,146,0,1,0,0,0
702854,70,0,1,0,141,0,1,1,1,0
702855,53,1,0,0,115,0,0,0,0,0
702856,53,1,0,0,131,0,0,0,0,0
702857,68,1,0,0,139,0,0,1,0,0
702858,57,0,0,0,169,0,1,1,0,0
702859,72,1,0,0,133,0,1,1,0,0
702860,55,0,0,0,111,0,0,1,0,0
702861,49,1,1,0,137,0,0,1,0,0
702862,59,0,0,1,191,0,0,1,0,0
702863,79,1,0,1,170,0,0,1,1,0
702864,58,0,0,0,173,0,1,1,0,0
702865,66,0,0,1,96,1,0,1,0,0
702866,68,0,1,0,190,0,0,0,0,0
702867,57,0,1,1,149,0,0,1,0,0
702868,75,0,0,0,143,0,1,1,0,0
702869,67,1,0,0,137,0,0,1,0,0
702870,70,0,0,0,150,0,1,1,0,0
702871,50,0,0,1,79,0,0,1,0,0
702872,50,1,1,0,162,0,1,0,1,0
702873,41,1,0,0,96,0,0,1,0,0
702874,64,1,0,0,182,0,0,1,0,0
702875,64,1,1,0,143,0,1,1,0,0
702876,72,0,1,0,116,0,1,1,0,0
702877,79,0,0,0,106,0,0,1,0,0
702878,63,0,0,0,127,1,1,1,0,0
702879,63,1,0,0,177,0,1,0,0,0
702880,70,1,1,1,134,1,1,1,0,0
702881,79,0,1,0,138,0,1,1,0,0
702882,58,1,1,0,112,0,0,0,0,0
702883,71,1,0,0,178,0,0,1,0,0
702884,63,1,1,0,127,0,1,1,0,0
702885,63,1,1,1,116,0,1,1,0,0
702886,73,0,0,0,144,0,0,1,1,0
702887,59,1,1,0,117,0,1,0,1,1
702888,56,1,0,0,128,0,0,0,0,0
702889,72,0,0,0,87,1,1,0,0,0
702890,65,0,0,0,89,0,0,0,0,0
702891,63,0,0,0,149,0,0,0,0,0
702892,64,1,0,0,111,0,1,1,0,0
702893,70,1,0,0,149,0,0,0,0,0
702894,62,0,1,0,146,0,0,0,0,0
702895,73,1,0,0,153,0,0,1,0,0
702896,69,1,0,0,152,0,1,0,0,0
702897,79,0,1,0,164,1,1,1,0,0
702898,77,0,0,0,130,1,0,0,0,0
702899,73,1,1,0,124,0,1,1,1,0
702900,64,1,1,0,164,0,1,0,0,0
702901,67,0,0,0,102,0,1,1,0,0
702902,60,0,0,0,108,0,0,0,0,0
702903,90,1,1,0,98,0,1,1,0,0
702904,64,0,1,1,112,1,0,1,0,0
702905,71,1,1,0,169,0,1,0,0,0
702906,78,0,0,0,172,0,1,0,1,0
702907,53,0,0,0,121,0,1,1,0,0
702908,58,1,0,0,93,0,0,1,0,0
702909,62,0,1,0,113,0,0,1,0,0
702910,57,1,0,0,139,0,1,0,0,0
702911,54,0,0,0,178,0,0,0,0,0
702912,61,0,1,1,128,2,0,1,0,0
702913,77,0,1,1,161,1,1,1,0,0
702914,72,0,0,0,156,0,1,0,0,0
702915,66,1,0,0,94,1,0,1,1,0
702916,66,1,1,1,167,0,0,1,0,0
702917,51,0,0,0,171,1,0,0,0,0
702918,72,1,0,0,150,0,1,1,0,0
702919,70,0,1,0,132,1,1,1,1,0
702920,56,1,1,1,169,0,0,0,0,0
702921,68,0,1,0,151,0,1,0,0,0
702922,64,0,0,0,140,0,1,0,0,0
702923,61,0,0,0,147,1,1,0,0,0
702924,57,1,0,1,176,1,1,0,0,0
702925,60,0,0,0,108,0,1,1,0,1
702926,57,1,1,0,129,0,0,1,0,0
702927,70,0,0,0,121,1,1,0,0,0
702928,69,1,0,1,142,0,1,0,0,0
702929,69,0,0,0,139,0,1,1,0,0
702930,64,1,1,0,124,0,0,1,0,0
702931,62,0,0,0,142,1,0,1,0,0
702932,84,0,1,1,131,1,1,1,0,0
702933,49,1,0,0,171,0,0,1,0,0
702934,76,0,0,1,166,1,1,1,1,0
702935,69,0,0,0,134,0,1,1,0,0
702936,66,0,1,0,138,2,1,0,0,0
702937,61,0,1,0,126,0,0,1,0,0
702938,64,0,0,0,111,0,1,1,0,0
702939,55,0,0,0,147,1,0,0,0,0
702940,53,0,0,0,162,1,0,0,1,0
702941,65,1,0,0,82,0,1,1,0,0
702942,51,1,0,0,107,0,0,1,0,0
702943,73,0,0,1,165,1,0,1,0,0
702944,76,1,1,0,174,0,1,0,0,1
702945,40,0,0,1,109,0,0,0,0,0
702946,52,1,0,1,103,0,0,0,0,0
702947,68,1,0,0,95,0,0,1,0,0
702948,68,0,1,1,164,1,0,1,1,0
702949,67,1,0,0,139,0,0,1,0,0
702950,70,0,0,1,131,0,0,0,0,0
702951,72,0,0,0,111,0,1,1,0,0
702952,74,0,0,0,155,0,0,1,0,0
702953,82,1,0,0,122,1,1,1,0,0
702954,66,0,0,0,173,0,0,0,0,0
702955,74,0,0,0,129,0,1,0,0,0
702956,51,1,0,0,158,0,0,0,0,0
702957,65,1,0,1,149,1,1,1,0,0
702958,55,0,0,1,138,0,0,0,0,0
702959,78,0,0,0,126,1,1,1,0,0
702960,87,0,0,0,183,0,0,1,0,0
702961,71,0,1,1,170,0,1,0,0,0
702962,54,1,0,0,107,0,1,1,0,0
702963,65,0,0,0,182,1,0,1,0,0
702964,66,0,0,0,99,0,0,1,0,0
702965,68,0,0,0,151,0,1,1,0,0
702966,76,1,0,0,154,0,0,1,1,0
702967,74,0,0,0,135,1,1,1,0,0
702968,42,1,1,0,107,0,1,1,0,0
702969,78,1,0,0,109,0,0,0,0,0
702970,61,0,0,0,160,0,1,1,0,0
702971,61,0,0,0,113,1,0,1,0,0
702972,79,1,0,0,135,0,1,1,0,0
702973,63,0,0,1,141,0,0,1,0,0
702974,53,0,0,1,117,0,0,1,0,0
702975,54,0,0,0,105,0,0,0,0,0
702976,66,0,1,0,99,0,1,1,0,0
702977,74,1,0,0,123,0,1,1,0,0
702978,79,1,0,1,164,0,0,0,0,1
702979,64,1,0,0,131,2,1,0,0,0
702980,62,0,0,0,127,1,0,1,0,0
702981,80,1,0,0,183,0,0,0,0,0
702982,62,1,0,1,174,0,0,0,0,0
702983,79,1,0,1,159,1,0,0,0,0
702984,68,0,1,0,147,1,1,1,0,0
702985,68,0,0,1,151,0,1,1,0,0
702986,64,0,0,0,163,1,0,1,0,0
702987,68,0,0,0,143,0,1,1,0,0
702988,62,1,0,0,162,0,1,1,0,0
702989,60,1,0,0,142,0,0,0,0,0
702990,65,1,0,0,163,0,0,0,0,0
702991,60,0,0,0,97,0,0,0,0,0
702992,69,0,0,0,105,0,0,0,0,0
702993,67,1,1,0,177,0,0,1,0,0
702994,63,0,0,0,172,1,0,1,0,0
702995,64,1,0,0,112,1,0,0,0,0
702996,64,0,0,1,105,1,0,0,1,0
702997,81,0,0,0,164,1,0,0,0,0
702998,66,0,1,0,128,0,1,1,0,0
702999,60,1,1,1,137,0,0,1,0,0
703000,63,0,0,1,173,0,0,1,0,0
703001,72,1,1,0,151,2,1,1,0,0
703002,64,1,0,0,138,0,0,1,0,0
703003,64,0,0,0,171,1,1,0,0,0
703004,63,0,0,1,88,0,0,0,0,0
703005,67,0,0,1,118,0,1,1,0,0
703006,69,0,0,0,220,0,1,0,0,0
703007,70,0,0,0,156,3,1,1,0,0
703008,51,0,0,1,179,0,0,1,0,0
703009,56,1,0,0,112,0,0,1,0,0
703010,42,1,0,0,191,0,0,1,0,0
703011,73,0,0,0,99,0,0,1,0,0
703012,76,0,1,0,152,1,0,0,0,0
703013,77,0,0,0,144,0,1,0,0,0
703014,67,1,0,0,110,0,0,1,0,0
703015,76,0,0,0,151,1,1,1,0,0
703016,65,1,1,1,60,0,0,0,0,0
703017,65,0,1,0,157,0,1,0,0,0
703018,52,0,0,0,134,0,1,0,0,0
703019,59,1,0,0,117,1,1,1,1,0
703020,60,0,1,0,94,0,0,0,1,0
703021,74,1,0,0,98,0,0,1,0,0
703022,81,0,1,1,102,0,0,0,0,0
703023,62,0,0,0,105,0,0,1,0,0
703024,69,1,0,1,134,0,1,1,0,0
703025,68,0,0,0,92,0,0,0,0,1
703026,59,0,0,1,114,0,1,1,0,0
703027,50,1,0,0,84,0,1,1,0,0
703028,59,1,0,0,191,0,0,0,0,0
703029,53,0,0,0,148,0,1,0,0,0
703030,63,1,1,0,61,0,1,1,0,0
703031,65,0,1,0,153,1,0,1,0,0
703032,64,1,1,1,209,0,0,0,0,0
703033,64,0,1,0,142,2,1,1,0,0
703034,70,1,0,0,148,0,0,0,0,0
703035,57,0,0,0,149,0,0,1,0,0
703036,74,0,1,0,188,2,1,0,1,0
703037,51,0,0,0,196,0,1,1,0,0
703038,66,0,1,0,143,2,0,0,0,0
703039,69,0,0,0,79,2,0,1,0,0
703040,59,0,1,0,132,1,0,1,1,0
703041,51,0,0,1,87,1,0,0,0,0
703042,71,0,0,1,94,0,0,0,0,0
703043,60,0,0,0,163,1,0,1,0,0
703044,73,1,0,0,129,1,0,0,0,1
703045,73,0,0,0,124,0,1,1,0,0
703046,66,0,0,0,149,0,0,0,0,0
703047,66,1,0,1,158,1,0,0,0,0
703048,75,1,0,0,111,0,1,1,0,0
703049,69,0,1,0,177,0,0,0,1,0
703050,57,0,0,0,110,1,1,1,0,0
703051,67,0,0,0,154,0,0,1,0,0
703052,71,1,1,0,127,0,0,0,0,0
703053,68,0,0,0,130,0,0,1,0,0
703054,67,0,1,0,126,0,1,1,1,0
703055,64,1,0,0,164,0,0,1,0,0
703056,65,1,0,0,159,0,1,1,0,0
703057,57,1,1,1,135,0,0,0,1,0
703058,53,0,1,1,168,0,1,1,0,0
703059,76,0,1,0,96,0,0,0,0,0
703060,60,1,0,0,147,0,0,1,0,0
703061,68,0,0,0,97,1,0,0,0,1
703062,52,1,1,0,60,0,0,1,0,0
703063,67,0,1,0,89,2,1,1,0,0
703064,58,0,1,0,158,0,1,1,0,0
703065,90,1,0,0,131,0,1,1,1,0
703066,57,0,0,1,138,0,1,0,0,0
703067,57,1,1,0,110,1,1,1,0,0
703068,74,1,0,0,114,0,0,1,1,0
703069,76,0,0,0,101,1,1,1,0,0
703070,47,0,1,0,131,0,0,1,0,0
703071,68,0,0,0,139,0,0,0,0,0
703072,74,0,0,0,134,0,0,0,0,0
703073,55,1,0,0,133,0,0,1,0,0
703074,72,0,1,0,128,0,0,1,1,0
703075,61,0,1,0,137,0,1,1,0,0
703076,57,0,0,1,154,0,1,1,0,0
703077,63,1,0,1,111,0,1,0,0,1
703078,62,0,0,0,149,0,0,0,0,0
703079,53,0,0,0,165,0,0,0,0,0
703080,86,1,0,0,96,0,0,0,0,0
703081,62,0,0,0,113,0,0,1,0,0
703082,59,1,1,0,124,0,1,1,0,0
703083,73,0,0,0,105,0,1,0,0,0
703084,65,1,0,1,121,0,1,0,0,0
703085,78,0,0,0,117,0,1,1,0,0
703086,63,0,0,0,180,0,1,1,0,0
703087,69,0,0,0,143,0,1,0,0,0
703088,67,1,0,0,178,0,1,1,0,0
703089,67,0,0,1,130,0,1,1,0,0
703090,64,1,0,1,135,1,1,0,0,0
703091,65,1,0,1,131,2,0,0,0,0
703092,81,1,0,0,128,1,0,0,1,0
703093,60,0,0,1,210,0,0,1,0,0
703094,61,1,0,0,170,0,1,1,0,0
703095,63,0,0,0,139,1,0,0,0,1
703096,71,1,1,1,76,0,0,1,0,0
703097,69,0,0,1,122,0,0,1,0,0
703098,74,1,0,1,162,1,0,0,0,0
703099,54,1,0,1,144,0,0,0,0,0
703100,68,0,0,0,127,1,1,1,0,0
703101,64,1,0,1,158,0,0,0,0,0
703102,63,0,0,0,143,0,1,1,1,0
703103,67,0,0,1,114,0,1,0,0,0
703104,48,1,0,0,140,0,0,0,0,0
703105,68,0,0,0,156,0,1,1,0,0
703106,67,1,0,0,156,0,1,1,1,0
703107,53,0,0,1,130,0,0,1,0,0
703108,65,1,0,1,119,1,0,1,1,0
703109,80,0,0,0,133,1,0,1,0,0
703110,62,0,0,0,152,1,1,0,0,0
703111,71,1,0,0,143,1,0,0,0,0
703112,64,1,0,0,167,0,0,0,0,0
703113,58,0,0,0,125,0,1,1,0,0
703114,58,1,0,0,134,0,0,1,0,0
703115,62,0,1,0,130,0,0,1,0,0
703116,77,0,0,1,146,0,0,0,1,0
703117,73,0,0,0,104,0,0,1,0,0
703118,59,0,0,0,171,0,1,1,1,0
703119,75,1,0,1,127,1,1,0,1,0
703120,65,1,1,0,175,1,0,0,1,0
703121,60,1,0,0,176,0,0,1,0,0
703122,70,0,1,0,97,0,0,1,0,0
703123,58,0,0,0,142,0,0,0,0,0
703124,52,0,0,0,151,0,0,0,0,0
703125,77,0,1,0,134,0,1,0,0,1
703126,49,1,0,0,152,0,1,0,0,0
703127,71,1,0,1,111,0,0,1,0,0
703128,52,0,0,0,162,1,1,1,0,0
703129,65,0,0,0,143,0,0,0,0,0
703130,64,0,0,0,129,1,1,0,0,1
703131,62,1,0,1,65,0,1,0,0,0
703132,46,1,0,0,158,0,1,1,0,0
703133,65,0,0,0,95,0,0,1,0,0
703134,65,1,1,0,175,0,1,1,0,0
703135,58,1,0,0,165,0,0,0,0,0
703136,65,0,0,0,98,1,0,1,0,0
703137,75,1,0,0,93,0,1,1,0,0
703138,59,1,0,0,147,0,1,0,0,0
703139,68,1,1,0,171,1,0,0,0,0
703140,56,0,0,0,142,0,0,0,1,0
703141,69,1,0,0,143,1,1,0,0,0
703142,71,0,0,0,140,0,1,0,0,0
703143,88,0,0,0,183,1,1,1,0,0
703144,74,0,0,0,150,1,1,1,0,0
703145,70,1,1,0,101,0,1,1,0,0
703146,78,0,1,0,174,0,1,0,1,0
703147,57,1,0,0,164,1,0,1,0,0
703148,75,0,0,1,135,0,0,1,0,0
703149,61,1,0,0,131,1,0,1,0,0
703150,60,1,1,0,177,0,0,1,0,0
703151,76,1,1,0,153,1,0,0,0,0
703152,68,1,0,0,129,0,1,1,1,0
703153,78,0,1,0,170,2,1,1,0,0
703154,53,0,1,0,126,0,0,0,0,0
703155,68,0,0,0,130,0,0,0,0,0
703156,61,1,0,0,86,0,0,1,0,0
703157,63,1,0,0,125,0,1,1,0,1
703158,49,0,1,0,211,0,1,1,1,0
703159,74,0,0,0,90,0,1,0,1,0
703160,68,1,0,0,98,1,1,1,0,0
703161,57,1,0,0,163,1,0,1,0,0
703162,54,1,0,0,114,0,1,1,0,0
703163,58,0,0,0,161,0,0,0,0,0
703164,78,0,1,1,183,1,1,0,0,0
703165,65,0,0,0,126,0,1,1,0,0
703166,63,0,0,0,119,1,0,0,0,0
703167,70,0,0,0,166,1,1,1,0,0
703168,66,0,0,0,152,0,1,1,0,0
703169,68,1,1,0,178,0,1,1,1,0
703170,72,1,1,0,130,0,1,1,1,0
703171,69,1,0,0,149,1,1,0,0,0
703172,74,0,0,0,118,0,0,0,0,0
703173,55,1,0,0,104,0,1,1,0,0
703174,66,0,0,0,106,0,0,0,0,0
703175,63,1,0,1,108,0,0,0,0,0
703176,67,1,0,1,181,2,1,0,0,0
703177,66,0,0,1,161,0,0,1,0,0
703178,60,0,0,0,139,0,0,1,0,0
703179,63,0,0,0,132,1,0,1,0,0
703180,74,0,0,1,131,0,0,0,0,0
703181,61,0,0,1,171,0,0,0,1,0
703182,55,1,0,0,135,1,0,1,0,0
703183,71,0,1,0,87,0,0,0,0,1
703184,74,0,0,0,131,0,1,1,0,0
703185,64,1,0,0,83,0,0,0,0,0
703186,67,0,0,0,121,0,1,1,0,0
703187,59,0,0,0,112,0,1,0,0,0
703188,64,1,0,0,85,1,0,1,0,0
703189,76,1,0,0,86,0,1,1,0,0
703190,73,0,1,0,134,0,0,1,0,0
703191,67,1,1,0,149,0,1,1,0,0
703192,64,0,0,0,148,0,0,1,0,0
703193,52,0,0,0,110,2,0,0,0,0
703194,69,0,0,0,108,0,1,0,0,0
703195,70,1,0,0,139,0,1,1,0,0
703196,75,0,1,0,162,0,1,1,0,0
703197,84,1,1,0,162,0,0,1,0,0
703198,69,0,1,0,137,0,1,0,0,1
703199,74,0,0,0,108,1,0,0,0,0
703200,56,1,0,1,153,0,1,0,0,0
703201,77,0,0,1,144,1,1,1,0,0
703202,74,0,0,0,119,1,1,1,0,0
703203,78,1,0,0,104,0,1,1,0,1
703204,72,0,0,0,120,0,1,1,0,0
703205,70,1,1,0,167,1,0,0,1,0
703206,79,0,0,0,172,1,0,1,0,0
703207,60,0,1,0,125,1,0,0,0,1
703208,72,1,0,0,140,0,1,1,0,0
703209,76,0,0,0,179,1,1,1,1,0
703210,59,0,0,0,96,0,0,0,0,0
703211,56,0,0,1,120,0,1,1,0,0
703212,70,0,0,0,128,0,1,1,0,1
703213,67,1,1,0,145,0,1,0,0,0
703214,71,0,1,0,88,0,1,1,0,0
703215,72,1,0,0,147,0,0,1,0,0
703216,59,0,0,0,93,0,0,1,0,0
703217,69,0,1,0,160,1,1,1,0,0
703218,76,0,0,0,132,0,1,0,0,0
703219,63,0,0,1,120,1,0,1,0,0
703220,64,0,0,0,159,1,1,1,0,0
703221,56,0,0,0,135,0,0,0,0,0
703222,73,1,0,0,108,0,0,0,0,0
703223,83,0,0,0,160,0,0,1,1,0
703224,54,0,1,1,127,0,1,0,0,0
703225,73,1,0,0,143,0,0,1,0,0
703226,74,0,0,1,171,0,0,0,0,0
703227,61,0,0,1,94,0,1,0,0,0
703228,63,1,0,0,154,0,0,1,0,0
703229,57,0,0,0,159,0,0,1,1,0
703230,59,0,0,0,197,0,1,0,0,0
703231,68,1,0,0,82,1,1,1,0,0
703232,72,1,0,1,157,0,0,0,0,0
703233,67,1,1,0,197,0,1,0,0,0
703234,74,1,1,0,145,3,0,1,0,0
703235,68,1,1,1,136,1,1,1,1,0
703236,56,1,0,0,125,0,0,1,0,0
703237,79,0,0,0,86,0,0,1,0,0
703238,77,0,1,0,172,0,1,1,0,0
703239,60,1,0,0,99,1,0,0,0,0
703240,82,1,0,0,82,0,1,1,1,0
703241,70,1,1,1,157,0,0,0,1,0
703242,67,0,1,0,163,0,0,1,0,0
703243,83,0,0,0,159,0,0,0,0,0
703244,44,1,0,0,158,0,0,1,0,0
703245,52,0,1,0,107,0,0,1,0,0
703246,72,0,0,1,132,0,0,0,0,0
703247,64,1,1,1,124,0,1,0,0,0
703248,58,0,0,1,110,0,0,0,0,0
703249,79,1,0,0,144,0,0,1,0,0
703250,70,1,0,0,104,0,0,0,0,0
703251,55,0,1,0,129,0,1,1,0,0
703252,60,0,0,0,175,0,0,1,0,0
703253,74,1,0,0,131,0,0,1,0,0
703254,82,0,0,0,129,0,0,0,0,0
703255,49,1,0,0,156,1,1,0,0,0
703256,68,0,0,0,99,0,0,1,0,0
703257,63,1,0,0,143,0,1,0,0,0
703258,51,1,1,0,167,1,1,1,0,1
703259,65,1,0,0,151,0,1,1,0,0
703260,52,1,0,0,113,0,0,1,0,0
703261,62,0,0,1,158,0,0,0,0,0
703262,80,1,0,0,122,2,0,0,0,0
703263,71,0,1,0,157,0,1,1,0,0
703264,73,0,1,0,106,0,0,1,0,0
703265,72,1,1,0,103,0,1,0,0,0
703266,69,1,0,1,178,3,0,0,0,0
703267,75,0,1,0,128,0,1,1,0,0
703268,56,0,0,0,129,2,0,0,0,0
703269,63,0,0,0,97,0,0,1,0,0
703270,74,1,1,1,119,0,1,1,0,0
703271,60,0,0,0,175,0,1,1,0,0
703272,62,0,1,0,148,0,1,1,0,0
703273,77,1,0,0,133,1,0,0,1,0
703274,80,1,0,0,81,2,0,0,1,0
703275,61,0,0,0,157,0,1,1,0,0
703276,59,1,1,0,146,0,0,0,0,0
703277,71,1,0,0,167,0,0,1,0,1
703278,69,0,0,0,121,0,0,1,0,0
703279,60,1,0,1,149,0,0,1,0,0
703280,72,1,0,0,117,0,0,0,0,0
703281,71,1,1,0,92,0,1,1,0,0
703282,67,1,0,0,79,0,1,1,0,0
703283,90,0,0,0,154,0,0,1,0,0
703284,78,1,1,0,123,0,0,1,0,0
703285,73,0,0,0,131,0,0,0,0,0
703286,75,0,0,0,87,1,0,1,0,0
703287,90,0,1,0,181,1,0,0,0,0
703288,76,0,0,0,117,0,0,0,0,1
703289,60,0,0,1,82,0,1,0,0,0
703290,69,1,0,0,95,0,1,1,0,0
703291,67,0,0,0,116,0,0,0,0,0
703292,61,0,0,0,160,0,0,0,0,0
703293,69,1,0,0,145,0,1,0,0,0
703294,69,0,1,0,147,0,0,0,0,0
703295,66,0,0,0,113,0,1,1,0,0
703296,62,1,0,1,157,2,1,0,0,0
703297,74,1,1,1,132,2,0,0,0,0
703298,52,1,0,0,163,0,0,1,0,0
703299,74,0,1,0,110,0,1,0,0,0
703300,66,1,0,0,115,0,0,1,0,0
703301,69,1,0,0,108,0,0,0,0,0
703302,45,1,0,0,115,0,0,1,0,0
703303,81,0,0,0,109,0,1,1,0,0
703304,51,1,0,0,147,0,0,0,0,0
703305,59,0,0,1,120,0,0,1,0,0
703306,72,1,0,1,89,0,1,1,0,0
703307,61,0,0,0,120,1,0,0,1,0
703308,63,0,0,0,113,0,0,1,0,0
703309,47,0,1,1,84,0,1,0,0,1
703310,63,1,1,0,137,0,1,0,0,0
703311,68,1,0,0,137,0,0,1,0,0
703312,72,0,0,1,132,0,1,1,1,0
703313,64,0,0,0,174,0,0,1,0,0
703314,68,1,0,0,89,1,0,0,0,0
703315,70,1,0,1,151,1,1,1,0,0
703316,60,1,0,0,140,0,0,1,0,0
703317,60,0,0,0,105,1,0,1,0,0
703318,84,0,0,0,169,1,0,0,0,0
703319,59,1,0,0,99,0,0,0,0,0
703320,77,0,0,0,137,0,1,0,0,0
703321,67,1,0,0,149,0,1,1,0,0
703322,79,1,0,0,123,0,0,0,0,0
703323,61,1,0,0,113,0,1,1,1,0
703324,71,0,0,0,158,1,0,1,0,0
703325,69,0,1,1,165,1,0,1,1,0
703326,64,0,1,0,118,0,1,1,0,0
703327,69,0,0,1,170,1,1,0,0,0
703328,60,1,0,0,142,0,1,1,0,0
703329,66,0,1,0,100,0,1,0,0,0
703330,63,1,0,0,155,0,1,1,0,0
703331,73,1,0,0,130,0,0,1,0,0
703332,66,1,0,0,121,0,0,0,0,0
703333,54,1,0,0,144,0,0,0,0,0
703334,63,1,0,0,144,0,0,0,0,0
703335,66,0,0,0,111,1,0,0,0,0
703336,58,0,0,0,118,0,0,1,0,0
703337,78,0,0,0,152,0,0,1,0,0
703338,70,0,0,0,155,0,1,0,0,0
703339,74,0,0,0,183,0,1,1,0,0
703340,60,0,1,0,132,2,1,1,0,0
703341,63,0,0,1,138,0,1,0,0,0
703342,75,0,0,0,111,1,1,0,0,0
703343,54,1,0,0,190,0,0,0,1,0
703344,70,0,0,0,141,0,0,0,0,0
703345,67,0,0,0,147,0,1,0,0,0
703346,62,0,0,1,171,0,0,0,0,0
703347,67,0,0,0,155,0,0,0,0,0
703348,57,0,1,0,113,0,1,1,0,0
703349,68,1,1,0,125,0,0,1,0,0
703350,56,0,0,0,167,0,1,0,0,0
703351,55,1,0,0,144,0,1,1,0,0
703352,79,1,0,1,120,1,1,0,0,0
703353,60,1,0,1,128,0,0,0,0,0
703354,48,0,0,1,165,0,0,0,0,0
703355,75,0,1,0,100,2,1,1,0,0
703356,60,0,1,1,130,0,0,1,0,0
703357,40,1,0,0,166,0,1,0,0,0
703358,66,0,1,0,164,0,0,1,0,0
703359,75,1,0,1,105,1,0,0,1,0
703360,70,0,0,0,131,0,0,0,0,0
703361,82,1,0,0,144,0,1,1,0,0
703362,65,0,0,0,142,0,1,1,0,0
703363,72,0,0,0,128,1,1,1,0,0
703364,58,1,0,1,118,0,0,0,0,0
703365,68,1,0,1,127,0,0,0,0,0
703366,80,1,0,0,138,0,0,1,1,0
703367,71,1,0,0,135,0,0,1,0,1
703368,68,1,1,0,181,2,1,1,1,0
703369,49,0,0,0,145,0,1,0,0,0
703370,63,1,1,1,155,0,0,1,0,0
703371,55,0,0,0,152,0,1,1,0,0
703372,73,1,0,1,126,0,1,1,0,0
703373,60,0,0,1,159,0,0,0,0,0
703374,70,0,0,0,118,0,0,1,0,0
703375,58,0,0,1,164,0,0,0,1,0
703376,83,0,0,0,153,3,1,1,0,0
703377,56,1,0,0,120,0,1,0,0,0
703378,68,0,0,0,158,0,1,1,0,0
703379,90,1,0,0,122,1,1,0,0,0
703380,68,0,0,0,157,0,1,1,0,0
703381,59,0,0,1,106,0,0,0,0,0
703382,72,0,0,0,141,1,0,1,0,0
703383,75,0,1,0,172,1,0,0,0,0
703384,74,0,0,0,119,0,0,0,0,0
703385,49,1,0,0,80,0,0,1,0,0
703386,68,0,0,1,112,0,1,1,0,0
703387,48,0,0,1,148,1,0,0,0,0
703388,83,0,0,0,132,0,1,1,0,0
703389,67,0,0,0,90,0,1,0,0,0
703390,62,0,0,1,119,0,0,0,0,0
703391,72,1,0,0,121,0,0,1,0,0
703392,71,1,1,1,78,0,1,1,1,0
703393,56,0,0,0,121,1,0,0,0,0
703394,81,0,1,1,129,0,1,1,0,0
703395,64,1,1,1,121,0,0,0,1,0
703396,51,0,0,0,120,0,1,1,0,0
703397,79,0,1,0,170,0,0,0,1,0
703398,80,0,0,0,94,0,0,0,0,0
703399,78,1,1,0,118,0,0,0,1,0
703400,71,0,0,0,165,0,0,0,0,0
703401,59,0,0,0,138,1,0,1,1,1
703402,75,1,0,1,95,0,1,1,0,0
703403,83,0,0,0,146,0,0,0,0,1
703404,74,0,0,0,64,0,1,1,1,0
703405,81,1,1,0,119,1,0,0,1,0
703406,60,0,0,1,149,0,0,0,0,0
703407,76,1,0,0,96,0,1,0,0,0
703408,75,0,1,1,153,1,1,0,0,0
703409,53,1,1,0,135,0,0,1,0,0
703410,52,0,0,0,133,0,1,1,0,0
703411,60,0,0,0,206,0,0,0,0,1
703412,67,0,1,0,156,0,0,1,0,0
703413,70,1,1,0,138,1,0,1,0,0
703414,64,0,0,1,86,1,0,0,0,0
703415,66,1,0,0,90,0,1,1,0,0
703416,65,0,0,1,122,0,1,1,0,0
703417,67,1,1,0,135,0,0,1,0,0
703418,72,0,1,0,151,0,0,0,1,0
703419,71,0,0,0,106,0,1,1,0,0
703420,66,0,0,1,121,1,1,1,0,0
703421,69,1,0,1,148,1,0,0,0,0
703422,62,1,0,0,91,1,0,0,0,0
703423,74,0,0,1,131,0,1,1,0,0
703424,62,1,0,0,160,0,0,1,0,0
703425,81,0,0,0,123,0,1,1,0,0
703426,66,1,0,0,139,0,0,0,0,0
703427,69,0,0,0,137,1,1,0,0,0
703428,60,1,1,1,147,0,1,0,0,0
703429,63,1,0,0,146,1,1,0,0,0
703430,68,0,0,0,129,0,0,1,0,0
703431,67,1,1,1,123,1,1,0,0,0
703432,61,0,0,0,125,0,1,1,0,0
703433,56,0,0,0,150,1,0,1,0,1
703434,67,0,0,0,109,1,0,0,0,0
703435,68,1,0,0,171,0,1,1,0,0
703436,71,1,0,0,62,0,0,1,0,0
703437,78,0,0,0,150,0,0,1,0,0
703438,64,0,1,0,182,1,0,0,0,0
703439,49,0,0,1,137,0,1,1,0,0
703440,65,1,1,0,152,1,0,1,0,0
703441,50,1,0,1,145,0,0,0,0,0
703442,55,0,1,0,212,0,0,1,0,0
703443,76,0,1,1,161,1,0,1,0,1
703444,72,0,1,1,177,2,1,0,0,0
703445,61,0,0,1,119,1,1,1,0,0
703446,61,0,1,0,137,0,1,1,0,0
703447,66,0,1,1,122,1,0,0,0,0
703448,51,0,0,1,125,0,0,0,0,0
703449,71,0,0,0,116,0,1,1,0,0
703450,63,0,0,0,138,0,0,1,0,0
703451,83,0,1,0,109,0,0,1,0,1
703452,57,1,0,0,158,0,0,1,0,0
703453,75,1,0,0,138,0,0,0,0,1
703454,60,0,1,0,154,0,1,0,0,0
703455,76,1,1,0,116,2,1,1,0,0
703456,58,0,0,0,147,0,0,0,0,0
703457,73,1,0,0,205,0,0,0,0,0
703458,63,0,0,1,161,0,1,1,0,0
703459,59,0,0,0,153,0,1,0,0,0
703460,65,1,0,0,160,0,1,0,0,0
703461,71,0,0,0,171,0,0,0,1,1
703462,70,0,0,1,174,1,1,1,0,0
703463,81,0,0,0,121,0,0,0,0,0
703464,74,1,0,0,125,0,1,1,0,1
703465,43,0,1,0,144,0,0,1,0,0
703466,63,0,1,0,178,1,1,0,1,0
703467,49,1,0,0,162,0,0,1,0,0
703468,63,0,0,0,124,0,1,0,1,0
703469,72,1,0,0,153,1,1,1,0,0
703470,55,1,0,0,151,0,1,1,0,0
703471,56,1,0,0,125,0,0,1,1,0
703472,68,0,0,1,119,0,0,1,0,0
703473,64,1,0,0,85,0,1,1,0,0
703474,81,0,0,0,95,0,1,1,0,0
703475,69,0,1,1,108,0,0,0,0,0
703476,71,1,0,1,183,0,0,0,0,0
703477,82,1,0,0,141,2,0,0,0,0
703478,62,0,1,0,165,1,1,0,0,0
703479,66,1,0,1,143,0,1,1,0,0
703480,58,0,1,0,131,0,1,1,0,0
703481,69,0,0,0,180,0,1,1,1,1
703482,76,1,0,0,132,1,0,1,0,0
703483,79,0,1,1,159,1,0,1,0,0
703484,66,0,0,0,144,0,0,0,0,0
703485,60,0,0,0,117,0,1,1,0,0
703486,60,0,1,0,122,0,0,0,0,0
703487,54,0,0,0,153,1,0,0,0,0
703488,68,1,0,1,125,1,0,0,0,0
703489,79,0,0,0,171,0,0,0,0,0
703490,45,0,0,0,126,0,0,0,0,0
703491,47,0,0,0,154,0,0,0,0,0
703492,79,0,1,0,137,0,1,1,0,0
703493,52,0,1,0,133,0,0,0,0,0
703494,70,0,1,0,149,0,0,0,0,0
703495,55,0,0,0,127,0,0,1,1,0
703496,74,1,0,0,117,0,0,1,0,0
703497,74,0,0,1,118,1,0,0,0,0
703498,68,0,0,0,141,0,1,1,0,0
703499,74,1,1,1,141,2,1,1,0,0
703500,67,0,0,0,169,0,0,0,0,0
703501,72,1,1,0,145,1,1,0,0,0
703502,83,0,0,0,159,0,1,0,0,0
703503,76,0,1,0,161,1,0,1,0,0
703504,61,1,0,0,131,0,1,1,0,0
703505,59,0,0,0,166,0,1,1,1,0
703506,64,1,0,1,120,0,0,0,0,0
703507,65,1,0,1,84,0,0,0,0,1
703508,67,0,0,1,60,1,1,0,0,0
703509,61,1,1,0,130,1,1,1,0,0
703510,72,1,1,1,166,0,0,0,0,1
703511,67,0,1,1,123,2,0,0,1,0
703512,70,1,1,0,60,0,1,1,0,0
703513,67,1,0,0,174,0,1,1,0,0
703514,72,0,0,0,173,0,0,1,1,0
703515,56,0,0,0,112,0,1,0,0,1
703516,81,1,0,1,146,2,1,0,0,0
703517,70,1,1,0,174,0,1,1,0,0
703518,71,1,0,0,115,1,0,0,0,1
703519,72,0,0,0,115,0,0,1,0,0
703520,76,0,0,1,143,1,1,1,0,0
703521,73,0,1,1,158,0,1,1,0,0
703522,69,0,1,0,134,2,1,1,0,0
703523,65,1,0,0,147,0,0,1,0,0
703524,52,0,0,1,145,0,0,1,0,0
703525,69,0,0,0,148,1,1,1,0,0
703526,64,0,0,0,147,0,0,1,0,0
703527,64,0,1,1,110,1,0,0,0,0
703528,88,1,1,0,82,2,1,0,0,0
703529,50,1,0,0,121,0,1,1,0,0
703530,67,0,0,0,113,0,1,1,0,0
703531,78,0,1,0,77,0,0,0,1,0
703532,75,0,1,0,173,0,0,0,1,0
703533,78,1,0,0,115,0,0,0,0,0
703534,55,1,0,0,160,0,1,1,0,0
703535,58,1,0,0,113,1,1,1,0,0
703536,72,0,0,0,143,0,1,1,0,0
703537,64,0,0,0,143,0,0,0,0,0
703538,82,1,1,0,144,1,1,1,0,0
703539,69,0,1,0,130,0,0,1,0,0
703540,68,1,0,0,127,0,0,0,0,0
703541,71,0,0,1,133,1,0,0,0,0
703542,64,1,0,0,212,0,1,1,0,0
703543,68,0,0,0,173,0,1,0,0,0
703544,61,1,0,0,113,0,0,1,0,0
703545,66,0,0,1,130,0,0,0,0,0
703546,62,1,1,1,101,0,0,0,0,0
703547,69,1,0,0,182,0,0,1,0,0
703548,54,1,0,0,158,0,0,1,0,1
703549,53,0,0,0,129,0,0,0,0,0
703550,71,1,1,1,103,1,0,0,0,0
703551,69,0,0,0,107,0,0,1,0,0
703552,58,1,1,0,123,1,0,0,0,0
703553,65,0,0,0,122,0,0,0,0,0
703554,57,0,0,0,125,0,1,1,0,0
703555,85,0,1,0,129,1,0,1,1,0
703556,53,1,0,1,101,1,1,0,0,0
703557,82,1,0,0,140,1,0,1,0,0
703558,59,0,0,0,133,1,0,0,0,0
703559,71,0,1,1,153,0,0,0,0,0
703560,64,0,1,0,97,0,1,1,1,1
703561,63,1,0,0,156,1,1,0,1,0
703562,75,0,1,0,164,2,1,1,0,0
703563,74,0,0,0,144,1,0,1,0,0
703564,64,1,0,0,111,0,1,0,0,0
703565,59,0,0,0,111,0,0,0,0,0
703566,85,1,0,0,132,0,0,0,1,0
703567,79,0,0,0,143,0,0,1,0,0
703568,68,1,1,1,148,0,1,1,0,0
703569,64,0,0,1,136,1,1,0,0,0
703570,69,0,0,0,88,0,1,1,0,0
703571,68,0,0,0,126,0,1,1,0,0
703572,78,0,0,1,133,0,0,0,0,0
703573,58,1,0,0,119,0,1,1,0,0
703574,67,1,0,0,145,0,0,1,0,0
703575,60,0,0,1,165,1,1,1,0,0
703576,79,1,0,0,101,0,1,1,0,0
703577,83,1,0,0,148,1,1,1,0,0
703578,66,1,0,1,111,0,1,0,0,0
703579,72,0,0,1,108,0,0,1,0,1
703580,79,1,1,1,126,0,0,1,0,0
703581,64,1,0,1,187,0,0,0,1,0
703582,58,1,0,0,151,1,0,1,0,0
703583,76,1,0,0,128,1,0,0,0,1
703584,71,1,0,1,167,1,0,0,0,0
703585,65,0,0,0,137,0,1,1,0,0
703586,80,0,0,1,147,0,1,1,0,0
703587,69,0,1,0,105,1,1,0,1,0
703588,51,1,0,0,106,0,1,1,0,1
703589,70,1,0,0,92,0,0,1,0,0
703590,66,1,0,0,160,0,1,1,0,0
703591,84,1,0,0,95,1,1,1,0,0
703592,67,0,0,0,173,0,0,0,0,0
703593,65,0,0,0,95,1,1,1,0,0
703594,71,0,0,0,133,1,1,1,0,0
703595,69,0,0,0,140,0,0,1,0,0
703596,54,0,0,0,101,1,0,0,0,0
703597,68,0,0,0,77,0,0,0,0,0
703598,64,0,1,0,119,0,0,0,0,0
703599,79,0,0,0,178,1,0,0,1,1
703600,88,0,1,0,173,0,1,0,0,0
703601,57,0,0,0,97,0,0,0,0,0
703602,58,1,0,0,135,1,0,0,0,0
703603,59,1,0,0,127,0,1,1,0,0
703604,61,1,0,0,166,1,0,1,1,0
703605,61,1,1,0,144,0,0,0,0,0
703606,67,1,1,0,109,1,1,0,0,0
703607,77,1,0,0,197,0,0,0,0,0
703608,55,0,1,0,156,1,0,0,1,0
703609,53,0,0,0,111,0,0,0,0,0
703610,50,0,0,1,168,1,1,0,1,0
703611,77,0,0,0,158,1,1,0,0,0
703612,79,1,0,1,169,0,1,0,0,0
703613,53,0,0,1,102,1,0,0,0,0
703614,52,1,0,0,139,0,0,1,0,0
703615,68,1,0,0,115,0,0,0,0,0
703616,77,1,1,0,130,0,1,1,1,0
703617,76,0,0,0,129,2,0,0,1,0
703618,69,0,1,0,146,1,0,1,1,0
703619,73,1,1,1,106,1,0,1,1,1
703620,70,0,0,0,163,0,0,0,0,0
703621,62,1,0,0,122,0,0,1,0,0
703622,84,1,0,0,146,1,0,1,0,0
703623,67,1,1,1,132,0,1,0,0,0
703624,57,0,0,1,143,0,1,0,0,0
703625,63,0,0,0,156,0,1,1,0,0
703626,53,0,0,1,124,0,1,1,0,0
703627,67,1,0,0,159,0,1,0,0,0
703628,77,1,1,0,122,0,0,1,0,0
703629,55,0,1,0,146,0,0,0,1,0
703630,77,1,1,1,131,0,1,1,0,0
703631,86,0,0,1,115,0,0,0,1,0
703632,70,1,0,0,71,0,0,1,0,0
703633,56,0,0,1,111,0,0,1,0,0
703634,59,1,0,1,115,0,1,0,0,0
703635,64,0,0,1,120,0,1,0,0,0
703636,55,0,0,0,170,0,1,1,0,0
703637,56,0,0,0,106,0,1,0,0,0
703638,65,1,0,0,151,0,0,0,0,0
703639,65,0,0,0,208,1,0,1,0,1
703640,72,0,1,0,109,0,0,0,0,0
703641,56,0,0,1,147,0,0,1,0,0
703642,84,1,0,0,155,0,1,0,0,0
703643,76,0,0,0,136,2,1,1,0,0
703644,75,1,1,0,139,0,1,1,0,0
703645,61,1,0,1,154,0,0,0,0,0
703646,83,1,1,0,203,0,0,0,0,0
703647,64,0,1,0,115,1,0,1,0,0
703648,83,1,1,0,149,0,0,0,0,0
703649,77,0,1,0,140,1,1,1,0,0
703650,59,0,0,0,194,0,1,0,0,0
703651,63,0,1,0,178,0,0,0,1,1
703652,84,0,0,0,190,0,1,1,0,0
703653,76,0,0,0,151,0,1,1,0,0
703654,65,0,0,0,146,1,1,0,0,0
703655,69,0,0,0,136,0,0,1,0,0
703656,69,0,0,0,125,0,0,0,0,0
703657,60,0,0,0,113,0,1,1,0,1
703658,65,0,1,1,145,1,0,0,0,0
703659,61,1,0,0,157,0,1,1,0,0
703660,63,1,0,1,144,0,0,0,0,1
703661,71,1,0,0,92,1,1,0,0,0
703662,58,0,0,1,150,0,1,1,0,0
703663,73,1,1,0,213,0,1,1,0,0
703664,68,0,0,0,133,1,0,0,0,0
703665,74,0,0,1,105,0,1,1,0,0
703666,75,0,1,0,172,1,1,0,0,0
703667,78,0,1,0,107,0,0,1,0,0
703668,73,0,0,0,139,0,0,1,1,0
703669,73,0,0,1,143,0,0,0,1,0
703670,65,1,1,0,120,0,1,0,0,0
703671,72,1,0,1,109,1,1,1,0,0
703672,59,0,1,1,143,1,0,1,0,0
703673,65,1,0,0,103,0,1,1,0,0
703674,74,0,0,0,146,0,1,0,0,0
703675,66,1,0,1,149,0,1,0,0,0
703676,71,0,0,0,104,1,0,1,0,0
703677,57,0,1,0,155,0,0,0,0,0
703678,79,1,0,1,100,0,0,1,0,0
703679,62,0,1,0,142,1,0,0,0,0
703680,70,0,1,1,115,1,0,0,1,0
703681,67,1,0,0,101,2,1,1,0,0
703682,75,1,1,1,121,0,0,0,0,0
703683,63,0,0,0,139,1,1,1,1,0
703684,58,0,0,0,155,0,1,1,0,0
703685,50,0,0,0,152,0,0,0,0,0
703686,64,1,0,0,111,0,1,1,0,0
703687,56,0,0,1,132,0,0,1,0,0
703688,72,0,1,0,61,1,0,1,0,0
703689,80,1,1,0,158,1,0,0,0,0
703690,47,0,0,1,135,0,1,1,0,0
703691,55,0,0,0,131,0,1,1,0,0
703692,70,1,0,1,127,0,0,0,0,0
703693,78,0,0,0,82,0,0,0,0,0
703694,70,0,0,0,143,0,1,1,0,1
703695,70,0,0,0,139,0,1,1,0,0
703696,71,1,0,0,133,0,1,1,0,0
703697,72,0,0,1,164,1,0,0,0,0
703698,82,0,1,1,131,0,0,1,1,0
703699,72,0,0,0,120,0,1,1,0,0
703700,56,0,0,0,167,0,0,1,0,0
703701,63,1,0,0,128,0,0,1,0,0
703702,69,0,0,0,111,0,0,0,0,0
703703,60,0,0,0,73,1,1,1,0,0
703704,64,0,0,1,122,1,1,0,0,0
703705,62,1,0,0,123,0,1,1,0,0
703706,61,0,0,0,104,1,0,1,0,0
703707,73,1,1,0,147,0,1,1,0,0
703708,63,0,0,0,89,0,1,1,0,0
703709,57,0,1,0,132,0,0,1,0,0
703710,60,0,0,0,136,0,1,1,0,0
703711,67,0,1,1,163,1,0,0,0,0
703712,86,0,1,1,134,0,0,1,0,0
703713,69,0,0,0,127,1,0,0,0,0
703714,80,1,1,0,163,0,0,1,0,0
703715,71,1,0,1,174,1,1,1,0,0
703716,47,1,0,0,142,0,1,1,0,0
703717,70,1,0,0,111,0,1,1,0,0
703718,59,0,0,1,149,0,0,0,0,0
703719,55,0,0,0,102,1,1,1,0,0
703720,57,0,0,0,171,0,1,0,0,0
703721,83,1,0,0,142,0,1,0,0,0
703722,53,0,1,0,109,0,0,0,0,0
703723,61,0,0,0,187,1,0,1,0,0
703724,77,1,1,0,95,1,0,0,0,0
703725,73,0,0,0,164,0,0,1,0,0
703726,51,1,0,0,125,0,0,0,0,0
703727,66,0,1,0,121,0,1,1,0,0
703728,62,0,0,0,92,0,0,1,0,0
703729,65,0,0,1,81,0,1,1,0,0
703730,74,0,1,0,141,0,0,0,0,0
703731,62,0,0,1,107,0,1,0,0,0
703732,64,1,0,0,164,0,1,1,0,0
703733,80,1,0,0,134,0,0,0,0,0
703734,50,0,0,0,144,0,0,0,0,1
703735,63,0,0,0,188,0,1,1,0,0
703736,71,1,0,1,88,2,0,1,1,0
703737,56,0,0,1,138,0,1,0,0,0
703738,61,0,0,0,123,0,0,1,0,0
703739,55,1,0,0,154,1,0,0,0,0
703740,68,1,0,0,130,1,1,1,0,0
703741,61,0,0,0,120,0,0,0,0,0
703742,74,0,0,1,112,2,0,1,0,0
703743,76,1,0,0,128,0,1,1,0,0
703744,67,0,0,1,94,0,0,0,0,0
703745,63,1,0,1,152,1,1,1,0,0
703746,69,0,0,0,60,0,0,1,1,0
703747,67,0,1,0,149,1,1,1,0,0
703748,56,1,0,0,149,0,1,1,0,0
703749,77,1,0,0,136,0,0,1,0,0
703750,69,1,0,0,125,0,0,0,0,0
703751,74,1,1,0,161,0,1,0,1,0
703752,54,1,1,0,156,0,1,1,1,0
703753,75,1,0,0,157,0,1,1,0,0
703754,86,0,0,0,123,1,1,0,0,0
703755,72,1,0,0,147,0,0,0,0,0
703756,54,1,1,0,132,0,0,0,0,0
703757,67,0,1,1,121,0,0,0,0,0
703758,66,0,0,0,165,0,1,0,0,0
703759,69,0,0,0,97,0,1,0,0,0
703760,65,0,0,0,127,0,0,1,0,0
703761,71,1,0,1,98,0,1,0,0,0
703762,63,1,0,1,83,0,0,0,1,1
703763,69,1,0,1,169,0,1,0,0,0
703764,61,1,0,0,153,1,1,1,0,0
703765,68,1,0,0,143,0,0,1,0,0
703766,76,0,1,0,101,2,0,1,0,0
703767,62,0,1,0,134,0,1,0,0,0
703768,73,0,0,1,154,0,0,0,0,0
703769,59,1,0,0,80,0,0,0,0,0
703770,63,1,1,0,154,0,0,1,0,0
703771,65,0,0,0,146,0,0,1,0,0
703772,78,0,0,0,185,0,0,1,0,0
703773,60,0,0,0,108,0,1,0,0,0
703774,78,0,0,0,186,1,1,1,0,0
703775,53,0,0,0,137,0,1,1,0,0
703776,65,0,1,1,145,0,0,0,0,0
703777,75,0,1,1,159,0,0,0,0,0
703778,73,0,1,0,199,0,0,0,0,0
703779,58,1,0,0,163,0,1,1,0,0
703780,56,0,1,0,187,1,1,1,0,0
703781,75,0,0,1,137,0,0,0,0,0
703782,55,1,0,0,155,0,0,1,0,0
703783,72,0,1,1,160,0,1,0,0,0
703784,62,1,1,0,98,0,1,1,0,0
703785,67,0,1,0,142,1,1,0,0,0
703786,88,1,0,0,141,0,1,0,1,0
703787,81,0,0,0,151,0,1,1,0,0
703788,74,1,0,1,180,0,0,1,1,0
703789,54,0,1,0,154,2,0,1,0,0
703790,70,1,0,0,143,1,0,0,0,0
703791,67,0,0,0,138,1,0,1,0,0
703792,66,0,0,0,137,1,0,0,0,0
703793,79,1,0,0,97,1,1,0,1,0
703794,51,0,0,0,129,0,1,1,0,0
703795,70,1,0,0,110,0,1,1,0,0
703796,68,0,0,1,97,0,0,1,0,0
703797,60,0,0,0,163,1,0,1,0,0
703798,82,0,0,0,109,1,1,1,0,0
703799,55,0,0,0,106,2,0,0,0,0
703800,67,1,0,0,89,0,1,1,0,0
703801,67,0,0,0,167,0,0,1,0,0
703802,47,0,0,0,174,0,0,1,0,0
703803,54,1,0,1,146,0,0,1,0,0
703804,58,0,0,0,126,1,0,0,0,0
703805,74,0,0,0,149,1,1,1,0,0
703806,75,1,0,0,149,0,0,1,0,0
703807,72,0,0,0,137,0,1,1,0,0
703808,69,0,0,0,142,0,1,0,0,0
703809,47,1,0,0,88,0,1,1,0,0
703810,69,1,0,0,139,0,0,1,0,0
703811,62,1,0,0,123,0,0,0,0,0
703812,77,1,0,0,129,0,0,0,0,0
703813,79,0,1,0,132,1,0,0,1,0
703814,87,0,1,0,96,1,0,0,0,0
703815,73,0,0,0,142,2,1,1,0,0
703816,74,1,1,0,152,0,1,1,0,0
703817,57,1,0,0,74,0,1,0,0,0
703818,67,0,1,1,92,2,0,1,1,0
703819,55,1,0,0,175,1,1,1,0,0
703820,75,1,0,0,93,0,0,1,0,0
703821,56,0,0,1,155,0,1,1,0,0
703822,65,1,0,0,159,0,0,0,0,0
703823,59,0,0,0,187,2,0,0,0,0
703824,62,0,0,1,126,0,0,0,0,0
703825,71,0,0,0,113,0,1,1,0,1
703826,62,0,0,1,115,0,1,1,0,0
703827,69,0,0,1,114,1,1,0,0,1
703828,58,1,0,0,88,0,0,0,0,0
703829,79,0,0,1,103,1,0,0,0,0
703830,61,0,0,0,119,0,0,1,0,0
703831,76,0,1,0,121,1,0,1,0,0
703832,86,0,1,0,155,2,1,0,1,0
703833,44,1,0,0,155,0,0,1,0,0
703834,58,0,0,0,136,0,0,1,0,0
703835,65,1,1,0,84,0,1,1,0,0
703836,77,1,0,0,150,0,0,0,0,0
703837,62,0,0,0,126,0,0,1,0,0
703838,70,0,1,1,82,0,0,1,0,0
703839,60,0,0,1,119,1,0,0,0,0
703840,72,0,0,0,112,1,1,1,0,0
703841,56,0,0,0,134,0,1,1,0,0
703842,74,1,1,0,143,0,1,1,0,0
703843,40,0,0,0,179,0,0,0,0,0
703844,49,1,0,1,115,0,0,1,0,0
703845,83,0,0,1,138,1,0,1,0,0
703846,68,1,0,1,104,2,0,1,0,0
703847,58,0,0,0,118,0,0,0,0,0
703848,87,0,0,0,97,2,1,1,0,0
703849,76,1,0,1,132,0,1,1,0,0
703850,77,0,0,0,149,0,0,1,1,0
703851,63,1,1,1,125,0,0,0,0,0
703852,72,0,0,0,173,0,1,0,0,0
703853,71,0,0,0,132,0,0,0,0,0
703854,51,1,0,0,158,0,0,0,0,0
703855,72,1,0,0,126,1,1,0,1,0
703856,65,0,0,1,133,0,0,1,0,0
703857,78,0,0,0,182,0,1,1,0,0
703858,79,0,0,1,108,0,1,1,0,0
703859,61,0,1,0,153,1,1,1,0,0
703860,61,0,1,0,88,1,0,0,0,0
703861,68,0,0,1,127,1,1,1,0,1
703862,73,0,1,0,159,2,0,1,0,0
703863,63,0,0,0,195,0,0,1,0,0
703864,66,1,1,0,158,0,1,1,0,0
703865,72,1,1,0,140,0,0,1,0,0
703866,71,0,0,0,127,0,0,1,0,0
703867,77,1,0,1,125,0,1,1,0,0
703868,69,1,0,0,136,0,1,1,0,0
703869,58,0,0,1,137,0,0,0,0,0
703870,50,0,0,0,170,1,0,0,0,0
703871,74,0,0,0,111,0,0,0,0,0
703872,64,0,0,0,109,0,1,1,0,0
703873,63,0,0,0,165,0,1,1,0,0
703874,64,0,1,1,153,0,1,1,0,0
703875,52,0,1,0,123,0,0,1,0,0
703876,63,0,0,0,129,1,1,1,0,0
703877,43,0,0,0,150,0,0,0,0,0
703878,63,0,0,1,127,0,0,1,0,0
703879,58,0,0,0,115,0,0,0,0,0
703880,84,0,1,1,138,0,0,1,0,0
703881,71,1,0,0,154,1,1,1,0,0
703882,65,0,0,0,108,0,0,0,0,0
703883,68,0,1,0,122,0,0,1,0,0
703884,73,0,1,0,150,1,1,0,0,0
703885,60,1,0,0,85,0,0,0,0,0
703886,64,1,0,0,127,1,1,1,0,1
703887,63,0,0,0,159,0,0,1,0,0
703888,89,1,1,0,110,1,0,1,0,0
703889,67,1,1,1,152,0,0,1,1,0
703890,48,0,1,0,200,0,1,1,0,0
703891,74,0,0,0,153,0,1,1,0,0
703892,90,0,1,0,108,0,0,0,0,0
703893,58,1,0,1,198,0,1,1,0,0
703894,90,0,0,1,157,0,0,0,0,0
703895,66,0,0,0,164,1,0,0,0,0
703896,76,1,0,0,145,0,1,1,0,0
703897,61,1,0,0,113,0,1,0,0,1
703898,64,1,0,0,131,0,0,1,0,0
703899,55,0,0,0,129,0,0,0,0,0
703900,57,1,0,0,185,0,1,0,0,0
703901,47,0,0,0,169,0,0,0,0,1
703902,77,0,1,0,127,0,1,1,0,0
703903,56,0,1,1,142,1,0,1,0,0
703904,70,0,0,0,151,1,0,1,0,0
703905,70,0,0,0,171,0,1,0,0,0
703906,61,1,0,1,160,0,1,0,1,0
703907,67,0,0,0,103,0,0,0,0,0
703908,66,0,1,0,168,0,0,1,0,0
703909,62,0,0,0,102,0,0,0,0,0
703910,67,0,0,0,122,0,1,1,0,0
703911,67,1,1,0,93,2,1,0,0,0
703912,57,0,0,0,124,0,1,0,0,0
703913,55,0,1,0,155,0,0,1,0,0
703914,59,0,0,0,136,0,0,0,0,0
703915,68,1,0,1,164,0,0,1,0,0
703916,79,0,1,0,163,0,1,0,0,0
703917,80,1,1,0,129,0,0,0,0,0
703918,69,0,0,0,120,0,0,1,0,0
703919,75,0,0,0,171,0,1,1,0,0
703920,68,1,0,0,154,0,0,0,0,0
703921,77,1,0,0,163,1,1,1,0,0
703922,68,0,0,0,169,0,0,1,0,0
703923,70,0,1,0,127,0,1,0,0,0
703924,64,1,0,0,116,0,1,1,0,0
703925,66,1,0,1,141,0,0,1,0,0
703926,84,0,0,0,121,0,0,0,0,0
703927,55,1,0,0,116,1,0,0,0,0
703928,67,1,0,0,110,1,0,1,0,0
703929,61,1,0,0,131,0,1,1,0,0
703930,75,0,0,0,126,0,0,0,0,0
703931,83,0,0,0,147,0,1,1,1,0
703932,64,0,1,0,151,0,0,0,1,0
703933,41,1,1,0,169,1,0,0,0,0
703934,72,0,0,1,144,0,0,0,0,0
703935,72,1,1,0,141,1,1,1,0,0
703936,51,1,0,0,148,0,1,1,0,0
703937,64,1,0,1,139,0,0,0,0,0
703938,66,0,0,0,145,0,0,0,0,0
703939,45,0,0,1,119,0,1,1,0,0
703940,73,1,0,0,139,0,0,1,0,0
703941,71,1,0,0,99,0,1,1,0,1
703942,69,1,0,0,165,0,1,1,0,0
703943,57,1,0,0,140,0,0,0,1,0
703944,60,1,0,0,148,1,1,0,0,0
703945,61,0,0,1,96,0,0,1,0,0
703946,71,0,0,0,108,0,1,0,0,0
703947,57,1,0,0,118,1,1,0,0,0
703948,80,0,0,0,78,0,1,0,0,0
703949,70,0,0,0,163,0,1,0,0,0
703950,46,1,0,0,152,0,0,1,0,0
703951,82,1,0,0,135,0,0,1,0,0
703952,68,1,1,0,164,0,0,1,0,0
703953,61,0,0,1,84,0,0,1,0,0
703954,67,0,0,0,106,0,1,1,0,0
703955,49,0,0,0,164,1,0,1,0,0
703956,68,0,1,0,155,0,1,1,0,0
703957,44,1,0,0,131,0,0,0,1,0
703958,57,1,1,0,147,0,0,0,1,0
703959,79,0,1,1,138,0,1,1,0,0
703960,78,0,0,1,122,0,0,0,1,0
703961,63,0,0,0,120,0,0,0,0,1
703962,57,0,0,1,107,0,0,1,0,0
703963,75,1,0,0,133,0,1,1,0,0
703964,66,1,0,1,128,0,0,1,1,0
703965,68,1,1,1,159,1,0,1,0,0
703966,72,1,0,1,89,1,1,1,0,0
703967,56,1,0,0,133,0,1,1,0,0
703968,74,1,0,0,122,0,1,0,0,0
703969,47,1,0,1,114,0,0,0,0,0
703970,80,0,1,0,125,1,1,0,0,0
703971,52,1,0,0,176,1,0,1,0,0
703972,61,1,0,0,183,0,1,0,0,0
703973,60,0,0,0,74,0,0,0,0,0
703974,73,0,0,1,162,0,1,1,0,0
703975,73,0,0,0,89,0,0,0,1,0
703976,70,1,0,0,103,0,1,1,0,0
703977,71,1,0,0,107,0,0,0,0,0
703978,71,0,0,1,97,0,1,1,1,0
703979,66,0,0,0,165,0,0,0,0,0
703980,48,0,0,0,179,0,1,0,0,0
703981,45,0,1,0,84,0,0,1,0,0
703982,45,0,0,0,151,0,1,1,0,0
703983,66,1,1,0,145,0,0,0,0,0
703984,64,0,0,0,121,0,0,0,0,0
703985,65,0,0,0,122,0,1,1,0,0
703986,68,1,1,0,127,1,0,0,0,0
703987,64,1,0,0,124,1,0,0,0,0
703988,57,0,0,0,106,0,0,1,0,0
703989,52,0,0,0,128,0,0,1,0,0
703990,49,1,0,0,137,0,0,0,0,0
703991,78,0,0,1,137,2,1,0,1,0
703992,75,0,1,0,102,1,1,1,0,0
703993,54,1,0,0,153,0,1,0,0,0
703994,64,0,0,0,96,0,1,1,0,0
703995,70,0,0,0,114,0,0,1,0,0
703996,81,1,0,0,100,0,1,1,0,0
703997,61,0,1,0,80,0,0,1,0,0
703998,68,0,0,0,137,0,0,0,0,0
703999,77,0,0,0,110,0,0,0,0,0
704000,50,0,0,0,168,2,1,1,0,0
704001,59,1,1,0,125,0,0,1,0,0
704002,66,0,0,0,157,0,0,0,0,0
704003,60,1,0,0,109,0,0,1,0,0
704004,86,0,0,1,116,1,0,1,0,0
704005,74,1,0,0,147,0,1,1,0,0
704006,68,0,0,0,119,0,0,0,0,0
704007,57,0,1,0,107,1,0,1,0,0
704008,74,0,0,0,134,0,0,0,1,0
704009,72,1,1,1,165,2,1,1,1,0
704010,61,0,0,0,144,0,1,0,0,0
704011,62,0,0,0,147,1,0,1,1,0
704012,53,0,0,1,200,0,0,0,0,0
704013,66,0,0,0,154,0,1,1,0,1
704014,74,1,0,0,120,0,0,0,0,0
704015,76,0,0,1,138,1,0,0,0,0
704016,72,0,0,0,100,0,1,1,0,0
704017,74,1,0,0,125,0,0,0,0,0
704018,61,1,0,0,174,1,1,0,0,0
704019,62,0,0,0,147,0,0,1,0,0
704020,78,0,0,0,101,0,0,1,0,0
704021,71,0,0,0,114,1,0,0,1,0
704022,59,1,0,1,92,0,0,0,0,0
704023,71,1,0,0,197,1,1,1,0,0
704024,74,0,1,0,121,0,1,1,0,0
704025,73,0,0,0,100,0,0,0,0,0
704026,67,0,0,0,177,2,1,0,0,0
704027,61,1,0,1,136,0,0,1,0,0
704028,70,1,0,0,106,0,0,1,0,0
704029,82,1,1,0,108,0,0,1,0,0
704030,68,1,0,0,102,1,0,0,0,0
704031,60,0,0,0,128,0,0,0,0,1
704032,69,1,1,1,128,1,1,1,1,0
704033,55,1,0,0,145,0,0,0,0,0
704034,68,1,0,0,109,0,0,1,0,0
704035,63,0,0,1,118,0,0,0,0,0
704036,75,1,0,0,144,0,1,0,0,0
704037,67,1,0,0,168,0,1,0,0,0
704038,76,0,0,0,189,1,0,1,0,0
704039,88,0,0,0,166,0,1,1,0,0
704040,64,1,0,0,99,0,1,0,0,0
704041,58,0,1,0,124,0,1,1,0,0
704042,71,1,0,0,152,0,0,0,0,0
704043,65,1,0,0,108,0,0,0,0,0
704044,68,0,1,0,97,0,1,0,1,0
704045,61,1,0,0,88,0,0,1,1,0
704046,71,0,1,0,132,0,1,1,0,0
704047,67,1,0,0,114,0,1,1,0,0
704048,46,1,0,0,122,0,0,0,0,0
704049,64,0,0,0,98,0,1,0,0,0
704050,69,0,0,0,143,1,0,0,0,0
704051,77,1,0,1,111,1,1,0,1,0
704052,61,0,0,0,99,1,1,1,0,1
704053,59,0,0,0,102,0,1,1,0,0
704054,77,0,0,0,97,1,0,1,0,0
704055,60,0,0,0,148,0,0,1,0,0
704056,67,0,0,1,153,1,1,0,0,0
704057,71,0,1,1,113,1,1,1,0,0
704058,73,1,0,0,111,1,0,1,0,0
704059,66,1,0,0,191,0,1,1,0,0
704060,56,0,0,0,156,0,0,1,0,0
704061,76,0,0,0,174,1,0,0,0,0
704062,62,1,0,0,148,0,1,0,0,0
704063,61,1,0,0,137,1,0,1,0,0
704064,85,1,1,0,140,0,1,1,0,0
704065,74,1,1,0,177,1,0,0,0,0
704066,56,0,0,0,195,0,1,0,0,0
704067,62,1,0,0,145,0,1,1,0,0
704068,64,0,0,0,138,0,1,1,0,0
704069,59,0,0,0,162,0,0,0,0,0
704070,48,1,0,1,156,0,0,0,0,0
704071,74,0,0,0,131,1,1,1,0,0
704072,73,0,1,0,117,0,0,0,0,0
704073,68,1,0,0,116,0,0,1,0,0
704074,62,0,0,0,179,0,0,0,0,0
704075,68,1,0,0,124,0,1,1,0,0
704076,72,1,0,0,126,0,1,1,0,0
704077,56,0,0,1,125,0,0,0,0,0
704078,63,1,1,0,101,0,0,0,0,0
704079,61,0,0,0,149,0,0,0,0,0
704080,73,0,0,0,134,0,0,0,1,0
704081,69,1,1,0,147,1,0,0,1,0
704082,54,0,0,0,174,0,1,0,0,0
704083,60,0,0,0,130,0,1,1,0,0
704084,83,0,1,0,138,1,0,0,1,0
704085,57,1,0,0,116,2,0,1,0,0
704086,68,0,1,0,160,0,1,1,0,0
704087,60,1,0,0,147,1,0,1,0,0
704088,78,0,0,0,165,0,1,1,0,0
704089,66,1,0,0,180,0,0,1,0,0
704090,62,1,0,0,98,1,1,0,0,0
704091,55,1,1,0,179,0,0,0,0,0
704092,64,1,1,1,100,1,0,0,0,0
704093,74,0,0,0,106,0,1,1,0,0
704094,72,0,0,0,80,0,1,1,0,0
704095,54,0,1,0,178,0,1,1,0,1
704096,81,1,0,0,121,0,1,1,0,0
704097,64,0,0,0,151,0,1,1,0,0
704098,56,0,0,0,117,1,0,0,0,0
704099,67,0,0,0,182,1,0,1,1,1
704100,60,1,0,1,100,0,1,1,0,0
704101,61,0,0,0,134,1,1,0,0,0
704102,60,0,0,0,103,1,1,1,0,0
704103,65,0,1,0,127,0,0,1,0,0
704104,61,0,1,0,174,0,1,0,0,0
704105,50,0,0,0,143,0,0,1,0,0
704106,71,1,0,0,144,0,1,1,0,0
704107,61,0,0,0,156,0,1,0,0,0
704108,77,0,0,0,120,0,1,1,0,0
704109,71,1,1,0,100,1,0,1,0,0
704110,72,0,1,1,103,1,0,0,1,0
704111,68,0,0,0,121,0,1,0,0,0
704112,78,1,0,0,168,0,1,1,0,0
704113,63,0,0,1,135,0,0,0,1,0
704114,57,0,0,0,121,0,1,0,0,0
704115,69,1,0,0,137,1,1,1,0,0
704116,41,1,0,0,114,0,0,0,0,0
704117,63,1,0,0,159,0,0,1,0,0
704118,68,1,0,1,156,1,1,0,0,1
704119,62,0,1,0,113,0,1,0,0,0
704120,78,0,0,1,182,0,0,0,0,0
704121,73,0,0,0,100,0,1,1,0,0
704122,67,1,0,0,147,0,1,1,0,0
704123,62,0,1,0,126,0,1,1,0,0
704124,76,1,0,0,158,0,0,0,0,0
704125,60,0,1,1,159,0,1,0,0,0
704126,62,1,0,0,137,0,0,1,0,0
704127,73,1,0,0,143,0,1,0,0,0
704128,72,1,0,1,95,0,1,1,0,0
704129,85,1,1,0,93,1,0,1,0,0
704130,64,1,0,0,135,1,1,1,0,0
704131,49,1,0,0,143,0,1,1,0,0
704132,72,1,0,0,120,0,1,1,0,0
704133,78,0,0,0,152,0,1,1,0,0
704134,65,0,0,0,165,0,0,0,0,0
704135,81,1,0,1,86,2,0,0,0,0
704136,83,1,0,0,145,0,0,0,0,0
704137,60,0,0,0,188,0,0,1,0,0
704138,62,1,0,0,132,0,1,0,0,0
704139,54,1,0,0,134,1,0,0,0,0
704140,71,0,0,0,135,0,1,0,0,0
704141,73,0,0,0,149,1,0,0,0,0
704142,72,1,0,1,65,0,1,0,0,0
704143,55,0,1,1,147,0,0,1,0,0
704144,59,0,0,0,124,0,1,1,0,0
704145,53,1,0,0,152,1,0,0,0,0
704146,51,1,1,0,118,0,0,1,0,0
704147,54,0,0,0,132,0,1,0,0,0
704148,51,1,1,1,144,1,0,0,0,0
704149,64,0,1,0,163,0,1,1,0,0
704150,70,1,0,0,130,0,1,1,0,1
704151,72,1,0,0,145,1,0,0,0,0
704152,66,1,1,1,107,0,0,0,0,1
704153,60,0,0,1,133,0,0,1,0,0
704154,66,0,1,0,145,0,1,0,0,0
704155,71,1,1,0,188,0,0,0,0,0
704156,63,0,0,0,111,0,0,1,0,0
704157,67,1,0,1,139,0,0,0,0,0
704158,63,1,0,1,120,0,0,1,0,0
704159,61,0,0,1,151,2,1,0,0,0
704160,66,1,0,0,112,0,1,0,0,0
704161,56,0,1,0,158,0,0,0,0,0
704162,76,0,0,0,105,1,1,0,0,0
704163,52,0,1,0,182,0,0,0,0,0
704164,70,0,1,0,137,0,1,0,0,0
704165,53,0,0,0,128,0,1,0,0,0
704166,80,0,0,0,138,1,1,1,0,0
704167,74,0,1,1,142,1,0,0,1,0
704168,58,0,0,0,145,0,0,1,0,0
704169,62,0,0,0,164,1,0,1,0,0
704170,56,0,0,1,136,0,1,1,0,0
704171,65,1,0,1,118,0,0,1,0,0
704172,70,0,0,0,96,0,0,1,0,0
704173,90,0,1,0,121,1,0,1,0,0
704174,53,1,0,0,108,0,1,0,0,0
704175,78,0,1,1,161,0,1,1,0,0
704176,61,0,0,0,104,0,1,1,0,0
704177,69,0,0,0,121,0,0,1,0,1
704178,74,1,0,0,142,0,1,1,0,0
704179,71,0,1,0,176,1,1,0,0,0
704180,70,0,0,0,92,0,1,1,0,0
704181,64,1,0,0,131,0,1,1,0,0
704182,66,0,1,0,162,3,0,1,1,0
704183,67,0,0,1,90,0,0,0,0,0
704184,77,0,1,0,155,1,0,1,0,0
704185,52,0,0,0,74,0,0,1,0,0
704186,61,1,1,0,132,1,0,0,0,0
704187,54,1,1,0,108,0,0,1,0,0
704188,57,1,0,0,123,0,1,1,0,0
704189,59,0,0,0,145,0,1,0,0,0
704190,76,1,0,0,178,0,1,0,0,0
704191,86,1,1,0,112,1,0,0,0,0
704192,79,0,0,0,180,0,1,1,0,0
704193,55,0,0,0,182,2,0,1,0,0
704194,67,1,0,1,94,0,1,0,0,0
704195,55,0,0,1,137,0,0,0,0,0
704196,70,1,0,1,152,0,1,0,0,0
704197,78,0,0,1,177,1,0,0,1,0
704198,71,0,1,1,155,2,1,1,0,0
704199,74,1,0,1,124,1,0,1,0,0
704200,65,1,1,0,122,2,0,0,0,0
704201,48,1,0,0,156,0,0,0,0,0
704202,48,0,0,0,114,0,0,0,0,0
704203,65,1,0,1,143,0,0,0,0,0
704204,71,1,0,0,137,1,1,1,0,0
704205,78,0,0,0,112,1,1,0,1,0
704206,63,0,0,0,200,0,0,1,0,0
704207,67,1,0,0,140,1,0,0,0,0
704208,68,0,0,1,195,0,0,0,1,0
704209,76,0,0,0,166,0,1,1,0,0
704210,65,1,1,0,165,1,0,1,0,0
704211,56,1,0,0,118,0,0,1,0,0
704212,76,0,0,0,120,1,0,0,0,0
704213,70,1,0,1,137,0,0,0,0,0
704214,70,1,0,0,132,0,0,0,0,0
704215,54,1,0,0,102,0,0,0,0,0
704216,66,0,0,0,198,0,1,1,0,0
704217,50,1,1,0,201,0,1,0,0,0
704218,47,1,0,1,152,0,1,0,0,0
704219,64,0,0,0,140,0,0,1,0,0
704220,62,1,0,0,128,1,1,1,0,0
704221,71,0,0,0,106,1,1,0,0,0
704222,79,0,0,0,147,0,0,0,0,0
704223,66,0,0,0,134,0,0,0,0,0
704224,83,1,1,1,152,2,0,0,1,1
704225,61,1,0,1,162,0,1,0,0,0
704226,73,0,1,1,195,0,1,0,1,0
704227,54,1,0,1,134,0,0,1,0,0
704228,67,0,0,0,142,0,0,1,0,0
704229,63,0,1,0,128,0,0,0,0,0
704230,64,0,0,0,145,1,0,1,0,0
704231,71,1,0,0,107,0,1,1,0,0
704232,49,0,1,0,180,0,0,1,0,0
704233,67,1,1,0,150,0,0,0,1,0
704234,58,1,0,0,99,0,0,0,1,0
704235,67,1,1,0,135,1,0,1,0,0
704236,70,1,0,0,169,1,0,0,0,0
704237,63,0,1,0,154,0,0,0,0,0
704238,63,0,0,1,118,0,1,1,0,0
704239,55,1,0,0,153,0,1,1,0,0
704240,71,1,0,0,145,0,0,0,0,0
704241,60,1,0,1,118,0,1,1,0,0
704242,70,0,0,0,145,0,0,0,0,0
704243,53,0,0,1,103,0,0,0,0,0
704244,79,0,0,0,124,0,1,0,0,0
704245,57,1,0,1,100,0,0,0,0,0
704246,77,0,0,1,162,0,0,0,1,0
704247,62,0,0,1,164,1,0,0,1,0
704248,71,0,0,1,123,1,0,0,1,0
704249,65,1,0,0,140,0,0,1,0,0
704250,72,0,0,1,176,0,0,1,0,0
704251,66,1,1,0,92,0,1,0,0,0
704252,78,0,0,1,133,0,0,0,0,0
704253,72,1,0,0,150,1,0,1,0,1
704254,72,1,0,0,151,0,0,0,0,0
704255,81,1,1,1,122,1,0,1,0,0
704256,60,0,0,0,80,0,0,0,0,0
704257,78,0,1,0,115,0,1,0,0,1
704258,67,0,0,0,163,0,0,1,0,0
704259,52,0,0,0,118,0,1,1,0,0
704260,70,0,0,0,140,0,1,1,1,1
704261,64,0,0,0,130,0,0,0,0,0
704262,82,0,0,0,160,0,1,1,0,0
704263,61,0,1,1,116,1,1,0,0,0
704264,66,1,0,0,144,0,0,1,0,0
704265,68,1,1,1,141,0,1,1,0,0
704266,48,1,0,0,105,0,0,0,0,0
704267,71,1,1,1,144,0,0,1,0,0
704268,57,0,0,0,162,0,0,0,0,0
704269,79,0,0,0,145,0,1,0,0,0
704270,81,0,0,0,116,1,0,1,0,0
704271,66,0,0,0,117,0,1,0,0,0
704272,51,1,0,0,98,0,0,1,0,0
704273,68,0,1,1,103,0,0,1,0,0
704274,68,0,1,0,77,0,0,1,0,0
704275,73,1,0,0,144,0,0,0,0,0
704276,63,0,0,0,135,0,0,0,1,0
704277,55,0,0,0,133,0,1,1,0,0
704278,65,1,0,0,204,0,1,1,0,0
704279,57,0,0,0,136,0,1,0,0,0
704280,82,0,1,1,156,1,0,0,0,0
704281,59,0,0,1,98,0,0,1,1,0
704282,60,0,0,0,124,0,0,1,0,0
704283,66,1,0,0,117,1,1,1,0,0
704284,55,1,0,0,139,1,0,0,1,0
704285,62,0,1,0,104,0,1,1,0,0
704286,65,0,0,0,115,0,0,1,0,0
704287,61,1,0,0,115,0,0,1,0,0
704288,64,0,0,0,141,0,1,0,0,0
704289,77,0,0,1,99,0,0,0,1,0
704290,70,0,1,0,139,0,0,1,0,0
704291,54,0,0,1,148,0,0,0,1,0
704292,62,1,0,0,137,0,0,1,0,0
704293,73,0,0,0,167,1,0,1,0,0
704294,60,0,0,0,137,0,1,1,0,0
704295,67,0,0,0,140,1,0,0,1,0
704296,66,0,0,0,141,1,1,1,0,0
704297,71,0,0,0,160,1,0,1,0,0
704298,64,1,0,0,147,0,1,1,0,0
704299,65,0,0,0,136,0,0,0,0,0
704300,58,0,1,1,154,0,0,1,0,0
704301,69,1,0,0,113,0,0,1,0,0
704302,57,1,0,0,157,0,0,1,0,0
704303,82,0,1,0,101,1,1,1,0,0
704304,66,0,0,0,172,0,1,1,0,0
704305,64,0,0,0,118,0,0,0,0,0
704306,73,0,0,0,128,0,1,1,0,0
704307,65,0,1,1,128,0,0,1,0,0
704308,67,1,1,0,149,0,0,0,0,0
704309,66,0,0,0,81,0,0,0,0,1
704310,59,0,1,0,122,0,0,0,0,0
704311,57,0,0,0,153,0,0,0,0,0
704312,60,0,0,0,144,0,1,1,0,0
704313,76,0,0,1,102,1,0,0,1,0
704314,60,0,0,0,169,0,0,1,0,0
704315,62,0,0,0,187,1,1,1,0,0
704316,62,1,0,0,110,0,1,0,0,0
704317,72,1,0,0,123,0,0,0,1,0
704318,84,1,0,0,100,0,0,0,0,0
704319,57,0,1,0,117,1,0,1,0,0
704320,71,1,1,1,129,1,0,0,0,0
704321,67,0,0,0,193,1,1,1,0,0
704322,63,0,0,0,98,0,1,1,0,0
704323,71,1,0,0,186,0,0,1,0,0
704324,54,1,0,0,134,0,1,1,0,0
704325,74,1,0,0,124,1,0,1,0,0
704326,68,0,0,0,121,2,0,1,0,0
704327,57,1,0,0,151,1,0,0,0,0
704328,81,1,0,0,124,0,0,0,1,0
704329,74,0,0,0,128,0,1,0,0,0
704330,77,0,0,0,129,1,1,0,0,0
704331,53,0,1,1,136,0,0,1,0,0
704332,63,1,0,1,142,1,0,1,0,0
704333,61,0,0,1,126,0,1,1,0,0
704334,72,1,1,0,112,1,0,1,0,0
704335,78,1,1,0,152,2,1,1,0,0
704336,48,0,0,0,138,0,0,0,0,0
704337,66,0,1,0,135,0,0,0,0,0
704338,65,1,0,0,80,1,1,1,0,1
704339,75,0,0,0,132,2,0,1,0,0
704340,66,0,0,0,113,0,1,0,0,0
704341,54,0,0,0,105,2,1,1,0,0
704342,64,0,0,0,121,0,1,1,0,0
704343,56,0,0,0,108,0,1,0,0,0
704344,59,0,0,0,79,0,0,0,0,0
704345,66,1,1,0,100,0,1,0,0,0
704346,62,0,0,0,159,1,0,1,0,0
704347,69,0,1,0,128,0,0,0,0,0
704348,52,0,0,0,110,0,0,1,0,0
704349,87,0,1,0,133,1,0,0,0,0
704350,78,0,1,0,78,0,1,1,0,0
704351,73,0,0,0,174,0,1,0,0,0
704352,54,1,0,0,164,0,0,1,0,0
704353,46,0,0,0,130,0,0,1,0,0
704354,58,0,0,0,143,0,0,0,0,0
704355,64,1,1,0,115,2,0,0,0,0
704356,87,0,0,0,120,0,1,0,0,0
704357,78,0,0,0,126,0,0,1,0,0
704358,61,1,0,0,119,2,1,1,0,0
704359,77,1,0,0,148,0,1,0,0,0
704360,77,0,1,0,101,3,0,1,0,0
704361,66,0,0,0,149,1,1,1,0,0
704362,77,1,1,0,107,0,0,0,1,0
704363,69,1,1,0,137,0,1,0,0,0
704364,60,0,0,1,168,1,0,1,0,0
704365,55,1,0,0,182,0,1,1,0,0
704366,65,0,0,0,93,0,0,0,0,0
704367,75,0,0,0,152,0,1,0,1,0
704368,54,1,0,0,174,0,1,1,0,0
704369,51,1,0,0,135,0,0,0,0,0
704370,71,0,0,0,172,2,0,0,0,1
704371,41,0,1,1,112,0,1,0,0,0
704372,83,0,0,0,134,1,0,0,0,0
704373,62,0,1,0,197,2,0,1,0,1
704374,73,0,0,0,155,0,0,1,0,1
704375,83,0,1,0,160,1,1,1,0,0
704376,53,0,0,0,130,0,1,1,0,0
704377,56,0,0,0,129,0,0,1,0,0
704378,87,1,0,0,159,0,1,1,0,0
704379,63,0,0,0,137,0,1,1,0,0
704380,65,1,1,0,181,0,1,1,0,0
704381,68,1,0,0,113,0,1,0,0,0
704382,76,0,1,0,110,0,0,0,0,0
704383,78,0,0,0,147,0,1,1,1,0
704384,67,0,0,0,94,0,0,0,0,0
704385,63,1,1,0,151,1,0,0,1,0
704386,66,0,1,0,174,0,1,1,0,0
704387,69,0,0,0,185,0,0,1,0,0
704388,78,1,0,0,101,0,0,0,0,0
704389,67,0,1,0,124,0,1,0,0,0
704390,83,1,1,0,157,0,1,1,0,0
704391,58,1,0,0,122,1,0,0,0,0
704392,71,0,1,0,147,0,1,1,0,0
704393,82,0,0,1,89,1,0,0,0,0
704394,78,1,0,0,132,0,1,0,0,0
704395,69,0,0,0,151,1,0,0,0,0
704396,58,0,0,0,116,0,1,1,0,0
704397,59,1,0,0,148,1,0,1,0,0
704398,65,0,1,0,137,1,0,0,0,0
704399,69,1,1,0,126,0,0,0,0,0
704400,64,0,1,0,108,1,0,0,0,0
704401,53,1,0,0,129,0,0,1,0,0
704402,59,0,1,0,144,1,0,0,0,0
704403,71,1,0,1,128,1,0,1,0,0
704404,74,0,0,1,153,0,0,0,1,0
704405,53,0,0,0,148,1,0,1,0,0
704406,63,0,0,0,103,0,1,1,0,1
704407,51,0,0,0,136,0,1,0,0,0
704408,61,1,1,0,164,0,1,1,0,0
704409,90,0,0,1,151,0,0,0,1,0
704410,67,0,0,1,126,0,0,1,0,0
704411,63,1,0,0,98,0,0,0,1,1
704412,61,1,0,0,138,1,0,1,0,1
704413,55,1,0,0,141,0,1,1,0,0
704414,49,1,1,0,167,0,1,1,0,0
704415,66,1,0,0,132,0,0,1,0,0
704416,63,1,0,1,135,0,0,1,0,0
704417,80,0,1,0,144,0,0,0,0,0
704418,51,1,0,0,173,0,0,0,0,0
704419,70,0,0,0,162,0,1,1,0,0
704420,78,1,0,1,188,0,0,0,0,0
704421,48,0,1,0,121,0,0,0,0,0
704422,72,1,0,0,164,0,1,0,0,0
704423,51,0,1,0,142,1,0,1,1,0
704424,71,0,1,1,177,0,1,1,1,0
704425,80,1,1,0,122,1,0,1,0,0
704426,66,0,1,0,156,0,1,1,0,0
704427,69,1,0,0,154,0,0,0,0,0
704428,60,1,1,1,111,0,0,0,0,0
704429,69,0,1,1,135,0,0,1,0,0
704430,76,1,0,1,129,0,1,1,0,0
704431,64,0,0,0,122,0,0,0,0,0
704432,65,0,0,0,116,0,1,1,0,0
704433,70,1,1,0,96,0,1,1,0,0
704434,74,1,0,0,146,0,1,1,0,0
704435,51,1,0,1,137,0,0,0,0,0
704436,67,0,0,1,139,0,0,0,0,0
704437,60,0,1,1,132,0,1,1,0,0
704438,71,0,0,0,144,0,0,1,0,0
704439,76,1,0,0,117,0,0,1,0,0
704440,69,0,1,0,109,0,1,1,0,0
704441,78,0,0,0,146,1,0,0,0,0
704442,57,0,0,0,144,0,1,1,0,0
704443,62,0,0,0,149,1,0,0,0,0
704444,57,1,0,0,146,1,1,1,0,0
704445,67,0,0,0,101,1,1,0,0,0
704446,67,1,0,1,103,0,1,1,0,0
704447,64,0,0,0,115,0,1,0,0,1
704448,55,0,0,0,186,0,0,0,0,0
704449,65,1,0,0,151,0,1,1,0,0
704450,62,0,0,0,104,0,0,1,0,0
704451,72,0,0,0,162,0,1,1,0,0
704452,64,1,1,0,156,0,1,1,0,0
704453,77,0,0,0,122,0,0,0,0,0
704454,68,0,0,0,154,0,0,1,0,0
704455,49,0,0,1,140,0,0,1,0,0
704456,64,1,0,1,135,0,1,0,0,0
704457,53,0,0,1,143,0,0,0,0,0
704458,75,0,0,0,168,0,1,1,0,0
704459,79,1,0,1,154,0,0,0,0,0
704460,66,1,1,0,87,1,0,1,0,0
704461,70,0,0,0,118,2,1,1,0,0
704462,53,0,0,1,173,0,0,0,0,0
704463,45,1,0,0,196,0,0,0,1,0
704464,61,0,0,0,105,1,1,1,0,0
704465,64,0,0,0,167,0,1,1,0,0
704466,52,1,0,0,95,1,1,0,0,0
704467,67,1,0,0,170,0,1,1,0,0
704468,69,1,1,1,129,1,0,0,0,0
704469,72,1,1,0,167,0,1,0,0,0
704470,80,0,0,1,152,0,0,0,0,1
704471,73,0,0,1,114,0,1,1,0,0
704472,63,1,0,0,108,0,0,0,0,0
704473,67,0,0,0,101,0,1,0,0,1
704474,72,1,0,0,85,1,0,0,0,0
704475,56,1,0,0,60,0,0,0,0,0
704476,78,0,0,1,106,0,0,0,0,1
704477,74,1,1,0,137,0,0,1,1,0
704478,64,0,0,0,125,1,0,0,0,0
704479,60,0,0,0,149,1,0,0,0,0
704480,90,1,0,0,122,0,1,1,0,0
704481,74,1,0,0,153,0,0,0,0,0
704482,75,0,1,0,147,1,0,0,0,0
704483,83,1,0,0,124,0,1,1,0,0
704484,75,0,0,1,102,0,0,1,0,0
704485,68,1,0,0,82,0,1,1,0,0
704486,73,0,0,0,153,0,0,1,0,0
704487,58,1,0,0,134,0,0,1,0,0
704488,73,1,0,1,84,0,0,0,0,0
704489,52,0,0,0,113,0,0,1,0,0
704490,70,0,0,0,125,0,0,0,1,0
704491,71,1,0,0,178,1,0,0,0,0
704492,52,0,0,0,164,1,0,1,0,0
704493,84,0,0,0,129,1,1,1,1,0
704494,55,0,0,0,154,0,1,0,0,0
704495,76,0,1,1,93,1,1,1,1,0
704496,61,0,0,1,122,1,0,0,1,1
704497,69,1,1,0,124,1,1,0,0,0
704498,60,1,0,0,97,1,1,1,0,0
704499,89,1,0,0,169,0,1,1,0,0
704500,76,0,1,0,124,0,0,1,0,0
704501,83,1,1,1,171,0,1,0,1,0
704502,73,0,0,1,91,1,0,0,1,0
704503,73,1,1,0,161,0,1,1,0,1
704504,68,0,0,1,157,0,0,1,0,0
704505,64,0,0,0,106,0,1,1,0,0
704506,72,1,0,0,144,0,0,1,0,0
704507,68,1,1,0,142,0,0,1,0,0
704508,65,1,0,0,154,1,1,1,0,0
704509,53,0,1,1,123,0,0,0,0,0
704510,63,0,0,1,110,0,0,1,1,0
704511,72,0,0,0,107,0,0,0,0,0
704512,62,1,0,0,140,0,1,1,0,0
704513,69,1,1,0,118,0,1,1,0,0
704514,65,0,0,0,135,0,1,1,0,0
704515,57,1,0,0,68,0,1,0,0,0
704516,58,1,0,0,127,1,1,0,0,0
704517,59,1,0,0,86,0,0,0,0,1
704518,64,0,0,0,139,0,1,1,0,0
704519,64,1,1,0,172,0,0,1,0,0
704520,77,0,0,0,144,1,1,1,0,0
704521,56,1,0,1,127,1,0,1,0,0
704522,47,0,0,0,160,0,0,1,0,0
704523,73,0,1,1,78,0,0,0,0,0
704524,62,0,0,0,120,0,0,1,0,0
704525,65,0,1,1,164,0,0,0,1,0
704526,90,0,0,0,121,1,0,0,1,0
704527,80,0,1,1,83,3,0,1,1,0
704528,72,0,0,0,107,2,1,0,0,0
704529,75,0,0,0,149,0,1,1,1,0
704530,67,0,0,0,150,0,0,0,0,0
704531,75,1,0,0,140,1,0,0,0,0
704532,61,0,0,0,161,0,1,1,0,0
704533,60,0,0,0,139,0,0,1,0,0
704534,62,0,0,1,142,1,0,0,0,1
704535,81,1,1,0,163,1,1,1,0,0
704536,81,0,0,0,85,1,0,0,0,0
704537,61,0,1,1,212,0,0,0,1,0
704538,77,1,1,0,146,0,0,0,0,0
704539,65,0,0,1,198,0,0,0,1,0
704540,76,1,0,1,141,1,0,0,1,0
704541,63,0,0,0,172,2,0,0,1,0
704542,75,0,1,1,151,0,0,0,0,0
704543,65,1,0,0,148,0,0,1,0,0
704544,64,0,0,0,139,1,1,1,0,0
704545,66,0,1,1,131,0,0,0,0,0
704546,68,0,1,1,178,1,0,0,1,0
704547,61,1,0,0,160,0,0,1,0,0
704548,54,0,0,0,183,0,1,1,0,0
704549,82,0,1,0,96,1,1,1,1,0
704550,63,0,1,0,84,1,1,1,0,0
704551,50,1,0,0,150,0,1,0,0,0
704552,45,1,0,0,182,0,1,0,0,0
704553,40,0,0,0,104,0,0,1,0,0
704554,61,0,1,1,107,0,0,0,0,0
704555,79,1,1,0,111,2,0,0,1,0
704556,51,0,0,0,132,0,0,0,0,0
704557,63,1,1,0,166,1,1,1,1,0
704558,49,1,0,0,133,0,0,0,0,0
704559,77,1,0,0,144,0,1,0,0,0
704560,70,0,0,0,91,0,1,1,0,1
704561,69,0,1,0,83,1,1,1,0,0
704562,79,0,1,0,144,1,1,1,0,0
704563,82,0,0,1,145,0,1,0,1,0
704564,76,1,0,1,116,0,0,0,0,0
704565,61,0,0,0,142,0,1,1,0,0
704566,54,0,0,0,140,0,0,0,1,0
704567,57,1,0,0,154,0,0,1,0,0
704568,50,1,1,0,120,0,1,0,0,0
704569,83,0,1,0,136,2,1,1,0,0
704570,65,1,0,0,185,0,0,1,0,1
704571,68,1,1,0,113,0,0,1,0,0
704572,68,0,0,0,124,1,0,0,0,0
704573,85,0,0,0,120,0,1,0,0,0
704574,61,0,0,0,157,1,0,1,0,0
704575,77,0,0,1,110,0,0,1,0,0
704576,69,1,1,1,98,1,0,0,1,0
704577,65,0,0,0,114,1,0,0,0,0
704578,49,1,0,0,95,0,1,0,0,0
704579,75,1,0,0,143,0,1,0,0,0
704580,59,0,1,0,187,0,0,0,0,0
704581,62,0,0,0,154,1,1,0,0,0
704582,68,0,0,1,151,0,0,0,1,0
704583,67,0,1,0,148,1,1,0,0,0
704584,77,1,1,1,126,1,1,1,1,0
704585,60,0,0,0,92,0,0,0,0,0
704586,68,0,0,0,107,0,1,1,0,0
704587,69,0,0,0,161,0,0,0,0,0
704588,67,1,0,0,95,1,0,0,0,0
704589,73,0,0,1,183,1,0,0,1,0
704590,64,0,0,0,104,0,0,0,0,0
704591,78,1,0,1,124,1,1,0,0,0
704592,60,1,0,0,111,0,0,0,0,0
704593,53,0,0,0,102,0,0,0,0,0
704594,66,0,1,0,122,0,0,1,0,0
704595,77,1,0,0,129,1,0,1,1,0
704596,62,1,0,0,128,0,0,1,1,0
704597,61,0,0,0,147,1,0,0,1,0
704598,63,0,0,0,139,0,1,1,0,0
704599,68,0,0,0,172,0,1,0,1,0
704600,65,0,0,0,124,2,0,0,0,0
704601,69,1,0,1,110,1,0,1,0,0
704602,50,0,1,0,116,0,0,1,0,0
704603,80,0,1,0,132,0,0,1,0,0
704604,72,1,1,0,168,1,1,0,0,0
704605,58,0,0,0,140,1,0,0,0,0
704606,79,0,1,0,124,0,1,1,0,0
704607,71,0,0,0,140,0,0,1,0,0
704608,80,0,1,0,102,1,1,1,0,0
704609,55,0,0,1,124,1,1,1,0,0
704610,82,0,0,0,116,0,0,0,0,0
704611,67,1,0,0,106,1,1,1,0,0
704612,47,0,0,0,152,0,0,1,0,0
704613,73,0,0,0,112,1,1,1,0,1
704614,64,1,1,0,117,0,0,1,0,0
704615,57,0,0,0,104,1,0,0,0,0
704616,64,0,0,0,143,0,1,0,0,0
704617,48,0,1,1,105,1,0,1,0,0
704618,72,1,0,0,193,0,1,0,0,0
704619,64,1,0,0,107,0,0,0,0,0
704620,64,0,0,0,159,0,1,1,0,0
704621,79,1,0,1,150,1,0,0,1,0
704622,67,0,0,0,160,1,0,0,0,0
704623,60,1,0,0,140,0,1,1,0,0
704624,58,1,1,0,107,0,0,0,0,0
704625,66,0,0,0,196,0,0,0,0,0
704626,76,0,0,0,141,0,1,1,0,0
704627,61,0,0,0,105,0,1,1,0,0
704628,57,1,0,0,171,1,0,0,0,0
704629,75,0,0,0,134,0,1,1,0,0
704630,67,1,0,1,116,0,1,0,0,0
704631,66,1,0,0,154,0,1,0,0,0
704632,86,1,1,0,138,0,0,0,0,0
704633,55,1,0,0,153,1,0,0,0,0
704634,68,0,0,0,135,1,0,0,0,0
704635,50,1,0,0,164,1,1,0,0,0
704636,64,0,1,0,148,2,0,0,0,1
704637,72,1,0,1,125,0,1,0,0,0
704638,77,0,0,0,136,1,0,0,0,1
704639,55,0,0,0,165,0,1,1,0,0
704640,74,1,0,0,135,0,0,0,0,0
704641,74,0,0,0,116,1,0,0,0,0
704642,65,1,0,0,140,0,0,0,0,0
704643,89,1,0,0,151,1,0,1,1,0
704644,66,0,0,0,149,0,1,1,0,0
704645,58,0,0,0,99,0,1,1,0,0
704646,70,0,0,1,105,0,0,0,0,0
704647,49,0,0,0,128,0,1,0,0,0
704648,81,1,0,0,159,1,0,1,0,0
704649,76,1,1,0,141,1,0,0,0,0
704650,63,0,0,0,178,0,0,0,0,1
704651,72,0,0,0,179,0,1,0,0,0
704652,71,0,0,0,158,0,1,1,0,0
704653,84,1,0,1,141,0,1,0,0,0
704654,61,0,1,0,131,0,0,0,0,0
704655,54,0,0,0,112,0,0,0,1,0
704656,48,0,0,0,141,0,0,0,0,0
704657,64,0,0,0,105,0,0,1,0,0
704658,52,0,0,0,160,0,1,1,0,0
704659,65,0,0,0,89,0,1,0,0,0
704660,70,0,1,0,169,0,1,0,0,0
704661,62,0,0,0,130,0,0,0,0,0
704662,58,0,1,0,115,0,0,1,0,0
704663,77,1,1,0,139,0,0,0,1,0
704664,65,0,0,0,139,0,0,0,0,0
704665,69,0,0,0,137,2,0,0,0,0
704666,75,0,1,0,100,2,0,0,1,0
704667,54,0,0,0,60,0,1,1,0,0
704668,58,0,0,0,162,0,1,1,0,0
704669,90,0,0,0,136,1,1,0,1,0
704670,65,0,1,1,156,0,0,1,0,0
704671,57,1,0,0,69,0,0,0,0,1
704672,64,0,0,0,125,0,0,0,0,0
704673,61,1,1,0,108,1,0,0,0,0
704674,55,0,0,0,139,0,1,1,0,0
704675,63,1,0,1,163,0,0,0,1,0
704676,66,0,0,0,103,0,0,1,0,0
704677,66,1,1,0,149,1,0,0,0,0
704678,71,0,0,0,150,0,1,1,0,0
704679,50,0,0,1,78,0,0,0,0,0
704680,53,1,0,0,133,0,0,1,0,0
704681,74,0,0,0,135,1,0,1,0,0
704682,62,0,0,0,127,0,0,1,0,0
704683,78,0,1,0,149,2,0,1,0,0
704684,69,1,0,1,170,0,0,1,0,0
704685,53,0,0,0,156,0,1,0,0,0
704686,71,0,0,1,168,1,1,1,0,0
704687,57,0,0,0,160,0,0,0,0,0
704688,69,0,1,0,132,0,1,0,0,0
704689,78,0,0,1,118,0,1,0,0,0
704690,86,1,1,0,102,1,1,1,0,0
704691,66,1,0,1,82,2,0,0,0,0
704692,73,0,0,0,119,0,1,1,0,0
704693,69,1,1,1,144,1,1,0,0,0
704694,74,0,0,0,131,1,1,1,0,0
704695,43,0,0,0,133,0,0,0,0,0
704696,63,0,0,0,158,0,1,1,1,0
704697,69,0,1,1,161,1,0,1,0,0
704698,71,0,0,0,129,0,1,1,0,0
704699,59,0,0,1,132,0,1,1,0,0
704700,74,1,0,0,94,0,0,0,1,0
704701,77,0,0,0,166,1,1,0,0,0
704702,67,0,1,0,130,3,0,0,0,0
704703,64,0,1,1,62,0,0,0,0,0
704704,63,0,0,0,135,2,0,0,0,0
704705,68,1,0,1,130,0,0,0,0,0
704706,77,0,1,0,155,0,1,1,0,1
704707,80,0,0,0,135,1,0,0,0,0
704708,62,1,0,0,148,0,1,0,0,0
704709,58,1,1,1,120,2,1,1,0,0
704710,59,0,0,0,159,0,0,0,0,0
704711,75,0,0,0,104,2,1,0,1,0
704712,68,1,0,0,131,0,0,0,0,0
704713,69,0,0,1,141,0,1,0,0,0
704714,71,1,0,1,126,0,0,0,0,0
704715,70,0,0,0,159,0,0,1,0,0
704716,65,0,0,0,146,0,1,0,0,0
704717,57,0,0,1,142,0,1,1,0,0
704718,61,1,0,0,140,1,0,0,0,0
704719,67,0,0,0,148,0,0,0,0,0
704720,70,0,0,1,151,0,0,0,0,0
704721,63,0,0,1,109,1,0,1,0,0
704722,63,0,0,0,134,0,0,0,1,0
704723,79,0,0,1,128,0,0,0,1,0
704724,62,1,0,0,126,0,0,1,0,0
704725,68,1,1,0,137,0,0,1,0,0
704726,63,1,1,1,135,2,1,1,0,0
704727,58,1,1,0,99,1,1,0,0,0
704728,52,1,0,1,128,1,0,0,0,0
704729,61,0,0,0,163,0,0,0,0,0
704730,59,0,0,0,153,0,0,0,0,0
704731,74,1,0,0,83,0,1,1,0,0
704732,56,1,0,1,119,1,0,0,0,1
704733,63,1,0,0,145,0,1,0,0,0
704734,72,0,1,0,98,0,0,1,1,0
704735,65,0,0,0,139,0,0,0,0,0
704736,71,0,0,0,177,1,1,1,0,0
704737,74,1,0,0,147,0,1,1,0,0
704738,51,1,0,0,109,0,1,0,0,0
704739,63,0,0,0,145,1,0,0,0,0
704740,58,0,0,0,86,0,0,1,0,0
704741,79,1,0,0,132,1,1,0,0,0
704742,65,1,0,0,80,0,1,0,0,0
704743,71,1,0,0,120,1,0,1,0,0
704744,82,1,0,0,82,0,0,0,0,0
704745,63,1,0,0,115,0,1,1,0,0
704746,67,0,0,0,123,0,1,0,0,0
704747,70,0,0,0,163,0,0,1,0,0
704748,64,1,0,0,145,0,0,1,0,0
704749,78,1,0,1,185,0,1,0,1,0
704750,74,0,1,1,171,0,0,0,0,1
704751,76,1,0,1,137,2,1,1,0,0
704752,67,0,0,1,153,1,1,0,0,0
704753,63,0,0,0,108,0,0,0,1,0
704754,63,1,0,0,135,0,1,1,0,0
704755,63,1,0,0,121,0,1,0,0,0
704756,51,0,0,0,107,0,0,1,0,0
704757,70,1,1,0,162,1,1,0,0,0
704758,74,1,1,0,117,0,1,0,0,0
704759,66,0,1,1,145,0,1,1,0,0
704760,62,0,0,0,126,0,0,0,1,0
704761,67,1,1,0,161,0,0,0,0,0
704762,68,0,0,0,147,0,1,1,0,0
704763,69,1,0,0,92,1,1,1,0,0
704764,83,1,0,0,144,0,1,1,0,0
704765,59,0,0,0,209,0,1,0,0,0
704766,70,0,0,1,155,0,1,1,0,0
704767,73,0,0,1,166,0,0,1,0,0
704768,67,1,0,0,151,0,0,0,1,0
704769,64,0,0,1,179,0,1,0,0,0
704770,57,1,0,0,120,0,1,1,0,0
704771,61,0,0,0,117,0,0,0,0,0
704772,73,0,0,0,123,0,1,1,0,0
704773,80,0,1,0,97,2,0,1,0,0
704774,60,0,1,0,108,1,0,0,0,0
704775,71,1,0,0,167,0,1,0,0,1
704776,71,1,1,1,117,1,1,0,0,0
704777,76,0,0,0,116,0,1,1,0,0
704778,69,0,0,0,171,0,1,1,0,0
704779,70,1,0,1,150,2,0,0,0,0
704780,75,0,0,1,122,0,1,1,0,0
704781,56,1,0,0,117,0,0,1,0,0
704782,67,0,0,0,129,0,1,0,0,0
704783,50,1,0,0,138,1,0,1,0,0
704784,48,0,0,0,165,1,1,1,0,0
704785,59,0,0,1,146,0,1,1,0,0
704786,52,0,0,0,110,0,1,1,0,0
704787,71,1,0,0,130,0,0,0,1,0
704788,75,1,0,0,98,4,0,1,0,0
704789,64,0,0,0,120,1,1,1,0,0
704790,65,0,0,1,181,0,1,1,0,0
704791,64,0,0,0,99,0,1,1,0,0
704792,64,0,0,0,122,1,0,0,0,0
704793,68,0,0,0,158,0,0,0,0,0
704794,70,1,0,0,141,0,1,1,0,0
704795,62,1,0,1,128,0,0,0,0,0
704796,59,0,1,1,115,1,0,0,0,0
704797,62,1,1,0,112,0,1,1,0,0
704798,74,0,0,0,155,0,1,1,0,0
704799,63,0,1,0,132,0,0,0,0,1
704800,80,0,0,1,144,0,1,1,0,0
704801,64,0,1,0,154,0,1,1,0,1
704802,79,0,0,0,95,0,1,0,0,0
704803,55,0,0,0,87,0,1,1,0,0
704804,60,0,0,0,147,0,1,1,0,0
704805,71,0,0,0,162,1,1,0,0,0
704806,71,1,1,0,135,1,1,1,0,0
704807,65,1,0,0,157,0,1,1,1,0
704808,85,1,0,0,93,0,1,1,0,0
704809,67,0,1,0,126,0,1,1,0,1
704810,69,0,0,0,121,0,0,0,0,0
704811,61,0,0,0,120,0,0,0,0,0
704812,81,0,0,0,148,0,0,0,0,0
704813,74,1,1,1,62,0,0,1,0,0
704814,70,1,1,0,121,0,0,1,0,0
704815,51,0,1,0,163,0,0,1,0,0
704816,70,0,1,0,125,0,0,0,0,0
704817,62,1,1,0,104,0,1,1,1,0
704818,70,1,0,0,143,3,1,1,0,0
704819,75,0,0,0,98,1,1,1,0,0
704820,60,0,1,0,158,0,0,1,0,1
704821,68,1,1,0,114,0,0,1,0,0
704822,74,1,0,0,172,0,1,1,0,0
704823,68,0,0,1,144,0,0,0,0,0
704824,63,1,0,1,101,0,0,0,0,0
704825,57,1,1,1,131,0,1,1,0,0
704826,60,1,0,0,131,2,0,0,0,0
704827,55,1,0,0,150,0,1,1,0,0
704828,75,0,0,0,96,1,1,0,0,0
704829,67,0,0,1,158,1,0,0,1,0
704830,55,1,0,0,108,0,1,1,0,0
704831,66,1,1,0,84,0,1,0,0,0
704832,55,1,1,0,128,0,0,0,0,0
704833,40,0,0,0,113,0,0,0,0,0
704834,77,0,0,1,136,2,0,0,0,0
704835,77,1,0,0,177,1,0,1,0,0
704836,53,0,0,0,131,0,1,1,0,0
704837,60,0,1,0,181,0,1,1,0,1
704838,68,1,0,0,191,0,0,0,0,0
704839,63,0,0,1,190,1,1,0,0,0
704840,59,1,0,0,141,1,0,0,0,0
704841,62,0,0,1,172,0,0,0,0,0
704842,64,0,0,0,172,2,0,1,0,0
704843,61,0,1,0,170,0,0,0,0,0
704844,68,1,0,0,135,0,0,1,0,0
704845,64,0,0,0,172,0,0,0,0,0
704846,59,1,0,0,163,0,0,0,0,0
704847,66,1,1,0,143,1,1,1,0,0
704848,51,0,0,0,110,0,1,1,0,0
704849,79,0,0,0,153,0,0,1,0,0
704850,51,1,0,0,148,0,0,0,0,0
704851,66,0,0,0,96,2,0,1,0,0
704852,69,0,1,1,103,0,0,0,0,0
704853,70,0,1,0,169,0,1,1,0,0
704854,69,0,0,0,129,0,1,1,1,0
704855,78,0,0,0,157,2,0,1,0,0
704856,56,0,1,0,127,0,1,1,0,0
704857,66,1,1,1,99,0,1,1,1,0
704858,68,0,0,1,116,1,0,0,1,0
704859,62,0,1,0,71,1,1,0,0,0
704860,61,0,0,0,149,1,0,1,0,0
704861,78,0,1,0,95,0,1,1,0,0
704862,60,1,0,1,194,0,0,1,0,0
704863,62,0,1,0,112,0,1,1,0,0
704864,64,1,1,0,140,1,1,1,0,0
704865,64,0,0,1,106,0,0,1,0,0
704866,68,1,1,0,93,0,1,1,0,0
704867,64,0,0,1,133,1,1,1,0,0
704868,70,1,1,0,115,0,0,1,0,0
704869,67,1,0,0,200,0,0,1,0,0
704870,71,1,1,0,127,1,1,1,0,0
704871,79,0,0,0,68,0,0,0,0,0
704872,59,1,0,0,135,1,0,1,1,0
704873,81,1,0,0,110,0,0,1,0,0
704874,62,0,0,0,121,0,0,0,0,0
704875,72,1,0,1,112,0,0,1,0,0
704876,68,1,1,1,108,0,1,1,0,0
704877,64,0,1,0,88,0,0,1,0,0
704878,49,0,0,0,141,1,0,0,0,0
704879,81,0,1,1,135,2,0,0,0,1
704880,59,1,1,1,133,0,0,1,0,0
704881,59,0,0,0,125,0,0,0,0,0
704882,76,1,0,0,179,0,0,1,0,0
704883,67,0,0,0,115,0,1,1,0,0
704884,83,0,0,0,121,1,0,1,0,0
704885,81,1,1,0,180,1,0,0,0,0
704886,73,0,0,0,143,0,1,1,0,0
704887,68,0,1,0,119,0,1,1,0,0
704888,73,1,0,1,112,0,0,0,0,0
704889,54,0,0,0,121,0,0,0,0,0
704890,68,0,1,0,126,0,1,1,0,0
704891,68,1,0,0,132,0,1,1,0,0
704892,62,1,0,0,176,0,0,1,0,0
704893,68,1,0,0,96,0,0,0,0,0
704894,53,0,0,0,138,0,0,0,0,0
704895,74,0,1,1,153,0,1,1,0,0
704896,78,1,0,1,154,0,1,1,0,0
704897,55,0,0,0,128,0,0,0,0,0
704898,68,1,1,0,114,1,0,1,0,0
704899,80,1,0,0,145,0,0,0,0,0
704900,70,0,0,0,153,0,0,1,0,0
704901,57,0,0,0,132,0,0,0,0,0
704902,57,0,1,0,124,0,1,1,0,0
704903,74,0,0,0,172,1,1,0,0,0
704904,83,0,0,0,128,0,0,0,1,0
704905,56,1,0,0,132,2,0,1,0,0
704906,67,0,1,0,173,0,1,1,0,0
704907,59,1,1,0,135,0,0,1,0,0
704908,64,0,0,1,135,0,1,1,0,0
704909,69,1,0,0,128,0,1,1,0,0
704910,66,1,0,0,178,0,1,1,0,0
704911,60,1,0,0,134,1,0,0,0,0
704912,85,0,1,0,175,0,0,1,0,0
704913,65,1,0,1,157,0,1,0,0,0
704914,65,0,0,0,137,1,0,0,0,0
704915,76,1,1,0,162,0,0,1,0,0
704916,66,0,0,0,119,0,1,1,0,0
704917,64,0,0,0,190,0,0,1,0,0
704918,75,0,0,0,114,0,1,1,0,0
704919,57,0,0,1,145,0,1,0,0,0
704920,73,1,1,1,162,1,1,1,0,0
704921,75,1,0,0,144,0,0,1,0,0
704922,72,0,0,0,170,0,1,1,0,0
704923,65,0,0,1,176,0,0,0,0,0
704924,66,0,1,0,104,0,0,1,0,0
704925,51,1,0,0,126,1,1,0,0,0
704926,65,0,0,0,150,0,0,0,0,1
704927,69,1,0,0,140,0,0,0,0,0
704928,74,1,1,1,129,0,1,1,0,0
704929,67,1,0,1,147,1,1,0,0,0
704930,63,0,1,0,113,0,0,0,0,0
704931,59,1,0,0,120,1,0,1,0,0
704932,66,0,0,0,168,0,0,0,0,0
704933,67,1,1,0,144,1,0,1,0,0
704934,77,0,0,0,175,0,1,1,1,0
704935,66,0,0,1,74,0,0,0,1,0
704936,62,1,0,0,103,1,1,1,0,0
704937,65,0,0,0,99,0,0,1,0,1
704938,62,0,1,0,142,1,0,1,0,0
704939,64,0,1,1,180,1,0,0,1,0
704940,46,0,1,0,96,0,0,0,0,0
704941,52,1,0,0,132,0,1,1,0,0
704942,56,1,0,0,173,0,0,1,0,0
704943,70,1,0,0,105,0,0,0,0,0
704944,65,0,0,0,197,0,0,0,0,0
704945,67,1,0,0,102,0,0,0,0,0
704946,77,0,0,0,111,0,0,0,0,0
704947,57,1,0,0,85,0,0,1,0,0
704948,76,1,1,0,149,1,0,1,0,0
704949,70,1,0,1,87,0,0,0,0,0
704950,60,1,0,0,136,0,0,1,0,0
704951,79,0,0,0,136,0,1,1,0,1
704952,53,1,0,0,118,0,0,0,0,0
704953,56,0,0,0,122,1,1,1,0,0
704954,64,1,0,1,123,1,1,0,0,0
704955,70,0,1,1,145,0,0,0,0,1
704956,64,0,0,0,114,0,0,0,0,0
704957,47,0,0,0,111,0,1,1,0,0
704958,64,0,0,1,102,1,0,1,0,0
704959,65,1,0,0,163,0,0,0,0,0
704960,89,0,0,0,173,0,1,0,0,0
704961,78,1,1,0,149,0,0,1,0,0
704962,67,0,0,0,90,0,1,1,0,0
704963,56,1,0,0,136,1,0,0,0,0
704964,69,0,0,0,149,0,1,1,0,0
704965,56,0,0,1,161,0,0,0,0,1
704966,68,0,0,1,134,0,0,0,0,0
704967,69,1,0,0,112,0,1,1,1,0
704968,63,1,0,0,193,0,0,0,0,0
704969,68,1,0,0,135,1,0,0,0,0
704970,63,0,1,1,113,1,1,1,0,0
704971,61,0,0,0,146,0,0,0,0,0
704972,80,1,0,1,167,0,1,1,0,0
704973,71,1,0,0,125,0,0,1,0,0
704974,63,1,1,0,150,0,0,1,0,0
704975,59,0,0,0,141,0,1,0,0,1
704976,68,0,0,1,129,1,0,0,0,0
704977,71,0,1,1,126,0,1,1,0,0
704978,74,1,0,1,143,0,1,0,0,0
704979,79,1,1,0,60,0,1,1,0,0
704980,70,1,0,0,131,0,1,1,0,0
704981,56,1,0,0,100,0,1,1,0,0
704982,84,0,0,0,104,0,0,0,0,0
704983,76,0,0,0,144,2,1,1,0,0
704984,74,0,0,0,124,0,0,0,0,0
704985,78,1,1,1,126,1,1,0,0,1
704986,53,0,0,0,132,1,0,0,0,0
704987,63,1,0,0,80,1,1,1,0,0
704988,62,0,0,0,89,0,1,0,0,0
704989,77,1,0,0,175,0,1,1,0,0
704990,56,1,0,0,106,0,0,0,0,0
704991,63,0,1,0,123,0,0,1,0,0
704992,80,0,0,0,149,1,1,1,0,0
704993,72,0,0,1,126,1,0,0,1,1
704994,63,1,1,0,131,0,1,1,0,0
704995,83,1,1,0,79,0,1,1,0,0
704996,54,0,0,0,100,0,0,0,0,0
704997,70,0,0,0,140,0,0,1,1,0
704998,64,0,0,0,139,0,1,1,0,0
704999,71,0,0,0,164,0,0,0,0,0
705000,64,0,1,1,153,0,1,0,0,0
705001,59,0,0,0,120,3,1,1,0,0
705002,68,0,0,0,137,0,0,0,0,0
705003,54,0,1,0,116,0,0,1,0,0
705004,71,0,0,0,152,0,0,1,0,0
705005,63,0,0,0,114,0,0,1,0,0
705006,74,1,1,0,147,1,0,1,0,0
705007,62,0,0,0,146,0,0,0,0,0
705008,60,1,0,0,173,0,1,1,0,0
705009,70,1,1,1,109,0,1,0,0,0
705010,77,0,0,0,134,1,0,0,0,0
705011,48,0,1,0,95,0,0,1,0,0
705012,67,0,0,0,161,1,1,1,0,0
705013,72,1,0,1,128,0,0,1,0,0
705014,53,0,0,1,116,0,0,0,0,0
705015,58,0,0,1,104,0,0,0,0,0
705016,72,1,1,1,112,1,1,1,0,0
705017,59,1,1,1,125,2,0,0,1,0
705018,60,1,0,0,125,0,1,0,0,0
705019,81,0,1,0,173,1,1,0,0,0
705020,58,1,0,0,127,0,0,1,0,0
705021,58,1,0,0,134,0,0,0,0,0
705022,46,0,0,1,78,0,0,0,1,1
705023,56,0,0,0,117,0,0,0,0,0
705024,55,0,0,0,189,0,0,0,0,0
705025,81,0,0,0,182,0,1,1,0,0
705026,77,0,0,1,72,0,0,0,0,1
705027,55,0,0,0,179,0,1,0,0,0
705028,84,0,0,0,128,1,1,1,1,0
705029,73,0,0,0,98,0,0,0,0,0
705030,64,1,0,0,151,0,0,1,0,0
705031,73,1,1,0,156,1,1,1,0,0
705032,69,0,1,0,155,0,0,1,0,0
705033,59,0,1,1,147,2,1,1,0,0
705034,50,0,0,0,178,0,1,1,0,0
705035,58,1,1,0,132,2,0,0,0,0
705036,66,0,0,0,151,0,1,1,0,0
705037,63,0,0,0,206,1,1,1,0,1
705038,60,0,0,0,138,0,1,0,0,0
705039,75,0,0,0,92,1,0,0,0,0
705040,57,0,0,0,176,0,1,1,0,0
705041,74,0,0,0,139,0,1,1,0,0
705042,62,0,1,0,102,1,0,0,0,0
705043,67,0,0,0,183,0,1,0,0,0
705044,56,1,0,0,166,0,0,1,0,0
705045,66,0,0,0,131,0,0,1,0,0
705046,59,1,0,0,142,0,0,1,0,0
705047,51,1,0,1,85,0,1,1,0,0
705048,66,1,1,0,139,0,1,1,0,0
705049,66,0,0,0,73,0,1,1,0,0
705050,73,0,0,0,100,0,1,1,0,0
705051,69,1,0,0,178,0,1,1,0,0
705052,57,0,0,0,140,0,0,0,0,0
705053,61,1,0,0,83,0,1,1,0,0
705054,44,0,1,0,116,0,0,0,0,0
705055,56,0,0,1,157,0,0,1,0,0
705056,78,0,0,0,128,0,1,1,0,0
705057,80,0,0,0,137,0,1,1,1,0
705058,73,0,0,0,128,2,1,0,1,0
705059,69,1,0,0,100,1,0,0,0,1
705060,71,1,0,0,171,0,0,1,0,0
705061,70,0,0,0,85,0,0,1,0,0
705062,51,1,0,0,125,0,1,0,0,0
705063,58,0,0,1,95,0,1,0,0,0
705064,77,0,0,1,127,1,0,0,1,0
705065,77,1,0,1,133,0,1,0,0,0
705066,68,1,0,0,128,0,0,0,0,0
705067,63,0,0,1,139,0,1,0,0,0
705068,63,1,0,0,154,0,0,0,0,0
705069,61,1,0,0,78,1,0,0,1,0
705070,58,0,0,0,135,0,1,0,1,0
705071,49,0,0,1,168,0,0,1,0,0
705072,67,1,0,1,179,1,1,0,0,0
705073,62,0,0,0,159,0,1,0,0,0
705074,64,0,0,0,96,0,1,1,0,0
705075,81,1,1,0,113,1,1,1,0,0
705076,71,1,0,0,158,1,0,0,0,0
705077,60,0,1,0,167,1,0,1,1,0
705078,71,0,0,0,122,0,1,0,0,0
705079,53,1,0,0,125,0,1,0,0,0
705080,75,1,0,0,154,1,1,1,0,0
705081,68,0,1,0,164,0,1,1,0,0
705082,64,0,0,0,121,0,0,1,0,0
705083,71,1,0,0,105,0,1,1,0,0
705084,79,0,1,0,86,0,0,1,0,0
705085,62,0,0,1,114,0,0,1,0,0
705086,57,0,0,0,89,0,1,0,0,0
705087,85,0,0,0,112,0,1,0,0,0
705088,66,1,0,0,165,0,0,0,0,0
705089,79,1,0,0,145,0,1,0,1,0
705090,60,0,0,0,119,0,0,1,0,1
705091,69,1,0,1,161,1,1,0,0,0
705092,60,0,1,1,93,1,1,0,0,0
705093,72,0,0,0,147,0,1,1,0,0
705094,64,0,0,0,117,0,0,0,1,0
705095,60,0,0,0,145,1,1,0,0,0
705096,80,0,1,0,166,0,1,0,0,0
705097,69,0,1,0,101,0,0,0,0,0
705098,48,0,0,0,151,0,0,1,0,0
705099,64,1,1,0,130,1,1,1,0,0
705100,58,1,0,0,126,0,0,0,0,0
705101,55,0,0,0,87,0,1,1,0,0
705102,61,0,0,0,131,0,0,0,0,0
705103,62,0,0,1,130,0,0,0,0,0
705104,66,0,1,0,135,2,0,1,0,0
705105,59,1,0,0,127,1,0,0,0,0
705106,49,1,0,1,102,0,1,1,0,0
705107,61,0,0,0,174,0,0,0,0,0
705108,74,1,1,0,127,0,1,1,0,0
705109,54,0,0,1,166,0,0,1,0,0
705110,72,1,0,0,124,1,0,0,0,0
705111,70,1,0,0,110,0,1,1,0,0
705112,62,1,0,0,168,1,0,1,0,0
705113,69,0,0,0,165,0,0,0,0,0
705114,59,0,0,0,122,0,0,1,0,0
705115,62,1,0,1,137,0,1,0,0,0
705116,57,1,0,0,146,0,1,0,1,0
705117,70,0,0,1,94,1,0,0,0,0
705118,78,1,0,0,119,0,1,0,0,0
705119,60,1,0,0,76,0,1,1,0,0
705120,77,1,1,1,159,3,0,1,0,0
705121,47,0,1,0,79,0,1,1,0,0
705122,58,1,0,0,127,0,0,1,0,0
705123,57,0,0,0,96,0,1,1,0,0
705124,81,1,0,0,130,1,1,0,0,0
705125,61,0,0,0,126,0,1,0,0,0
705126,73,1,0,0,118,1,1,0,0,0
705127,48,0,0,0,146,0,0,1,0,0
705128,67,0,1,0,123,0,1,1,0,0
705129,71,0,1,1,156,1,0,0,1,0
705130,66,1,0,0,140,0,1,0,0,0
705131,42,1,0,0,102,2,0,1,0,0
705132,68,1,0,0,124,0,1,1,0,0
705133,73,1,0,0,134,1,0,0,0,0
705134,78,1,0,0,155,0,1,1,0,0
705135,70,1,1,0,167,1,0,1,0,0
705136,51,0,0,1,127,0,0,1,0,0
705137,64,0,0,0,141,1,0,1,0,0
705138,74,1,0,0,132,0,1,0,0,0
705139,59,0,0,0,141,0,0,1,0,0
705140,71,1,0,1,104,0,0,0,0,0
705141,62,0,0,1,115,0,0,0,1,0
705142,67,1,0,1,155,1,0,0,0,0
705143,73,0,1,0,168,0,0,0,1,0
705144,60,0,0,1,141,0,0,0,0,0
705145,90,1,1,0,125,0,1,1,1,0
705146,67,0,0,0,146,0,1,0,0,0
705147,69,0,0,1,115,0,1,1,0,0
705148,59,1,1,1,180,0,0,1,0,0
705149,67,0,1,0,95,0,0,0,1,0
705150,64,1,0,1,140,0,0,0,0,0
705151,53,0,0,0,166,1,0,0,0,0
705152,52,1,0,0,123,0,0,0,0,0
705153,69,1,0,0,108,2,0,0,0,0
705154,65,1,0,1,118,0,1,0,0,0
705155,42,0,0,0,139,0,1,1,0,0
705156,47,0,0,0,164,0,0,1,0,0
705157,63,1,0,0,133,0,1,0,0,0
705158,65,1,0,1,146,0,0,1,0,0
705159,71,1,1,0,154,0,1,1,0,0
705160,55,1,0,0,142,0,1,0,0,0
705161,71,1,0,0,150,1,0,1,0,0
705162,63,1,1,0,148,0,1,1,0,0
705163,61,1,0,0,152,0,0,0,0,0
705164,65,1,0,0,111,0,0,1,0,0
705165,75,1,0,0,117,1,0,1,0,1
705166,71,0,0,0,114,0,0,0,0,0
705167,74,1,0,1,186,1,1,1,0,1
705168,60,0,0,0,129,0,0,1,0,0
705169,63,0,0,0,122,0,0,1,0,0
705170,56,1,0,0,166,2,0,1,0,0
705171,61,1,1,0,148,2,1,1,0,0
705172,62,0,0,1,124,0,1,1,0,0
705173,62,1,0,0,165,0,1,1,0,0
705174,72,1,1,0,109,0,1,0,0,0
705175,70,0,0,0,104,0,0,1,0,0
705176,73,0,0,0,111,0,0,1,0,0
705177,67,1,0,0,171,0,1,0,0,0
705178,76,0,0,0,134,0,0,1,0,1
705179,67,1,0,0,166,1,0,0,0,0
705180,75,1,0,0,103,0,1,1,0,0
705181,71,0,0,1,84,0,1,0,0,0
705182,73,0,0,0,141,0,0,0,0,0
705183,65,0,0,0,125,0,0,0,0,0
705184,55,0,0,0,81,1,1,1,0,0
705185,53,1,0,0,140,0,1,1,0,0
705186,84,0,0,0,190,0,0,0,0,0
705187,69,0,0,0,140,0,1,1,0,0
705188,70,1,0,0,96,0,1,1,0,0
705189,64,0,0,0,114,0,1,1,0,0
705190,62,0,0,0,112,1,1,0,0,0
705191,90,1,1,0,79,1,0,1,0,0
705192,56,1,0,0,105,0,0,1,0,0
705193,65,1,0,0,103,0,0,1,0,0
705194,66,1,0,0,121,1,0,1,0,0
705195,56,0,0,0,120,0,1,1,0,0
705196,55,0,0,0,137,1,0,0,1,0
705197,60,1,0,1,147,0,1,1,0,0
705198,63,0,0,0,145,0,1,0,0,0
705199,62,0,0,0,134,0,1,0,0,0
705200,73,0,0,0,109,0,1,1,0,0
705201,55,1,0,0,137,0,1,1,0,0
705202,70,0,1,0,139,0,0,1,0,0
705203,79,1,0,0,227,0,1,1,0,0
705204,74,0,0,0,124,0,0,1,0,0
705205,56,0,0,1,143,0,1,1,0,0
705206,40,0,1,0,153,0,0,0,0,0
705207,74,0,1,1,155,0,1,1,0,0
705208,70,0,0,0,78,0,1,0,0,0
705209,61,1,0,0,128,0,0,1,0,0
705210,78,1,0,0,93,1,1,0,0,0
705211,62,0,0,0,158,3,0,1,0,0
705212,67,0,0,0,91,0,1,1,0,0
705213,57,1,0,0,80,0,1,1,0,0
705214,69,1,0,0,108,0,0,1,0,0
705215,62,0,1,0,185,0,0,1,0,0
705216,61,0,0,0,160,0,0,0,0,0
705217,76,1,0,1,162,0,1,1,0,0
705218,68,1,0,1,117,0,0,0,0,0
705219,53,1,1,0,143,0,0,0,0,0
705220,72,1,0,0,107,0,0,1,0,0
705221,74,0,0,0,128,1,1,1,0,0
705222,59,0,0,0,164,0,0,1,0,0
705223,62,0,0,0,163,0,1,1,0,0
705224,66,0,1,1,131,0,1,1,0,0
705225,64,1,0,0,109,0,0,1,0,0
705226,67,0,0,0,120,0,0,0,0,0
705227,72,1,1,1,88,0,1,1,0,0
705228,62,1,0,1,87,2,1,0,0,0
705229,85,1,0,0,122,0,1,1,0,0
705230,60,0,0,0,145,0,0,0,0,0
705231,61,0,0,0,166,0,0,1,1,0
705232,84,1,0,1,180,0,0,1,0,1
705233,87,0,0,0,132,1,0,0,0,0
705234,66,1,0,0,153,1,1,1,0,0
705235,64,1,0,1,81,0,0,0,0,1
705236,56,0,0,0,149,0,1,1,0,0
705237,76,0,1,0,202,0,0,1,1,0
705238,68,1,1,1,153,0,1,1,0,0
705239,58,1,0,0,177,1,1,1,0,0
705240,70,0,0,0,157,0,0,1,0,0
705241,78,0,0,0,159,1,1,1,0,0
705242,72,0,1,0,167,0,0,0,1,0
705243,86,0,1,0,102,1,1,1,0,0
705244,76,0,0,0,122,0,1,0,0,0
705245,70,0,0,0,173,0,0,0,0,0
705246,66,0,0,1,115,2,1,1,0,1
705247,71,0,0,0,170,1,1,0,0,0
705248,77,0,0,0,114,0,0,1,0,0
705249,74,0,1,0,127,0,0,1,0,1
705250,75,0,1,0,113,0,1,1,0,0
705251,68,1,1,1,161,0,1,0,0,0
705252,73,0,0,0,144,0,0,0,0,0
705253,77,1,0,0,75,0,0,0,0,1
705254,65,1,0,0,102,0,1,0,0,0
705255,54,0,0,0,103,0,1,0,0,0
705256,82,1,0,0,149,0,1,0,0,0
705257,71,0,0,0,144,0,0,1,0,0
705258,62,1,0,0,83,0,0,1,0,0
705259,68,0,1,0,149,0,0,1,0,0
705260,64,1,1,0,167,1,0,0,0,0
705261,51,1,0,0,138,0,1,0,0,0
705262,64,0,0,1,151,0,1,0,0,0
705263,53,0,0,0,239,0,1,1,1,0
705264,68,1,0,0,133,1,0,1,0,0
705265,65,0,1,1,123,0,1,0,0,0
705266,76,1,1,0,149,1,1,0,1,0
705267,65,0,0,0,132,0,0,0,0,0
705268,69,0,1,0,103,0,1,1,0,0
705269,63,1,0,0,125,0,0,1,0,0
705270,63,1,0,0,102,2,1,0,1,0
705271,53,1,0,0,182,1,0,0,0,0
705272,75,1,0,0,101,1,0,0,1,0
705273,68,0,0,0,184,0,0,0,0,0
705274,61,0,0,0,116,1,1,1,0,0
705275,68,0,0,0,95,0,0,0,0,0
705276,62,0,0,0,126,0,1,0,0,0
705277,59,0,0,0,180,0,1,1,0,0
705278,68,0,1,1,138,2,0,1,0,0
705279,77,0,0,0,179,0,1,0,0,0
705280,64,0,0,0,158,0,0,1,0,0
705281,53,0,1,0,144,0,1,1,0,0
705282,60,0,0,0,117,0,1,0,0,0
705283,82,0,0,0,159,1,0,0,0,0
705284,59,1,0,0,138,0,1,1,0,0
705285,77,0,0,0,120,0,1,1,0,1
705286,64,0,0,0,132,0,0,1,0,0
705287,73,0,0,0,154,2,0,1,0,0
705288,65,0,0,0,144,0,1,1,0,0
705289,52,0,0,1,170,0,0,1,0,0
705290,62,0,0,0,198,2,0,0,0,0
705291,85,1,0,0,153,1,0,1,1,0
705292,65,0,0,0,158,1,0,0,0,0
705293,71,0,0,0,155,0,1,0,0,0
705294,63,0,1,0,150,2,0,1,0,0
705295,65,1,0,0,132,2,0,0,1,1
705296,69,0,0,0,118,0,1,1,0,0
705297,70,0,0,0,122,1,1,0,0,0
705298,86,0,0,0,109,0,1,1,0,0
705299,66,0,1,0,155,1,1,1,0,0
705300,64,1,1,0,98,0,0,0,0,0
705301,60,1,0,0,132,0,1,1,0,0
705302,54,1,0,0,111,0,0,1,0,0
705303,52,0,1,0,112,0,1,1,0,0
705304,72,0,0,0,154,0,1,1,0,0
705305,49,0,0,1,140,1,0,0,0,0
705306,79,0,0,1,161,0,1,1,0,0
705307,74,1,0,0,110,0,1,0,0,0
705308,63,0,1,0,120,0,0,1,0,0
705309,56,1,0,1,138,0,0,0,0,0
705310,66,0,0,0,154,0,1,0,0,0
705311,66,0,0,0,150,0,0,1,0,0
705312,76,0,1,0,172,0,0,1,0,0
705313,59,1,0,0,100,0,1,0,0,0
705314,63,1,0,1,130,1,0,0,0,0
705315,66,1,0,0,116,2,1,0,0,0
705316,64,1,0,0,182,0,0,1,0,0
705317,60,0,0,0,92,0,0,0,1,0
705318,51,1,0,0,109,0,0,0,0,0
705319,51,1,0,0,164,0,1,0,0,0
705320,60,1,0,1,109,0,0,0,0,0
705321,64,1,0,0,84,2,0,0,1,1
705322,75,1,0,0,174,0,0,0,1,0
705323,87,1,1,0,157,0,1,0,1,0
705324,81,1,0,0,118,0,1,0,0,0
705325,70,1,1,0,107,1,0,0,0,0
705326,83,0,0,0,129,0,1,1,0,0
705327,65,0,0,0,113,0,1,1,0,0
705328,61,1,0,0,115,0,0,0,0,0
705329,87,1,0,0,155,1,0,1,1,0
705330,56,0,1,0,112,1,0,1,0,0
705331,62,1,0,0,128,0,0,0,0,0
705332,64,0,0,0,114,0,0,0,0,0
705333,79,0,0,0,155,0,0,1,0,0
705334,61,0,0,0,130,0,1,1,0,0
705335,73,1,1,1,166,0,0,0,0,0
705336,62,0,0,0,99,1,0,1,0,0
705337,55,0,0,0,116,0,0,0,0,0
705338,68,0,1,1,127,1,1,1,0,0
705339,68,0,0,0,137,0,0,0,0,0
705340,56,1,0,0,122,0,0,0,1,0
705341,58,0,0,0,192,0,0,1,0,0
705342,59,0,0,1,118,0,0,1,0,0
705343,75,1,0,1,124,0,0,0,0,0
705344,70,1,1,0,96,0,1,1,0,0
705345,68,1,1,0,123,0,1,1,1,0
705346,70,0,0,0,195,0,0,1,0,0
705347,62,0,0,0,142,0,1,1,0,0
705348,70,0,1,1,109,1,0,1,0,0
705349,61,0,0,0,162,2,1,0,0,0
705350,54,0,0,0,124,0,1,0,0,0
705351,60,1,1,0,150,1,0,1,0,0
705352,68,1,1,0,101,0,0,1,0,0
705353,67,0,0,1,117,0,0,0,0,0
705354,76,0,1,0,175,0,1,0,0,0
705355,51,0,0,0,136,0,0,1,0,0
705356,64,1,0,1,140,0,1,1,0,0
705357,70,0,0,0,147,0,1,1,0,0
705358,57,1,0,0,160,1,0,0,0,0
705359,68,1,1,0,117,1,0,0,0,0
705360,62,0,0,1,104,0,0,1,1,0
705361,56,1,0,0,130,0,0,1,0,0
705362,76,1,1,0,160,3,0,0,1,0
705363,54,0,0,0,124,0,0,1,0,0
705364,75,0,0,0,164,1,1,1,0,0
705365,62,0,0,0,88,0,0,0,0,0
705366,58,1,0,0,115,0,1,0,0,1
705367,58,1,0,1,105,0,1,1,1,0
705368,59,0,0,1,78,0,0,0,0,0
705369,58,0,0,0,193,0,1,1,0,0
705370,68,0,0,0,131,1,0,0,0,0
705371,49,0,1,0,192,1,0,0,0,0
705372,77,1,0,0,149,0,0,0,0,0
705373,74,0,1,0,104,2,0,1,0,0
705374,79,1,1,1,172,1,0,1,0,0
705375,57,0,0,1,152,0,1,1,1,0
705376,45,0,0,0,191,0,1,1,0,0
705377,60,1,0,0,157,0,0,0,0,0
705378,65,1,0,0,129,0,0,0,0,0
705379,69,0,1,0,148,0,0,0,0,0
705380,61,0,0,0,128,0,0,1,0,0
705381,65,0,1,0,104,0,0,0,1,0
705382,67,1,0,0,124,1,0,1,0,0
705383,52,1,1,0,164,1,1,1,0,0
705384,82,0,0,1,106,1,0,1,0,0
705385,56,1,0,0,163,0,0,1,0,0
705386,68,0,1,0,171,0,1,0,0,0
705387,76,0,0,0,139,2,0,1,0,0
705388,59,0,0,1,124,0,0,0,0,0
705389,66,1,0,1,157,1,1,0,0,0
705390,81,0,1,0,120,3,0,0,0,0
705391,64,1,0,0,157,0,0,0,0,0
705392,75,0,0,0,151,0,1,1,1,0
705393,69,1,0,1,132,0,1,1,1,0
705394,68,0,1,0,120,1,0,0,0,0
705395,73,0,0,0,108,0,0,0,0,0
705396,64,0,1,0,130,0,1,0,0,0
705397,64,1,0,0,103,0,0,0,0,1
705398,75,1,0,0,131,0,0,0,0,0
705399,68,0,0,0,139,0,0,0,0,0
705400,71,0,0,1,124,0,1,1,0,0
705401,55,1,0,0,148,0,1,0,0,0
705402,66,0,0,0,162,0,0,0,0,1
705403,77,0,0,0,97,0,0,1,1,0
705404,74,0,1,1,133,1,1,0,0,0
705405,69,1,0,1,109,2,0,0,0,0
705406,61,0,0,0,115,0,1,0,0,0
705407,61,1,0,0,127,0,1,0,0,0
705408,70,1,1,0,163,1,1,1,0,0
705409,79,0,0,0,167,0,1,0,0,0
705410,67,1,0,0,117,0,0,1,0,0
705411,78,0,0,1,132,0,0,0,0,1
705412,63,0,0,0,128,0,1,1,0,0
705413,77,1,0,0,127,1,0,0,0,1
705414,57,1,1,0,180,0,0,1,0,0
705415,68,1,0,1,160,0,0,1,0,0
705416,57,0,0,0,82,0,1,1,0,0
705417,72,0,1,0,145,2,1,1,0,0
705418,71,1,1,1,153,0,1,1,1,0
705419,58,0,0,0,101,0,0,1,0,0
705420,59,0,0,0,176,0,0,0,0,0
705421,62,1,0,0,158,0,0,0,0,0
705422,53,0,0,0,181,0,1,1,0,0
705423,58,1,0,0,97,0,0,0,0,0
705424,58,1,1,1,125,0,1,1,0,0
705425,73,1,1,0,113,0,1,1,0,0
705426,79,0,0,0,114,0,0,1,0,0
705427,62,0,0,1,115,0,1,1,0,0
705428,64,1,0,0,96,1,0,1,0,0
705429,68,0,0,0,136,2,0,1,0,0
705430,61,0,0,0,90,0,0,0,0,0
705431,64,1,0,1,162,0,0,0,0,0
705432,74,0,0,0,154,0,0,1,0,0
705433,68,1,1,1,69,2,0,0,1,0
705434,65,1,0,0,110,0,1,0,0,0
705435,61,0,0,0,141,1,1,0,1,0
705436,79,1,0,1,206,0,0,0,0,0
705437,61,1,0,0,124,0,1,1,0,0
705438,67,0,1,0,174,0,1,0,0,0
705439,57,1,0,0,194,0,0,1,0,0
705440,61,0,1,0,137,0,0,1,1,0
705441,67,0,0,0,101,0,1,1,0,0
705442,63,0,0,0,99,0,0,0,0,0
705443,71,0,0,0,84,2,0,0,0,0
705444,67,1,0,0,139,0,0,0,0,0
705445,54,0,0,1,139,0,0,0,0,0
705446,45,1,0,0,113,0,1,1,0,0
705447,75,1,0,0,176,0,0,0,0,0
705448,61,0,1,0,117,0,1,1,0,0
705449,79,0,0,1,138,0,1,0,0,0
705450,66,0,0,0,161,0,0,1,0,0
705451,59,0,0,0,159,1,0,0,0,0
705452,71,0,0,0,151,0,0,1,0,0
705453,64,1,0,1,150,1,1,0,0,0
705454,66,0,0,0,143,0,1,1,0,0
705455,58,0,0,1,168,0,0,0,0,0
705456,72,0,1,0,164,0,1,1,0,0
705457,76,0,0,0,108,0,1,1,0,0
705458,61,0,0,0,148,0,1,0,0,0
705459,82,1,0,1,135,1,0,0,0,1
705460,61,1,0,1,127,0,0,0,0,0
705461,68,0,1,0,176,0,1,0,1,0
705462,51,1,0,0,139,1,1,1,0,0
705463,49,1,0,0,144,0,1,0,0,0
705464,85,0,0,1,167,1,1,1,0,0
705465,79,0,0,0,107,0,0,0,0,0
705466,76,0,0,0,119,0,1,1,0,0
705467,51,1,0,0,127,1,0,0,0,0
705468,68,1,0,1,106,0,0,0,0,0
705469,70,0,0,1,142,1,1,1,1,0
705470,67,0,1,0,108,0,0,0,0,0
705471,69,0,0,0,143,0,0,1,0,0
705472,58,0,1,1,136,0,0,1,0,0
705473,65,0,0,0,136,0,1,1,0,0
705474,56,1,0,0,149,0,0,0,0,0
705475,63,1,1,0,126,1,0,1,0,0
705476,69,0,0,0,155,1,0,0,0,0
705477,59,1,1,0,125,0,1,0,0,0
705478,64,1,1,0,135,0,0,0,0,0
705479,62,0,1,0,133,0,1,1,0,0
705480,66,0,0,0,157,0,0,1,1,0
705481,74,1,0,0,141,0,0,0,0,0
705482,68,1,0,0,110,0,1,1,0,0
705483,70,0,0,0,189,1,0,1,0,0
705484,53,0,0,0,170,0,1,1,0,0
705485,63,1,0,0,138,0,1,1,0,0
705486,73,1,0,0,154,0,0,0,1,0
705487,58,0,0,0,111,0,0,1,0,0
705488,62,0,0,1,158,0,1,1,0,0
705489,57,1,1,0,119,0,0,1,0,0
705490,78,0,0,0,155,0,1,0,1,0
705491,62,1,0,1,139,1,0,0,0,0
705492,60,0,1,0,105,1,0,0,0,0
705493,72,0,0,0,148,1,0,1,0,0
705494,76,0,1,0,134,0,1,0,1,0
705495,71,1,0,0,122,1,0,0,0,0
705496,75,0,0,0,132,1,1,1,1,0
705497,68,1,0,0,159,0,1,1,0,0
705498,65,0,0,0,141,0,1,1,0,0
705499,62,0,1,0,122,0,0,1,0,1
705500,62,1,1,0,122,2,0,1,1,0
705501,61,0,1,0,130,1,0,0,0,0
705502,69,0,0,0,91,1,0,0,0,0
705503,65,1,0,1,113,0,1,1,0,0
705504,67,1,0,0,122,1,1,1,0,0
705505,72,0,1,0,80,0,0,0,0,0
705506,66,0,0,0,188,0,0,1,1,0
705507,54,1,0,0,132,0,0,0,0,0
705508,59,1,0,0,174,0,0,1,0,0
705509,56,1,1,0,128,0,1,1,0,0
705510,49,0,0,0,134,0,1,1,0,0
705511,67,1,0,0,133,0,0,1,0,0
705512,55,0,0,0,88,0,1,1,0,0
705513,55,1,0,1,103,0,1,0,0,0
705514,56,1,0,0,149,0,0,1,0,0
705515,74,0,0,0,124,1,1,1,0,0
705516,63,1,1,0,144,0,0,0,0,0
705517,75,1,0,1,142,1,0,0,0,0
705518,65,0,0,0,97,0,1,1,0,0
705519,62,1,0,0,102,1,1,1,0,0
705520,71,0,0,0,107,0,1,0,0,0
705521,71,0,1,1,86,0,0,0,0,0
705522,67,0,1,0,101,0,0,0,0,0
705523,57,0,0,0,134,1,0,1,1,1
705524,62,0,0,0,165,0,1,0,0,0
705525,55,1,1,0,171,1,0,0,0,0
705526,64,1,0,0,151,1,0,0,0,0
705527,67,1,0,0,116,0,1,0,1,0
705528,79,1,1,0,107,0,1,0,1,0
705529,79,1,0,0,179,0,1,0,0,0
705530,72,1,0,0,141,1,1,0,0,0
705531,75,0,0,1,112,0,1,1,0,0
705532,68,1,0,0,105,0,1,1,0,0
705533,90,1,0,0,197,2,0,1,0,0
705534,80,0,0,1,153,1,1,0,0,0
705535,90,0,0,0,141,1,1,0,0,0
705536,69,1,0,0,138,0,1,0,0,0
705537,70,1,1,0,128,0,0,0,0,0
705538,75,0,0,0,160,0,0,0,0,0
705539,68,0,1,0,154,0,1,1,1,0
705540,69,0,0,1,175,1,0,0,0,1
705541,57,0,0,0,86,1,0,0,0,0
705542,74,0,0,0,154,0,0,1,0,0
705543,67,0,0,0,141,1,1,1,0,0
705544,73,1,1,0,159,0,1,1,0,0
705545,64,1,0,0,151,1,0,0,0,0
705546,50,0,0,0,79,1,1,1,0,0
705547,71,1,0,0,134,1,1,1,0,0
705548,76,0,0,0,177,0,1,1,0,0
705549,55,0,0,0,155,0,1,0,0,0
705550,57,1,0,0,109,0,0,1,0,0
705551,63,1,0,1,84,0,1,0,1,0
705552,64,0,0,0,168,2,0,0,0,0
705553,51,1,0,0,138,0,0,1,0,1
705554,82,0,1,1,148,0,0,0,0,0
705555,75,0,0,0,111,0,1,1,0,0
705556,60,0,1,0,164,0,1,1,0,0
705557,50,0,0,0,128,0,1,1,0,0
705558,69,0,0,1,129,0,0,1,1,0
705559,84,1,1,0,101,0,1,0,0,0
705560,73,0,1,0,138,0,0,0,0,0
705561,76,0,0,0,144,1,1,1,0,0
705562,58,1,0,0,107,0,0,1,0,0
705563,68,1,0,1,119,0,0,0,0,1
705564,53,1,1,0,148,0,0,1,0,0
705565,84,0,1,1,99,0,1,0,0,0
705566,71,1,0,0,144,0,0,1,1,1
705567,47,0,0,1,160,0,1,1,0,0
705568,49,0,0,1,134,0,0,0,0,0
705569,70,1,0,1,95,0,0,1,0,0
705570,67,1,0,0,132,1,1,1,0,0
705571,63,0,0,1,166,0,0,0,1,0
705572,72,1,0,0,136,0,1,0,0,0
705573,84,0,0,0,98,0,1,0,0,0
705574,69,0,0,0,157,0,1,1,0,0
705575,50,0,0,1,145,0,1,0,0,0
705576,65,1,0,1,173,0,0,1,0,0
705577,54,0,1,0,175,1,0,0,0,0
705578,59,0,0,0,155,0,0,0,0,0
705579,69,1,1,1,128,0,0,1,1,0
705580,64,0,0,1,77,1,0,0,0,1
705581,56,1,0,0,78,0,0,1,0,0
705582,66,1,0,0,130,0,1,0,0,0
705583,59,0,0,0,116,0,0,0,0,0
705584,71,0,1,0,133,1,0,0,0,0
705585,64,1,0,0,106,0,0,1,0,0
705586,69,0,0,0,106,0,1,1,0,0
705587,64,0,0,0,162,1,1,1,0,0
705588,73,1,1,0,141,0,0,1,0,0
705589,65,1,1,0,136,2,0,0,0,0
705590,66,0,0,0,179,0,0,1,0,1
705591,61,1,0,0,114,0,0,1,0,0
705592,67,1,0,1,146,0,1,1,0,0
705593,50,0,0,0,107,0,0,0,0,0
705594,90,1,0,1,122,2,0,0,1,0
705595,60,0,0,0,136,0,1,1,0,0
705596,67,1,0,0,128,0,1,1,0,0
705597,62,0,1,0,113,0,1,1,0,0
705598,62,0,0,0,125,0,1,1,0,0
705599,70,0,1,1,160,0,0,0,0,0
705600,61,1,1,0,110,1,1,0,0,0
705601,62,0,1,1,98,1,1,0,0,0
705602,53,0,1,0,177,0,0,0,0,0
705603,58,1,1,0,96,1,0,1,0,0
705604,55,0,0,0,125,0,1,0,0,0
705605,82,0,0,1,98,0,1,1,0,0
705606,54,0,0,0,107,0,0,1,0,0
705607,56,0,0,0,162,0,0,1,0,0
705608,68,0,1,0,154,0,0,0,0,0
705609,79,1,1,1,125,1,0,0,1,0
705610,51,0,0,0,176,0,0,1,0,0
705611,52,1,0,0,120,0,0,0,0,0
705612,67,1,0,0,164,0,0,0,1,0
705613,69,1,1,0,145,1,0,0,0,0
705614,53,1,0,0,163,0,0,0,0,0
705615,50,0,0,0,134,0,0,1,0,0
705616,57,0,0,0,145,0,1,0,0,0
705617,73,0,0,1,131,0,1,1,1,1
705618,65,0,1,0,63,2,0,1,0,0
705619,73,0,0,1,196,0,1,0,0,0
705620,65,0,1,0,150,0,0,0,0,0
705621,66,1,1,0,136,0,0,0,0,0
705622,71,0,0,1,131,1,0,1,0,0
705623,65,1,0,1,115,0,1,1,0,0
705624,68,1,1,0,116,0,0,1,0,0
705625,58,1,1,0,135,0,0,1,0,0
705626,60,0,0,0,159,0,0,1,0,0
705627,70,0,0,0,142,1,1,1,0,1
705628,64,0,0,0,139,0,1,1,0,0
705629,59,1,0,0,156,0,1,1,0,0
705630,72,0,0,0,114,0,1,0,0,0
705631,71,1,0,0,162,1,1,0,0,0
705632,66,1,0,0,122,0,1,1,0,0
705633,59,0,0,0,151,1,0,1,0,1
705634,74,0,0,1,117,0,0,0,0,0
705635,88,1,0,0,160,1,0,0,1,0
705636,58,0,0,0,102,0,1,1,0,0
705637,52,1,0,0,185,0,1,1,0,0
705638,59,0,0,1,121,0,1,0,0,0
705639,57,1,0,0,121,0,0,1,0,0
705640,54,0,0,1,113,0,0,1,0,0
705641,55,1,0,0,104,0,0,0,0,0
705642,73,0,0,0,126,0,0,0,0,0
705643,74,0,1,0,92,0,0,0,0,0
705644,79,1,1,0,161,1,1,1,0,0
705645,73,0,0,0,130,0,1,0,0,0
705646,61,0,0,0,75,0,0,0,0,0
705647,76,1,0,0,134,0,0,0,0,0
705648,60,0,0,0,148,1,1,1,0,0
705649,63,0,0,0,139,0,0,1,0,0
705650,55,0,1,0,118,0,1,1,0,0
705651,77,0,1,1,129,0,0,0,0,0
705652,75,1,1,0,63,0,0,1,0,0
705653,62,0,0,0,96,1,0,0,0,0
705654,63,1,0,0,71,0,1,1,0,0
705655,66,0,0,0,94,0,0,0,0,0
705656,68,0,1,0,151,0,1,1,0,0
705657,73,1,1,0,167,2,1,1,0,0
705658,66,1,0,0,174,0,1,1,0,0
705659,69,0,0,0,115,1,0,1,0,0
705660,52,1,0,0,144,0,1,1,0,0
705661,63,0,0,0,123,0,0,0,0,0
705662,50,0,0,0,143,0,1,1,0,0
705663,82,1,0,0,138,0,0,0,0,0
705664,78,0,0,0,110,0,1,1,0,0
705665,72,1,0,0,164,0,1,1,0,0
705666,76,1,0,0,119,0,1,0,0,0
705667,84,0,1,0,116,0,0,1,0,0
705668,74,0,0,1,125,1,1,0,1,0
705669,51,0,0,0,115,0,0,0,0,0
705670,64,1,0,0,85,2,0,1,0,0
705671,45,1,1,0,129,0,1,1,0,0
705672,58,1,0,1,144,1,1,0,0,0
705673,55,0,1,0,153,0,0,1,0,0
705674,66,0,0,1,124,0,1,1,0,0
705675,69,0,1,1,179,0,1,0,0,0
705676,57,0,1,0,116,0,1,1,0,0
705677,63,0,0,0,117,0,0,1,0,0
705678,68,0,1,1,67,1,0,0,0,0
705679,64,0,0,0,179,0,1,1,0,0
705680,64,1,0,0,165,0,1,1,0,0
705681,44,1,0,0,171,1,1,0,0,0
705682,62,1,0,0,90,0,1,0,0,0
705683,73,0,0,0,153,1,1,1,0,0
705684,68,1,1,0,88,0,0,0,0,0
705685,52,0,0,0,166,0,1,1,0,0
705686,63,1,0,0,130,1,0,0,0,0
705687,68,0,0,0,122,0,0,0,0,0
705688,57,0,1,0,135,1,0,1,0,0
705689,72,1,0,1,127,0,0,0,0,0
705690,58,1,0,1,177,0,0,1,0,0
705691,63,0,0,0,165,0,0,0,1,0
705692,65,1,0,0,92,0,0,1,0,0
705693,86,0,0,0,158,0,1,0,1,0
705694,63,1,1,0,65,0,0,0,0,0
705695,61,1,0,0,185,1,0,0,0,0
705696,72,0,0,0,119,0,1,0,0,0
705697,61,1,0,0,126,0,0,1,0,0
705698,67,0,0,0,132,0,0,0,0,0
705699,45,0,0,0,197,0,0,1,0,0
705700,68,1,0,0,154,1,1,1,0,0
705701,65,1,0,0,132,0,1,1,0,0
705702,54,0,0,0,150,0,0,0,0,0
705703,78,1,0,0,123,0,1,1,0,0
705704,64,0,1,0,161,0,0,1,0,0
705705,64,1,0,0,117,0,0,0,0,0
705706,54,0,1,0,122,0,1,1,0,0
705707,51,1,1,0,125,0,0,1,0,0
705708,61,0,0,0,166,0,0,0,0,0
705709,52,0,0,1,138,0,1,1,0,0
705710,70,0,0,1,127,1,1,0,0,0
705711,73,0,0,0,91,0,1,0,0,0
705712,60,0,1,1,160,1,1,0,0,0
705713,51,0,0,0,123,0,0,1,0,0
705714,62,0,1,0,141,0,0,1,0,0
705715,56,0,1,0,126,0,0,1,0,0
705716,67,1,0,0,142,0,1,1,0,0
705717,67,0,0,0,140,0,1,0,0,0
705718,62,0,1,0,87,0,0,1,0,0
705719,66,0,0,0,85,1,0,1,0,0
705720,75,0,0,0,126,1,0,0,0,0
705721,81,0,0,0,86,1,1,0,0,0
705722,61,0,0,0,152,0,1,0,0,0
705723,72,0,0,0,134,0,1,1,0,0
705724,64,0,1,0,164,0,1,1,0,0
705725,56,1,0,1,153,0,1,1,0,0
705726,77,1,0,1,151,1,1,1,0,0
705727,69,1,0,0,115,0,1,1,0,0
705728,67,1,0,0,141,0,1,1,0,0
705729,69,0,0,0,158,0,1,1,0,0
705730,64,0,0,0,161,0,1,0,0,0
705731,56,0,0,1,141,0,0,1,0,0
705732,82,0,0,0,130,1,1,1,0,0
705733,74,1,0,1,114,0,0,1,0,0
705734,68,0,1,0,124,0,0,0,0,0
705735,74,1,1,1,120,0,1,1,0,1
705736,77,0,0,0,164,0,0,1,1,0
705737,64,0,0,0,166,0,1,0,1,0
705738,71,0,1,0,128,1,0,1,0,0
705739,63,0,0,0,117,0,1,1,0,1
705740,71,0,0,0,155,1,1,1,0,0
705741,63,0,0,0,168,0,1,1,0,0
705742,88,0,1,0,151,0,0,1,0,0
705743,62,0,1,1,99,0,0,1,0,1
705744,70,0,1,0,89,0,0,0,0,0
705745,70,0,0,0,178,0,0,1,0,1
705746,63,1,0,0,159,0,1,1,0,0
705747,74,0,0,0,120,3,0,1,1,0
705748,65,1,0,0,132,0,0,1,0,0
705749,62,1,0,0,131,1,1,1,0,0
705750,66,1,1,0,135,1,1,1,0,0
705751,59,0,0,0,107,0,1,1,0,0
705752,76,1,1,0,158,0,1,1,0,0
705753,71,0,0,0,115,0,1,1,0,0
705754,74,0,1,0,102,0,1,1,0,0
705755,53,0,0,0,166,0,1,1,0,0
705756,68,0,1,0,136,0,1,1,0,0
705757,59,1,0,1,167,0,1,1,0,0
705758,66,0,0,0,142,0,1,0,0,0
705759,77,1,1,0,160,0,1,1,0,0
705760,68,1,1,0,180,1,0,1,0,0
705761,64,0,0,1,141,0,0,0,0,0
705762,76,0,0,1,163,1,0,1,0,0
705763,75,1,0,0,118,0,1,0,0,0
705764,82,1,0,1,146,0,0,1,0,0
705765,49,0,0,0,67,0,0,1,0,0
705766,69,1,0,0,130,0,0,1,0,0
705767,62,1,0,0,110,0,1,0,0,0
705768,58,0,0,0,86,0,0,0,0,0
705769,67,0,0,0,152,1,1,1,0,1
705770,55,1,0,0,134,1,0,1,0,0
705771,46,1,0,0,146,0,0,0,0,0
705772,58,1,0,0,94,0,0,0,0,0
705773,63,1,0,0,141,0,1,1,0,0
705774,82,1,0,1,193,1,1,0,0,1
705775,59,1,0,0,151,0,1,1,1,0
705776,55,0,0,0,98,0,1,0,0,0
705777,48,0,0,0,153,0,0,1,0,0
705778,62,0,1,0,138,1,1,1,0,0
705779,63,0,1,0,115,0,1,1,0,0
705780,67,0,0,0,111,0,1,1,0,0
705781,53,0,0,0,139,0,0,1,0,0
705782,59,1,0,0,75,0,1,0,1,0
705783,45,1,0,0,163,0,0,0,0,0
705784,67,1,1,0,154,0,1,1,0,0
705785,52,0,0,1,148,0,0,1,0,0
705786,41,1,0,0,154,0,0,0,0,0
705787,76,0,0,0,169,0,0,0,0,1
705788,70,1,0,1,94,0,1,1,0,0
705789,69,0,1,0,139,0,1,0,0,0
705790,69,1,0,0,150,0,1,1,0,0
705791,56,0,1,0,154,1,1,0,0,0
705792,75,0,0,0,122,1,0,0,0,1
705793,56,0,0,0,132,0,1,0,0,0
705794,83,0,0,0,154,2,1,1,1,0
705795,68,0,0,0,151,0,0,0,0,0
705796,49,0,0,0,184,0,0,1,0,0
705797,73,1,0,0,85,1,1,1,0,0
705798,83,0,0,0,135,0,0,0,0,0
705799,63,1,0,0,127,2,1,1,0,0
705800,75,0,0,0,142,0,1,1,0,0
705801,64,1,0,0,136,0,1,1,0,0
705802,60,1,0,0,116,0,1,1,0,0
705803,42,0,1,1,141,0,1,1,0,0
705804,77,1,0,0,98,0,0,0,0,1
705805,62,0,1,1,105,1,0,1,0,0
705806,69,0,1,0,105,0,0,0,0,0
705807,55,1,0,0,140,0,0,1,0,0
705808,57,0,1,0,155,0,1,1,0,0
705809,76,1,0,0,167,0,1,1,0,0
705810,62,0,0,0,97,0,0,1,0,0
705811,62,1,0,0,126,0,1,1,0,0
705812,54,0,0,0,165,1,1,0,0,0
705813,68,0,0,0,134,1,1,0,0,0
705814,73,1,0,1,172,0,0,1,0,0
705815,62,1,1,0,175,1,1,1,0,0
705816,64,0,0,0,120,0,1,1,0,0
705817,55,0,0,0,121,0,1,0,0,0
705818,78,1,1,0,136,0,0,1,0,0
705819,60,0,0,0,114,1,0,0,1,0
705820,64,0,0,0,133,1,0,1,0,1
705821,81,0,0,1,126,0,0,0,1,0
705822,64,0,0,1,184,0,1,0,0,0
705823,52,0,1,1,134,0,1,1,0,0
705824,57,1,0,0,117,0,1,1,0,0
705825,62,0,0,0,134,0,0,0,1,0
705826,82,0,1,0,141,0,1,1,0,1
705827,68,0,0,1,75,1,0,0,1,0
705828,64,0,0,0,103,0,0,0,0,1
705829,73,0,0,1,95,0,0,0,1,0
705830,77,1,0,0,128,0,1,0,0,0
705831,59,0,0,0,147,1,0,0,0,0
705832,79,0,1,1,109,0,0,1,0,0
705833,73,0,1,0,89,0,1,0,0,0
705834,70,1,0,1,152,2,0,0,1,0
705835,44,0,0,0,121,0,1,0,0,0
705836,67,0,0,0,132,1,0,1,0,0
705837,78,0,1,1,148,0,1,1,1,0
705838,63,1,0,0,160,0,1,1,0,0
705839,87,0,1,1,119,0,1,1,0,0
705840,66,1,1,0,106,0,0,1,0,0
705841,57,0,0,0,100,0,1,0,0,0
705842,71,1,0,0,107,0,1,1,0,0
705843,68,1,1,0,137,2,1,0,0,0
705844,73,1,1,0,208,0,0,0,0,0
705845,64,0,0,0,146,1,1,1,0,0
705846,78,0,0,0,117,1,0,0,0,0
705847,61,1,0,0,129,0,1,0,0,0
705848,67,1,0,0,123,0,0,0,0,1
705849,54,0,0,0,94,0,0,1,0,0
705850,59,1,0,1,133,0,0,0,1,0
705851,68,1,0,0,143,0,0,1,0,0
705852,60,0,1,0,138,0,0,0,0,0
705853,62,0,0,0,112,0,1,1,0,0
705854,64,0,0,0,133,0,1,0,0,0
705855,68,1,0,1,114,0,0,1,0,0
705856,73,1,0,1,124,1,0,0,0,0
705857,73,1,0,1,84,1,0,0,1,0
705858,75,1,0,0,154,1,0,0,0,0
705859,68,0,0,0,125,0,0,0,0,0
705860,61,0,1,1,61,0,0,0,0,0
705861,51,1,1,0,127,0,0,1,0,0
705862,63,0,1,0,152,0,1,1,0,0
705863,59,0,1,0,216,1,0,1,0,0
705864,49,0,0,0,109,0,0,0,0,1
705865,81,1,1,1,177,1,1,1,0,0
705866,49,0,0,0,107,0,0,0,0,0
705867,69,0,1,0,162,0,0,0,0,0
705868,71,0,1,0,154,0,1,0,1,0
705869,64,1,1,1,128,2,0,0,0,0
705870,89,0,0,1,103,1,0,0,0,0
705871,66,0,0,0,105,0,0,1,0,0
705872,59,0,0,1,164,1,0,0,0,0
705873,82,1,1,0,176,1,1,1,0,0
705874,59,0,0,0,127,0,0,0,0,0
705875,53,0,0,1,128,0,0,0,0,0
705876,57,1,0,1,116,0,0,0,0,0
705877,60,0,0,0,137,0,0,1,0,0
705878,66,1,1,1,120,0,1,1,0,0
705879,69,0,0,0,164,0,0,1,0,0
705880,52,1,0,0,158,0,1,1,0,0
705881,69,0,1,0,147,1,0,0,1,0
705882,86,1,1,0,107,0,1,1,0,0
705883,59,0,1,0,94,0,1,1,0,0
705884,65,1,0,0,119,0,1,0,0,0
705885,72,1,0,1,172,0,1,1,0,0
705886,77,1,0,0,155,1,0,0,0,0
705887,60,0,0,0,130,1,0,1,0,0
705888,57,0,0,0,159,0,0,1,0,0
705889,57,0,0,1,150,0,0,0,0,0
705890,76,0,1,0,110,2,0,1,0,0
705891,74,1,0,0,176,0,1,1,0,0
705892,46,1,1,0,165,0,0,1,0,0
705893,46,0,0,1,102,0,0,0,0,0
705894,55,0,0,0,125,1,0,0,0,0
705895,52,0,0,0,158,0,1,1,0,0
705896,70,0,0,0,180,1,0,1,1,0
705897,68,1,0,0,171,0,1,1,0,0
705898,84,1,0,0,108,2,0,1,0,0
705899,73,1,1,0,120,0,1,1,0,0
705900,67,1,0,1,169,1,1,0,0,0
705901,77,0,0,0,115,1,1,0,0,0
705902,58,1,0,0,142,0,0,0,0,0
705903,53,0,0,0,125,0,0,0,0,1
705904,66,0,0,0,151,0,1,1,0,0
705905,74,0,0,1,97,0,0,0,0,0
705906,51,0,1,0,98,1,0,1,0,0
705907,74,0,0,0,107,1,1,1,0,0
705908,74,0,0,0,190,0,0,1,1,0
705909,61,1,0,0,189,0,0,0,0,0
705910,67,0,0,1,185,0,1,1,0,0
705911,63,1,0,0,118,0,0,1,0,0
705912,67,1,0,0,108,1,1,1,0,0
705913,73,0,1,0,146,1,0,1,0,0
705914,58,0,0,0,126,0,0,1,0,0
705915,75,1,0,0,103,0,1,0,0,0
705916,74,0,1,1,149,0,0,0,0,0
705917,74,0,0,0,105,0,1,1,0,0
705918,48,0,0,1,166,0,0,0,0,0
705919,49,0,1,0,141,0,0,0,1,0
705920,72,1,0,0,124,2,1,1,0,0
705921,60,1,0,0,97,0,1,1,0,0
705922,59,0,0,0,133,0,0,0,0,0
705923,59,0,0,0,134,0,0,1,1,0
705924,54,1,0,0,152,1,0,0,0,0
705925,63,1,0,0,137,1,0,0,0,0
705926,59,0,0,0,133,0,0,1,0,0
705927,60,0,0,0,97,0,0,0,0,0
705928,70,0,1,0,117,1,1,1,0,0
705929,55,1,0,0,135,0,0,0,0,0
705930,76,0,0,1,146,0,1,0,1,0
705931,45,1,0,0,126,0,0,1,0,0
705932,89,1,1,0,93,0,1,1,0,0
705933,53,0,1,1,103,0,0,1,0,0
705934,71,0,0,1,120,1,1,0,0,1
705935,74,1,0,0,150,0,1,0,0,0
705936,66,0,0,0,125,0,0,0,0,0
705937,73,0,1,0,103,0,1,1,0,0
705938,65,1,1,0,130,0,0,0,0,0
705939,50,0,0,0,129,0,0,1,0,0
705940,69,1,0,0,172,0,1,1,1,0
705941,76,0,1,0,133,2,0,0,0,0
705942,61,1,0,0,118,0,0,0,0,0
705943,50,0,0,0,133,1,0,0,0,0
705944,60,0,0,1,147,0,0,1,0,0
705945,69,0,0,0,81,0,1,1,0,0
705946,69,1,0,0,122,1,0,1,0,0
705947,76,1,0,1,104,1,0,1,0,0
705948,71,1,0,0,116,0,1,1,0,0
705949,70,0,0,1,123,1,1,1,0,0
705950,47,1,0,0,172,0,1,1,0,0
705951,86,1,0,0,154,0,1,1,0,0
705952,66,0,1,1,142,2,0,0,1,0
705953,74,1,1,0,104,0,1,1,0,0
705954,63,0,1,0,142,1,0,1,0,0
705955,64,0,1,0,149,1,0,1,0,0
705956,66,0,0,1,90,1,1,1,0,0
705957,80,0,0,1,86,0,0,0,0,0
705958,80,0,1,0,169,0,1,1,0,0
705959,71,1,0,0,163,0,0,0,1,0
705960,84,1,0,1,135,2,0,0,0,0
705961,62,0,0,0,162,0,0,1,0,0
705962,71,1,0,1,160,2,0,0,1,0
705963,62,0,0,0,200,0,0,1,1,0
705964,78,0,1,0,60,1,0,1,0,0
705965,66,1,0,0,143,0,0,0,0,0
705966,75,0,0,0,166,0,0,1,0,0
705967,82,0,1,1,143,0,0,1,1,0
705968,47,1,1,0,115,1,1,1,0,0
705969,86,0,1,0,97,0,0,0,1,0
705970,69,0,0,0,171,0,0,0,1,0
705971,63,1,0,0,191,0,1,1,0,0
705972,48,0,1,1,79,0,0,1,0,0
705973,63,1,0,1,103,1,1,1,0,0
705974,45,0,0,1,151,0,0,0,0,0
705975,67,1,0,1,157,0,1,1,0,0
705976,64,0,0,1,118,1,0,0,0,0
705977,83,0,0,0,94,3,1,0,0,0
705978,63,1,0,0,164,2,0,1,0,0
705979,76,1,0,0,171,0,0,0,0,0
705980,77,1,1,0,81,0,0,1,1,0
705981,85,0,1,0,135,1,1,0,0,0
705982,64,1,0,0,147,0,0,1,0,0
705983,73,1,0,0,132,1,1,0,0,0
705984,52,0,1,0,171,0,0,1,0,0
705985,56,1,0,0,142,0,1,1,0,0
705986,63,1,1,0,148,0,0,0,0,0
705987,66,1,1,1,141,2,0,1,0,0
705988,55,0,0,0,94,2,1,1,0,0
705989,62,0,1,0,196,1,0,0,0,0
705990,72,0,0,0,118,1,0,1,0,1
705991,62,0,0,1,134,0,0,1,0,0
705992,64,0,0,0,170,0,1,0,0,0
705993,58,1,1,1,154,1,1,1,0,0
705994,79,1,0,0,129,0,1,0,0,0
705995,82,0,0,0,73,0,1,1,0,0
705996,68,1,0,1,135,0,0,1,0,0
705997,65,1,0,0,166,0,0,0,0,0
705998,81,0,1,1,129,0,1,0,1,0
705999,70,1,0,0,93,0,1,1,0,0
706000,60,0,1,0,169,1,0,1,0,0
